{
  "auc": 0.9194341911242144,
  "acc": 0.8484141791044776,
  "rmse": 0.3344060566998475
}