{
  "auc": 0.9060101169968511,
  "acc": 0.8302238805970149,
  "rmse": 0.3485492103844885
}