{
  "auc": 0.9149137195092709,
  "acc": 0.8549440298507462,
  "rmse": 0.34505371477233227,
  "doa_all": 0.9176797233837807
}