{
  "auc": 0.8901907540965778,
  "acc": 0.8115671641791045,
  "rmse": 0.36733535062532546
}