{
  "1": {
    "loss_main": 3.5915629863739014,
    "auc": 0.4078721742507211,
    "acc": 0.5265858208955224,
    "rmse": 0.5023415098244179
  },
  "2": {
    "loss_main": 0.6934903860092163,
    "auc": 0.43230026135862853,
    "acc": 0.5265858208955224,
    "rmse": 0.500251676875959
  },
  "3": {
    "loss_main": 0.6921354532241821,
    "auc": 0.4457028540013177,
    "acc": 0.5265858208955224,
    "rmse": 0.49930803279618835
  },
  "4": {
    "loss_main": 0.6929877400398254,
    "auc": 0.4554376993459489,
    "acc": 0.5265858208955224,
    "rmse": 0.4992965727130546
  },
  "5": {
    "loss_main": 0.6921128034591675,
    "auc": 0.4780131508331625,
    "acc": 0.5265858208955224,
    "rmse": 0.4993041531099948
  },
  "6": {
    "loss_main": 0.6920689940452576,
    "auc": 0.47875970277546276,
    "acc": 0.5265858208955224,
    "rmse": 0.4992928720050253
  },
  "7": {
    "loss_main": 0.6930891871452332,
    "auc": 0.5007277899706353,
    "acc": 0.5265858208955224,
    "rmse": 0.49937656397568647
  },
  "8": {
    "loss_main": 0.6916211247444153,
    "auc": 0.5512494164154162,
    "acc": 0.5265858208955224,
    "rmse": 0.4996528612528079
  },
  "9": {
    "loss_main": 0.6927942037582397,
    "auc": 0.634919083543133,
    "acc": 0.5265858208955224,
    "rmse": 0.49926932411541436
  },
  "10": {
    "loss_main": 0.692655622959137,
    "auc": 0.6649129313617264,
    "acc": 0.5265858208955224,
    "rmse": 0.5064331394531804
  },
  "11": {
    "loss_main": 0.6927745342254639,
    "auc": 0.6975674885573789,
    "acc": 0.5265858208955224,
    "rmse": 0.5002318679100933
  },
  "12": {
    "loss_main": 0.6910510659217834,
    "auc": 0.7138594248364872,
    "acc": 0.5265858208955224,
    "rmse": 0.49840594045285125
  },
  "13": {
    "loss_main": 0.6894612312316895,
    "auc": 0.7235689633356168,
    "acc": 0.5265858208955224,
    "rmse": 0.4981372377287585
  },
  "14": {
    "loss_main": 0.6868692636489868,
    "auc": 0.7290967637780502,
    "acc": 0.5265858208955224,
    "rmse": 0.49574622048819134
  },
  "15": {
    "loss_main": 0.6814571022987366,
    "auc": 0.7363157596198737,
    "acc": 0.5265858208955224,
    "rmse": 0.4952234157993125
  },
  "16": {
    "loss_main": 0.674645721912384,
    "auc": 0.7478822969889217,
    "acc": 0.5265858208955224,
    "rmse": 0.4943848108362248
  },
  "17": {
    "loss_main": 0.6638059020042419,
    "auc": 0.762472129745579,
    "acc": 0.5265858208955224,
    "rmse": 0.48817204589371904
  },
  "18": {
    "loss_main": 0.6497610211372375,
    "auc": 0.7767656978798972,
    "acc": 0.6921641791044776,
    "rmse": 0.47688060837193785
  },
  "19": {
    "loss_main": 0.6290624737739563,
    "auc": 0.7897018591804946,
    "acc": 0.7196828358208955,
    "rmse": 0.4669966808758642
  },
  "20": {
    "loss_main": 0.6009350419044495,
    "auc": 0.8050046468604241,
    "acc": 0.7458022388059702,
    "rmse": 0.45650660732121234
  },
  "21": {
    "loss_main": 0.5748417973518372,
    "auc": 0.8223398360290941,
    "acc": 0.7546641791044776,
    "rmse": 0.4430106047379262
  },
  "22": {
    "loss_main": 0.5413759350776672,
    "auc": 0.8408277956428593,
    "acc": 0.7756529850746269,
    "rmse": 0.4289484778012054
  },
  "23": {
    "loss_main": 0.5048650503158569,
    "auc": 0.8588558687883693,
    "acc": 0.7817164179104478,
    "rmse": 0.4121718336747616
  },
  "24": {
    "loss_main": 0.47029563784599304,
    "auc": 0.8737773084860834,
    "acc": 0.7877798507462687,
    "rmse": 0.4001274732783206
  },
  "25": {
    "loss_main": 0.4364708960056305,
    "auc": 0.8828576664470498,
    "acc": 0.8027052238805971,
    "rmse": 0.38599096074663025
  },
  "26": {
    "loss_main": 0.41043153405189514,
    "auc": 0.8874779110508012,
    "acc": 0.8073694029850746,
    "rmse": 0.3790311509178725
  },
  "27": {
    "loss_main": 0.39300429821014404,
    "auc": 0.8897921784394404,
    "acc": 0.8120335820895522,
    "rmse": 0.3745377990315587
  },
  "28": {
    "loss_main": 0.37515974044799805,
    "auc": 0.8911517668977734,
    "acc": 0.8106343283582089,
    "rmse": 0.3679598132949548
  },
  "29": {
    "loss_main": 0.3632195293903351,
    "auc": 0.8919860201494849,
    "acc": 0.8134328358208955,
    "rmse": 0.36619893372253903
  },
  "30": {
    "loss_main": 0.35336217284202576,
    "auc": 0.892569822895714,
    "acc": 0.8152985074626866,
    "rmse": 0.36390579027054326
  },
  "31": {
    "loss_main": 0.34753966331481934,
    "auc": 0.8930209828655203,
    "acc": 0.8176305970149254,
    "rmse": 0.36251440430665804
  },
  "32": {
    "loss_main": 0.33613061904907227,
    "auc": 0.8936065309114392,
    "acc": 0.8190298507462687,
    "rmse": 0.3621517588677382
  },
  "33": {
    "loss_main": 0.3316483497619629,
    "auc": 0.8942060413548761,
    "acc": 0.8185634328358209,
    "rmse": 0.3604745629101932
  },
  "34": {
    "loss_main": 0.3264744281768799,
    "auc": 0.8944704542578767,
    "acc": 0.8222947761194029,
    "rmse": 0.3599768864311269
  },
  "35": {
    "loss_main": 0.31738337874412537,
    "auc": 0.8948443847164106,
    "acc": 0.8250932835820896,
    "rmse": 0.3609777452895113
  },
  "36": {
    "loss_main": 0.3130088150501251,
    "auc": 0.8952348955219973,
    "acc": 0.8194962686567164,
    "rmse": 0.3603812104721102
  },
  "37": {
    "loss_main": 0.3101855516433716,
    "auc": 0.8954652750810473,
    "acc": 0.8246268656716418,
    "rmse": 0.3586722011809797
  },
  "38": {
    "loss_main": 0.3010813891887665,
    "auc": 0.8956904187410281,
    "acc": 0.8292910447761194,
    "rmse": 0.35857258237640627
  },
  "39": {
    "loss_main": 0.29879114031791687,
    "auc": 0.8959600675430979,
    "acc": 0.8311567164179104,
    "rmse": 0.35808786765587813
  },
  "40": {
    "loss_main": 0.29237669706344604,
    "auc": 0.8961625223071117,
    "acc": 0.8194962686567164,
    "rmse": 0.3612883056144363
  },
  "41": {
    "loss_main": 0.2897663414478302,
    "auc": 0.8963030189321385,
    "acc": 0.8302238805970149,
    "rmse": 0.35751354105186867
  },
  "42": {
    "loss_main": 0.28428617119789124,
    "auc": 0.8964941292481685,
    "acc": 0.8227611940298507,
    "rmse": 0.3597010708857915
  },
  "43": {
    "loss_main": 0.2811446189880371,
    "auc": 0.8965011104469276,
    "acc": 0.8311567164179104,
    "rmse": 0.35737269745919226
  },
  "44": {
    "loss_main": 0.27794140577316284,
    "auc": 0.8965665591852942,
    "acc": 0.8283582089552238,
    "rmse": 0.36047123521626884
  },
  "45": {
    "loss_main": 0.2720823287963867,
    "auc": 0.8964836574500299,
    "acc": 0.8316231343283582,
    "rmse": 0.35740476056591003
  },
  "46": {
    "loss_main": 0.26868459582328796,
    "auc": 0.8964945655730909,
    "acc": 0.8297574626865671,
    "rmse": 0.3587198920691606
  },
  "47": {
    "loss_main": 0.2639448046684265,
    "auc": 0.8964400249577856,
    "acc": 0.8330223880597015,
    "rmse": 0.357577326588055
  },
  "48": {
    "loss_main": 0.2581617832183838,
    "auc": 0.8964164634119736,
    "acc": 0.8311567164179104,
    "rmse": 0.3595388495061937
  },
  "49": {
    "loss_main": 0.2570488452911377,
    "auc": 0.896289929184465,
    "acc": 0.832089552238806,
    "rmse": 0.3574994737781307
  },
  "50": {
    "loss_main": 0.2504315972328186,
    "auc": 0.8961249983637817,
    "acc": 0.8264925373134329,
    "rmse": 0.35964443638360544
  },
  "51": {
    "loss_main": 0.24980854988098145,
    "auc": 0.895929524798527,
    "acc": 0.8297574626865671,
    "rmse": 0.35891538752016516
  },
  "52": {
    "loss_main": 0.24269410967826843,
    "auc": 0.8957781200504391,
    "acc": 0.8283582089552238,
    "rmse": 0.35976357806324455
  },
  "53": {
    "loss_main": 0.23808498680591583,
    "auc": 0.8955254879203446,
    "acc": 0.8316231343283582,
    "rmse": 0.35962545955205627
  },
  "54": {
    "loss_main": 0.23608723282814026,
    "auc": 0.8953723378725669,
    "acc": 0.8334888059701493,
    "rmse": 0.3601018976337399
  }
}