{
  "1": {
    "loss_main": 0.689905047416687,
    "auc": 0.7212915435167351,
    "acc": 0.6628648714118455,
    "rmse": 0.4575453418140239
  },
  "2": {
    "loss_main": 0.5365946292877197,
    "auc": 0.7453420925216637,
    "acc": 0.7226573539505027,
    "rmse": 0.4350110851168919
  },
  "3": {
    "loss_main": 0.4831382930278778,
    "auc": 0.7518559993806991,
    "acc": 0.7212644838305947,
    "rmse": 0.4356496715263775
  },
  "4": {
    "loss_main": 0.4590356945991516,
    "auc": 0.7532276908215416,
    "acc": 0.7193265775768097,
    "rmse": 0.4349587065729861
  },
  "5": {
    "loss_main": 0.4439752399921417,
    "auc": 0.7532388396289162,
    "acc": 0.7193669506237635,
    "rmse": 0.43610818044254157
  },
  "6": {
    "loss_main": 0.4343879520893097,
    "auc": 0.7526199063824963,
    "acc": 0.7208809398845331,
    "rmse": 0.43824090550958805
  },
  "7": {
    "loss_main": 0.42615798115730286,
    "auc": 0.752238693904769,
    "acc": 0.7094553675965926,
    "rmse": 0.4437952629699107
  },
  "8": {
    "loss_main": 0.41957414150238037,
    "auc": 0.7516797572135059,
    "acc": 0.7199321732811175,
    "rmse": 0.438485398235377
  },
  "9": {
    "loss_main": 0.4139123857021332,
    "auc": 0.751330931151247,
    "acc": 0.7108280511930235,
    "rmse": 0.44363206720083836
  },
  "10": {
    "loss_main": 0.40952619910240173,
    "auc": 0.7510331049714956,
    "acc": 0.7231822035609028,
    "rmse": 0.4427803897185661
  },
  "11": {
    "loss_main": 0.40511590242385864,
    "auc": 0.7503701377280567,
    "acc": 0.6949614437401591,
    "rmse": 0.44999759991323657
  },
  "12": {
    "loss_main": 0.4013732671737671,
    "auc": 0.7501658267987671,
    "acc": 0.7267148451693649,
    "rmse": 0.44245979026712384
  },
  "13": {
    "loss_main": 0.3979887068271637,
    "auc": 0.7496885409568727,
    "acc": 0.7201744115628407,
    "rmse": 0.4442107642627011
  },
  "14": {
    "loss_main": 0.39398130774497986,
    "auc": 0.7491173820676569,
    "acc": 0.7239896644999798,
    "rmse": 0.4457581782796892
  },
  "15": {
    "loss_main": 0.39014482498168945,
    "auc": 0.74864485287179,
    "acc": 0.7263716742702572,
    "rmse": 0.44509400478517247
  }
}