{
  "1": {
    "loss_main": 0.636293888092041,
    "auc": 0.677162301588115,
    "acc": 0.7074622310392187,
    "rmse": 0.44597836954753595
  },
  "2": {
    "loss_main": 0.6037769913673401,
    "auc": 0.6847749476896479,
    "acc": 0.7089119487257745,
    "rmse": 0.4439130342549858
  },
  "3": {
    "loss_main": 0.5991302728652954,
    "auc": 0.6890084915360581,
    "acc": 0.7082252403479322,
    "rmse": 0.44355111030402666
  },
  "4": {
    "loss_main": 0.5963700413703918,
    "auc": 0.6881843889370353,
    "acc": 0.7095986571036167,
    "rmse": 0.4431593187329602
  },
  "5": {
    "loss_main": 0.5923886895179749,
    "auc": 0.6891712306147693,
    "acc": 0.7099801617579734,
    "rmse": 0.44430940989021966
  },
  "6": {
    "loss_main": 0.59078049659729,
    "auc": 0.6908555425759875,
    "acc": 0.7112772775827865,
    "rmse": 0.44213388609968574
  },
  "7": {
    "loss_main": 0.5886746644973755,
    "auc": 0.6941446268684481,
    "acc": 0.7079200366244468,
    "rmse": 0.44225744024566094
  },
  "8": {
    "loss_main": 0.5858429670333862,
    "auc": 0.6939015075653464,
    "acc": 0.7076911338318328,
    "rmse": 0.44244020607620954
  },
  "9": {
    "loss_main": 0.5837220549583435,
    "auc": 0.6923099034689177,
    "acc": 0.7105524187395086,
    "rmse": 0.44274560734030727
  },
  "10": {
    "loss_main": 0.5797535181045532,
    "auc": 0.6929735850899811,
    "acc": 0.7117350831680147,
    "rmse": 0.44206308764636126
  },
  "11": {
    "loss_main": 0.5793381333351135,
    "auc": 0.6916435804415587,
    "acc": 0.7102472150160232,
    "rmse": 0.4421747320373969
  },
  "12": {
    "loss_main": 0.5795435309410095,
    "auc": 0.6911996980946965,
    "acc": 0.7066229207996337,
    "rmse": 0.44613239034130553
  },
  "13": {
    "loss_main": 0.5784652829170227,
    "auc": 0.6907000293761884,
    "acc": 0.7106668701358156,
    "rmse": 0.44299363498657457
  },
  "14": {
    "loss_main": 0.5737099051475525,
    "auc": 0.6922641654335847,
    "acc": 0.7112009766519152,
    "rmse": 0.4428705385787159
  },
  "15": {
    "loss_main": 0.5706265568733215,
    "auc": 0.6921497249701165,
    "acc": 0.709674958034488,
    "rmse": 0.44447658115502453
  },
  "16": {
    "loss_main": 0.5695282816886902,
    "auc": 0.6922673338279175,
    "acc": 0.7075385319700901,
    "rmse": 0.44381816165902965
  },
  "17": {
    "loss_main": 0.5662869215011597,
    "auc": 0.6917885312492299,
    "acc": 0.7087974973294674,
    "rmse": 0.44415163682423225
  }
}