{
  "1": {
    "loss_main": 0.6217343211174011,
    "auc": 0.831853507709021,
    "acc": 0.7807835820895522,
    "rmse": 0.42430894360054167
  },
  "2": {
    "loss_main": 0.4984547793865204,
    "auc": 0.8536121673003803,
    "acc": 0.7882462686567164,
    "rmse": 0.3973767428064422
  },
  "3": {
    "loss_main": 0.44846898317337036,
    "auc": 0.8594653128873662,
    "acc": 0.7938432835820896,
    "rmse": 0.38874446248590694
  },
  "4": {
    "loss_main": 0.42405056953430176,
    "auc": 0.8639082717029486,
    "acc": 0.7966417910447762,
    "rmse": 0.38450879272829563
  },
  "5": {
    "loss_main": 0.4092177450656891,
    "auc": 0.8678846502040418,
    "acc": 0.7975746268656716,
    "rmse": 0.38115238753642783
  },
  "6": {
    "loss_main": 0.39883434772491455,
    "auc": 0.8710671457819747,
    "acc": 0.7985074626865671,
    "rmse": 0.3784257654186733
  },
  "7": {
    "loss_main": 0.38984134793281555,
    "auc": 0.8736751208234098,
    "acc": 0.8050373134328358,
    "rmse": 0.3763483958361036
  },
  "8": {
    "loss_main": 0.38186535239219666,
    "auc": 0.8761577459296089,
    "acc": 0.808768656716418,
    "rmse": 0.3739221301215611
  },
  "9": {
    "loss_main": 0.3752906322479248,
    "auc": 0.878125043524283,
    "acc": 0.8106343283582089,
    "rmse": 0.3722187857366434
  },
  "10": {
    "loss_main": 0.36933860182762146,
    "auc": 0.8797406649117677,
    "acc": 0.8106343283582089,
    "rmse": 0.3708349831505126
  },
  "11": {
    "loss_main": 0.36305293440818787,
    "auc": 0.8812413821919526,
    "acc": 0.8134328358208955,
    "rmse": 0.3692932418925368
  },
  "12": {
    "loss_main": 0.35650452971458435,
    "auc": 0.8829579799161548,
    "acc": 0.8125,
    "rmse": 0.3673337279996696
  },
  "13": {
    "loss_main": 0.35107722878456116,
    "auc": 0.8842567445229043,
    "acc": 0.8152985074626866,
    "rmse": 0.36599487034142136
  },
  "14": {
    "loss_main": 0.3449922502040863,
    "auc": 0.8856007743840444,
    "acc": 0.8152985074626866,
    "rmse": 0.36462663892862157
  },
  "15": {
    "loss_main": 0.3381217122077942,
    "auc": 0.886063872755888,
    "acc": 0.8171641791044776,
    "rmse": 0.3639641772264868
  },
  "16": {
    "loss_main": 0.3306686580181122,
    "auc": 0.8876168191757545,
    "acc": 0.8199626865671642,
    "rmse": 0.3626178097845424
  },
  "17": {
    "loss_main": 0.3228633403778076,
    "auc": 0.8893891279822839,
    "acc": 0.8199626865671642,
    "rmse": 0.36088522495362496
  },
  "18": {
    "loss_main": 0.314616858959198,
    "auc": 0.8905625426537975,
    "acc": 0.8208955223880597,
    "rmse": 0.35941413997968136
  },
  "19": {
    "loss_main": 0.30611488223075867,
    "auc": 0.8913041964372764,
    "acc": 0.8208955223880597,
    "rmse": 0.3585167047846368
  },
  "20": {
    "loss_main": 0.2954423725605011,
    "auc": 0.8934351453362861,
    "acc": 0.8255597014925373,
    "rmse": 0.35593869511350923
  },
  "21": {
    "loss_main": 0.2845241129398346,
    "auc": 0.8943891976211369,
    "acc": 0.8236940298507462,
    "rmse": 0.3549562259670773
  },
  "22": {
    "loss_main": 0.27271005511283875,
    "auc": 0.8958098302204767,
    "acc": 0.8292910447761194,
    "rmse": 0.35280483931881956
  },
  "23": {
    "loss_main": 0.26028427481651306,
    "auc": 0.897265282246271,
    "acc": 0.8339552238805971,
    "rmse": 0.3510458222472466
  },
  "24": {
    "loss_main": 0.2475767731666565,
    "auc": 0.8987555536985196,
    "acc": 0.8330223880597015,
    "rmse": 0.34880906679862667
  },
  "25": {
    "loss_main": 0.23444786667823792,
    "auc": 0.899486761654062,
    "acc": 0.832089552238806,
    "rmse": 0.3477627666044154
  },
  "26": {
    "loss_main": 0.2206701934337616,
    "auc": 0.9000438724773325,
    "acc": 0.8339552238805971,
    "rmse": 0.34682809581327684
  },
  "27": {
    "loss_main": 0.20710234344005585,
    "auc": 0.9011023830415466,
    "acc": 0.8395522388059702,
    "rmse": 0.34539417966520447
  },
  "28": {
    "loss_main": 0.1934422254562378,
    "auc": 0.9017952896279893,
    "acc": 0.8404850746268657,
    "rmse": 0.34449338726540274
  },
  "29": {
    "loss_main": 0.18028827011585236,
    "auc": 0.9022670928564465,
    "acc": 0.8460820895522388,
    "rmse": 0.3439154876827117
  },
  "30": {
    "loss_main": 0.1669151932001114,
    "auc": 0.9025717628379224,
    "acc": 0.8414179104477612,
    "rmse": 0.34388995572649467
  },
  "31": {
    "loss_main": 0.1541326344013214,
    "auc": 0.9024986420423683,
    "acc": 0.8423507462686567,
    "rmse": 0.343966307641022
  },
  "32": {
    "loss_main": 0.141926109790802,
    "auc": 0.9027946071672307,
    "acc": 0.8395522388059702,
    "rmse": 0.34375989422863884
  },
  "33": {
    "loss_main": 0.13047458231449127,
    "auc": 0.9029965598406663,
    "acc": 0.8414179104477612,
    "rmse": 0.3437101817911231
  },
  "34": {
    "loss_main": 0.11949717998504639,
    "auc": 0.9032890430228833,
    "acc": 0.8432835820895522,
    "rmse": 0.3437966835227058
  },
  "35": {
    "loss_main": 0.10884524136781693,
    "auc": 0.9032368138832017,
    "acc": 0.8442164179104478,
    "rmse": 0.3444131934384404
  },
  "36": {
    "loss_main": 0.09915057569742203,
    "auc": 0.9033569409044693,
    "acc": 0.8404850746268657,
    "rmse": 0.3446831824481002
  },
  "37": {
    "loss_main": 0.09010141342878342,
    "auc": 0.9030627167509298,
    "acc": 0.8414179104477612,
    "rmse": 0.3451275856856574
  },
  "38": {
    "loss_main": 0.08176350593566895,
    "auc": 0.9026483655761224,
    "acc": 0.8376865671641791,
    "rmse": 0.3464782021885479
  },
  "39": {
    "loss_main": 0.07371595501899719,
    "auc": 0.9023280268527417,
    "acc": 0.8404850746268657,
    "rmse": 0.3475414472328563
  },
  "40": {
    "loss_main": 0.066663458943367,
    "auc": 0.9022270505160238,
    "acc": 0.8404850746268657,
    "rmse": 0.3483436090187259
  },
  "41": {
    "loss_main": 0.060094453394412994,
    "auc": 0.9016386022089445,
    "acc": 0.8395522388059702,
    "rmse": 0.34957386880792685
  },
  "42": {
    "loss_main": 0.054206524044275284,
    "auc": 0.901379197481859,
    "acc": 0.8395522388059702,
    "rmse": 0.35063483447122157
  },
  "43": {
    "loss_main": 0.0488516204059124,
    "auc": 0.9013548238833411,
    "acc": 0.8386194029850746,
    "rmse": 0.3514810255797898
  },
  "44": {
    "loss_main": 0.04375558719038963,
    "auc": 0.9009230629953062,
    "acc": 0.8367537313432836,
    "rmse": 0.3527422290489458
  },
  "45": {
    "loss_main": 0.039278820157051086,
    "auc": 0.9006619172968984,
    "acc": 0.835820895522388,
    "rmse": 0.35366468290377245
  },
  "46": {
    "loss_main": 0.03538728505373001,
    "auc": 0.9000717280184961,
    "acc": 0.835820895522388,
    "rmse": 0.3550026531187501
  }
}