{
  "auc": 0.7958419014735828,
  "acc": 0.7450643950098914,
  "rmse": 0.4205356636515926
}