{
  "auc": 0.7717053979724591,
  "acc": 0.7312769994751503,
  "rmse": 0.4244465415001738,
  "doa_all": 0.7375672760208987
}