{
  "auc": [
    0.7707604587012757,
    0.7715969664108517,
    0.7745867597500015,
    0.7712359890380478,
    0.7703468159621184
  ],
  "acc": [
    0.7311558803342888,
    0.7322459526020428,
    0.7329524809237353,
    0.7350720658888126,
    0.7249586176268723
  ],
  "rmse": [
    0.4260858093965446,
    0.4236909670768807,
    0.42214210319832074,
    0.423058439397859,
    0.42725538843126376
  ],
  "doa_all": [
    0.739510679209645,
    0.7412482094482908,
    0.733482523255591,
    0.7343443759561398,
    0.7392505922348274
  ]
}