{
  "auc": [
    0.743357360620259,
    0.7448189765603619,
    0.7481698626733126,
    0.745202381527829,
    0.7444860819542312
  ],
  "acc": [
    0.700754975978037,
    0.7074367152488998,
    0.7098994711130849,
    0.7094755541200695,
    0.7096572328313617
  ],
  "rmse": [
    0.4428466319065162,
    0.4402785454214218,
    0.43796269608939703,
    0.4391181516843583,
    0.4409463900745237
  ]
}