{
  "auc": 0.7452069326671987,
  "acc": 0.7074447898582906,
  "rmse": 0.44023048303524337
}