{
  "1": {
    "loss_main": 4.436863422393799,
    "auc": 0.6129092482007673,
    "acc": 0.5424440298507462,
    "rmse": 0.5016094471003042
  },
  "2": {
    "loss_main": 0.6939917206764221,
    "auc": 0.6570830298456574,
    "acc": 0.5424440298507462,
    "rmse": 0.4980518415614804
  },
  "3": {
    "loss_main": 0.692267656326294,
    "auc": 0.7022976537006214,
    "acc": 0.5424440298507462,
    "rmse": 0.49789186945289376
  },
  "4": {
    "loss_main": 0.6912158727645874,
    "auc": 0.7559779402806375,
    "acc": 0.5424440298507462,
    "rmse": 0.4966620996791154
  },
  "5": {
    "loss_main": 0.6794821619987488,
    "auc": 0.815186304181863,
    "acc": 0.5424440298507462,
    "rmse": 0.4831254284500256
  },
  "6": {
    "loss_main": 0.6246522068977356,
    "auc": 0.86545087531543,
    "acc": 0.6422574626865671,
    "rmse": 0.4489535834495602
  },
  "7": {
    "loss_main": 0.5408710241317749,
    "auc": 0.8859995109137236,
    "acc": 0.8101679104477612,
    "rmse": 0.4160426851883164
  },
  "8": {
    "loss_main": 0.46809273958206177,
    "auc": 0.8938936964842761,
    "acc": 0.8213619402985075,
    "rmse": 0.3950834281554903
  },
  "9": {
    "loss_main": 0.4168546199798584,
    "auc": 0.8968623975920826,
    "acc": 0.8311567164179104,
    "rmse": 0.38027745319708967
  },
  "10": {
    "loss_main": 0.3808264136314392,
    "auc": 0.8972669017436188,
    "acc": 0.8334888059701493,
    "rmse": 0.3717771561714583
  },
  "11": {
    "loss_main": 0.3489390015602112,
    "auc": 0.8981420856987843,
    "acc": 0.8302238805970149,
    "rmse": 0.36632808591745225
  },
  "12": {
    "loss_main": 0.3238846957683563,
    "auc": 0.8985969885257554,
    "acc": 0.8316231343283582,
    "rmse": 0.3637056435416986
  },
  "13": {
    "loss_main": 0.30325764417648315,
    "auc": 0.8985956737777007,
    "acc": 0.8334888059701493,
    "rmse": 0.36108012581002297
  },
  "14": {
    "loss_main": 0.28706979751586914,
    "auc": 0.8982683015120478,
    "acc": 0.8283582089552238,
    "rmse": 0.36096253328912054
  },
  "15": {
    "loss_main": 0.27118539810180664,
    "auc": 0.8973725198373569,
    "acc": 0.8264925373134329,
    "rmse": 0.3631404685962295
  },
  "16": {
    "loss_main": 0.2583683133125305,
    "auc": 0.8967304845372481,
    "acc": 0.832089552238806,
    "rmse": 0.3633787167965632
  },
  "17": {
    "loss_main": 0.2454390525817871,
    "auc": 0.8959705601615562,
    "acc": 0.8283582089552238,
    "rmse": 0.36457081046622725
  },
  "18": {
    "loss_main": 0.23497755825519562,
    "auc": 0.8953456165861602,
    "acc": 0.8292910447761194,
    "rmse": 0.36575062623169197
  },
  "19": {
    "loss_main": 0.22431215643882751,
    "auc": 0.894307403872196,
    "acc": 0.8232276119402985,
    "rmse": 0.36898649116149984
  },
  "20": {
    "loss_main": 0.21553799510002136,
    "auc": 0.8935461647484493,
    "acc": 0.8232276119402985,
    "rmse": 0.36948642983121094
  },
  "21": {
    "loss_main": 0.20713864266872406,
    "auc": 0.8916200588481229,
    "acc": 0.8222947761194029,
    "rmse": 0.37326750297669586
  },
  "22": {
    "loss_main": 0.19790922105312347,
    "auc": 0.8909122861452726,
    "acc": 0.8185634328358209,
    "rmse": 0.37693980297206736
  }
}