{
  "1": {
    "loss_main": 2.1326160430908203,
    "auc": 0.40269529245907193,
    "acc": 0.5331156716417911,
    "rmse": 0.5044186670339411
  },
  "2": {
    "loss_main": 0.6961649656295776,
    "auc": 0.42933357106585457,
    "acc": 0.5331156716417911,
    "rmse": 0.49946200215664055
  },
  "3": {
    "loss_main": 0.6934314370155334,
    "auc": 0.4504519976960921,
    "acc": 0.5331156716417911,
    "rmse": 0.49890799782838396
  },
  "4": {
    "loss_main": 0.6922729015350342,
    "auc": 0.46095680347648854,
    "acc": 0.5331156716417911,
    "rmse": 0.49945154508152556
  },
  "5": {
    "loss_main": 0.6924786567687988,
    "auc": 0.4634416327329713,
    "acc": 0.5331156716417911,
    "rmse": 0.5012332191892758
  },
  "6": {
    "loss_main": 0.6920058131217957,
    "auc": 0.4727783152980004,
    "acc": 0.5331156716417911,
    "rmse": 0.4989006951581677
  },
  "7": {
    "loss_main": 0.6927129030227661,
    "auc": 0.48012966910604715,
    "acc": 0.5331156716417911,
    "rmse": 0.49889861932851354
  },
  "8": {
    "loss_main": 0.6927764415740967,
    "auc": 0.5317801183942916,
    "acc": 0.5331156716417911,
    "rmse": 0.503188042807769
  },
  "9": {
    "loss_main": 0.6925917863845825,
    "auc": 0.6375916297176139,
    "acc": 0.5331156716417911,
    "rmse": 0.4988741418080319
  },
  "10": {
    "loss_main": 0.6934444904327393,
    "auc": 0.6973184296018943,
    "acc": 0.5331156716417911,
    "rmse": 0.49883914836751053
  },
  "11": {
    "loss_main": 0.692354142665863,
    "auc": 0.7252301504270008,
    "acc": 0.5331156716417911,
    "rmse": 0.49888755306927873
  },
  "12": {
    "loss_main": 0.6921541690826416,
    "auc": 0.7410730127265561,
    "acc": 0.5331156716417911,
    "rmse": 0.4982894306821162
  },
  "13": {
    "loss_main": 0.6896809935569763,
    "auc": 0.7464626362264157,
    "acc": 0.5331156716417911,
    "rmse": 0.49717592867292026
  },
  "14": {
    "loss_main": 0.6879162192344666,
    "auc": 0.7536872576242655,
    "acc": 0.5331156716417911,
    "rmse": 0.4994494715413334
  },
  "15": {
    "loss_main": 0.6823614239692688,
    "auc": 0.7663561285608531,
    "acc": 0.5331156716417911,
    "rmse": 0.4926500568914076
  },
  "16": {
    "loss_main": 0.6771780252456665,
    "auc": 0.7800226894715084,
    "acc": 0.5331156716417911,
    "rmse": 0.49401199415642444
  },
  "17": {
    "loss_main": 0.6652349233627319,
    "auc": 0.7922239615153001,
    "acc": 0.5331156716417911,
    "rmse": 0.48528986333360946
  },
  "18": {
    "loss_main": 0.6509261727333069,
    "auc": 0.8026256333342947,
    "acc": 0.7574626865671642,
    "rmse": 0.47410963773391696
  },
  "19": {
    "loss_main": 0.628341794013977,
    "auc": 0.8128590569535451,
    "acc": 0.6581156716417911,
    "rmse": 0.4652653553318147
  },
  "20": {
    "loss_main": 0.605219304561615,
    "auc": 0.8239306625133396,
    "acc": 0.7653917910447762,
    "rmse": 0.4503292786373078
  },
  "21": {
    "loss_main": 0.574600100517273,
    "auc": 0.8379013812084678,
    "acc": 0.777518656716418,
    "rmse": 0.4359918724525239
  },
  "22": {
    "loss_main": 0.5415348410606384,
    "auc": 0.8555521468907294,
    "acc": 0.78125,
    "rmse": 0.421622341933638
  },
  "23": {
    "loss_main": 0.5057583451271057,
    "auc": 0.8728061090265815,
    "acc": 0.7966417910447762,
    "rmse": 0.40442863565586307
  },
  "24": {
    "loss_main": 0.4710808992385864,
    "auc": 0.8849330896574992,
    "acc": 0.8027052238805971,
    "rmse": 0.3908148304308381
  },
  "25": {
    "loss_main": 0.4390570819377899,
    "auc": 0.8920571991438133,
    "acc": 0.8083022388059702,
    "rmse": 0.3787130669567879
  },
  "26": {
    "loss_main": 0.41646626591682434,
    "auc": 0.8956939823081556,
    "acc": 0.8120335820895522,
    "rmse": 0.37559114989156656
  },
  "27": {
    "loss_main": 0.39371457695961,
    "auc": 0.8975145589318816,
    "acc": 0.8185634328358209,
    "rmse": 0.36582639722758653
  },
  "28": {
    "loss_main": 0.3782173693180084,
    "auc": 0.8988002373829147,
    "acc": 0.8176305970149254,
    "rmse": 0.3611044939160297
  },
  "29": {
    "loss_main": 0.3706165552139282,
    "auc": 0.8996934823706478,
    "acc": 0.8218283582089553,
    "rmse": 0.3582586904710862
  },
  "30": {
    "loss_main": 0.3599773943424225,
    "auc": 0.9003306404881208,
    "acc": 0.8208955223880597,
    "rmse": 0.3565551797514919
  },
  "31": {
    "loss_main": 0.34874728322029114,
    "auc": 0.9008567984945938,
    "acc": 0.8283582089552238,
    "rmse": 0.35504420572728046
  },
  "32": {
    "loss_main": 0.34207990765571594,
    "auc": 0.9014729802131377,
    "acc": 0.8260261194029851,
    "rmse": 0.3536261917787267
  },
  "33": {
    "loss_main": 0.3381234407424927,
    "auc": 0.9021005241477683,
    "acc": 0.8311567164179104,
    "rmse": 0.3531011818136523
  },
  "34": {
    "loss_main": 0.3317564129829407,
    "auc": 0.90245974497943,
    "acc": 0.8316231343283582,
    "rmse": 0.35233791456444113
  },
  "35": {
    "loss_main": 0.32700517773628235,
    "auc": 0.9030156195510527,
    "acc": 0.8306902985074627,
    "rmse": 0.3511435237383454
  },
  "36": {
    "loss_main": 0.3186105787754059,
    "auc": 0.9033398797178325,
    "acc": 0.8334888059701493,
    "rmse": 0.3518276803941014
  },
  "37": {
    "loss_main": 0.3133019804954529,
    "auc": 0.9036772501339432,
    "acc": 0.8311567164179104,
    "rmse": 0.3500624656282206
  },
  "38": {
    "loss_main": 0.30845823884010315,
    "auc": 0.9040609434310221,
    "acc": 0.8344216417910447,
    "rmse": 0.34974167094834896
  },
  "39": {
    "loss_main": 0.3028455972671509,
    "auc": 0.9044341485286367,
    "acc": 0.8344216417910447,
    "rmse": 0.34886027377001677
  },
  "40": {
    "loss_main": 0.29894357919692993,
    "auc": 0.9046447865345504,
    "acc": 0.8344216417910447,
    "rmse": 0.34888467319668115
  },
  "41": {
    "loss_main": 0.29457199573516846,
    "auc": 0.9048484324074875,
    "acc": 0.8381529850746269,
    "rmse": 0.34772850743016187
  },
  "42": {
    "loss_main": 0.2892128825187683,
    "auc": 0.9050136215490545,
    "acc": 0.8390858208955224,
    "rmse": 0.3477242114043668
  },
  "43": {
    "loss_main": 0.28485456109046936,
    "auc": 0.9051316137930311,
    "acc": 0.8390858208955224,
    "rmse": 0.3489834494116272
  },
  "44": {
    "loss_main": 0.27971604466438293,
    "auc": 0.9052801966187792,
    "acc": 0.8381529850746269,
    "rmse": 0.3472059419576996
  },
  "45": {
    "loss_main": 0.28059008717536926,
    "auc": 0.9053418147906337,
    "acc": 0.8390858208955224,
    "rmse": 0.34739627118442895
  },
  "46": {
    "loss_main": 0.2730694115161896,
    "auc": 0.9054121731287085,
    "acc": 0.8414179104477612,
    "rmse": 0.34675551109156166
  },
  "47": {
    "loss_main": 0.26783666014671326,
    "auc": 0.9053815825469368,
    "acc": 0.8381529850746269,
    "rmse": 0.348014411311349
  },
  "48": {
    "loss_main": 0.2639872431755066,
    "auc": 0.9053212754000156,
    "acc": 0.8348880597014925,
    "rmse": 0.3519082594376227
  },
  "49": {
    "loss_main": 0.2606599032878876,
    "auc": 0.9053361336825902,
    "acc": 0.8418843283582089,
    "rmse": 0.3489358050158133
  },
  "50": {
    "loss_main": 0.25371238589286804,
    "auc": 0.905291558834866,
    "acc": 0.84375,
    "rmse": 0.34808600577155874
  },
  "51": {
    "loss_main": 0.2498854398727417,
    "auc": 0.9050267317983852,
    "acc": 0.8432835820895522,
    "rmse": 0.34882895244231127
  },
  "52": {
    "loss_main": 0.2503868341445923,
    "auc": 0.9047487945125742,
    "acc": 0.8362873134328358,
    "rmse": 0.35073661222826463
  },
  "53": {
    "loss_main": 0.2447180449962616,
    "auc": 0.9046273062021093,
    "acc": 0.8423507462686567,
    "rmse": 0.348079991076336
  },
  "54": {
    "loss_main": 0.23918721079826355,
    "auc": 0.9043895736809122,
    "acc": 0.8339552238805971,
    "rmse": 0.35185184228083294
  },
  "55": {
    "loss_main": 0.23713381588459015,
    "auc": 0.9040342859240497,
    "acc": 0.8423507462686567,
    "rmse": 0.34981090981014845
  },