{
  "1": {
    "loss_main": 0.6570316553115845,
    "auc": 0.6225128152122055,
    "acc": 0.6504299729500586,
    "rmse": 0.4732601154503792
  },
  "2": {
    "loss_main": 0.6318543553352356,
    "auc": 0.6700234730992507,
    "acc": 0.6519035891638743,
    "rmse": 0.46506067231399345
  },
  "3": {
    "loss_main": 0.6156502366065979,
    "auc": 0.687990433704521,
    "acc": 0.6554160442488595,
    "rmse": 0.45884791841557515
  },
  "4": {
    "loss_main": 0.6020755767822266,
    "auc": 0.7009770329359575,
    "acc": 0.6708183616617546,
    "rmse": 0.4537416734272984
  },
  "5": {
    "loss_main": 0.5903133153915405,
    "auc": 0.7122444515970655,
    "acc": 0.6888449271266502,
    "rmse": 0.4494281280849667
  },
  "6": {
    "loss_main": 0.5800184607505798,
    "auc": 0.7205926865844584,
    "acc": 0.7003512455084985,
    "rmse": 0.4458508165740248
  },
  "7": {
    "loss_main": 0.5711631178855896,
    "auc": 0.7266254986053873,
    "acc": 0.7088497718922847,
    "rmse": 0.44293069490997244
  },
  "8": {
    "loss_main": 0.5634891986846924,
    "auc": 0.7312824561077547,
    "acc": 0.7135128588154548,
    "rmse": 0.4405798983656769
  },
  "9": {
    "loss_main": 0.5567416548728943,
    "auc": 0.7352214086258599,
    "acc": 0.717045500423917,
    "rmse": 0.43861665590469867
  },
  "10": {
    "loss_main": 0.5504504442214966,
    "auc": 0.7389744384178694,
    "acc": 0.7201340385158868,
    "rmse": 0.4369108115541247
  },
  "11": {
    "loss_main": 0.5442618131637573,
    "auc": 0.7427376587026091,
    "acc": 0.7227381000444103,
    "rmse": 0.4353075952520595
  },
  "12": {
    "loss_main": 0.5380017161369324,
    "auc": 0.746467174730176,
    "acc": 0.7254027211433647,
    "rmse": 0.43378743150345184
  },
  "13": {
    "loss_main": 0.5313518047332764,
    "auc": 0.7502386373779241,
    "acc": 0.7276636117727805,
    "rmse": 0.43232970664016185
  },
  "14": {
    "loss_main": 0.5244055390357971,
    "auc": 0.7541228263027987,
    "acc": 0.7303484193952118,
    "rmse": 0.43088866451586677
  },
  "15": {
    "loss_main": 0.5173068046569824,
    "auc": 0.7575184683817748,
    "acc": 0.7318825951794582,
    "rmse": 0.4295915496507868
  },
  "16": {
    "loss_main": 0.5098967552185059,
    "auc": 0.7605878623557351,
    "acc": 0.7336388227219508,
    "rmse": 0.42842448751108736
  },
  "17": {
    "loss_main": 0.5025604963302612,
    "auc": 0.7629283412813292,
    "acc": 0.7335782631515201,
    "rmse": 0.427417463538878
  },
  "18": {
    "loss_main": 0.49554017186164856,
    "auc": 0.7645590620661888,
    "acc": 0.7342646049497356,
    "rmse": 0.42660762492289894
  },
  "19": {
    "loss_main": 0.4886893928050995,
    "auc": 0.7656408986461103,
    "acc": 0.7351528119827203,
    "rmse": 0.4259615175300509
  },
  "20": {
    "loss_main": 0.48239970207214355,
    "auc": 0.7662473826128942,
    "acc": 0.735233558076628,
    "rmse": 0.42549414097688937
  },
  "21": {
    "loss_main": 0.476190984249115,
    "auc": 0.7665508929793826,
    "acc": 0.7352133715531511,
    "rmse": 0.42511785079342074
  },
  "22": {
    "loss_main": 0.47044143080711365,
    "auc": 0.7665593575761405,
    "acc": 0.7344462836610279,
    "rmse": 0.4249039807964291
  },
  "23": {
    "loss_main": 0.4651126563549042,
    "auc": 0.7663994819000083,
    "acc": 0.7340425531914894,
    "rmse": 0.4248100718891434
  },
  "24": {
    "loss_main": 0.45991426706314087,
    "auc": 0.7660882229237207,
    "acc": 0.7329524809237353,
    "rmse": 0.42482257673809
  },
  "25": {
    "loss_main": 0.45508959889411926,
    "auc": 0.7657917577255267,
    "acc": 0.7325891235011507,
    "rmse": 0.42482917101230144
  },
  "26": {
    "loss_main": 0.4505927562713623,
    "auc": 0.7654093445208934,
    "acc": 0.7317412895151197,
    "rmse": 0.4249667154629922
  },
  "27": {
    "loss_main": 0.44624775648117065,
    "auc": 0.7649977595522486,
    "acc": 0.7311962533812427,
    "rmse": 0.42515036012831003
  },
  "28": {
    "loss_main": 0.4421772062778473,
    "auc": 0.7645434313271198,
    "acc": 0.7308127094351811,
    "rmse": 0.42539887363363627
  },
  "29": {
    "loss_main": 0.4384269416332245,
    "auc": 0.7641251103460013,
    "acc": 0.7301465541604425,
    "rmse": 0.4257009062951611
  },
  "30": {
    "loss_main": 0.4347580671310425,
    "auc": 0.7636631500045709,
    "acc": 0.7296418910735193,
    "rmse": 0.42603070712119656
  },
  "31": {
    "loss_main": 0.43135491013526917,
    "auc": 0.763199115182779,
    "acc": 0.7290161088457345,
    "rmse": 0.42643294200896154
  },
  "32": {
    "loss_main": 0.4280480444431305,
    "auc": 0.7629028130754818,
    "acc": 0.7285720053292422,
    "rmse": 0.42671844161143657
  }
}