{
  "auc": 0.8966547648178894,
  "acc": 0.8334888059701493,
  "rmse": 0.35250471798465177,
  "doa_all": 0.7116118386066914
}