{
  "1": {
    "loss_main": 0.7053517699241638,
    "auc": 0.5456273764258555,
    "acc": 0.5447761194029851,
    "rmse": 0.5011676029965774
  },
  "2": {
    "loss_main": 0.674440324306488,
    "auc": 0.6484944080001114,
    "acc": 0.6352611940298507,
    "rmse": 0.48755787481435225
  },
  "3": {
    "loss_main": 0.6464612483978271,
    "auc": 0.7251041100850987,
    "acc": 0.664179104477612,
    "rmse": 0.47403820818005793
  },
  "4": {
    "loss_main": 0.6176432967185974,
    "auc": 0.7782629284530426,
    "acc": 0.6921641791044776,
    "rmse": 0.46023031716993457
  },
  "5": {
    "loss_main": 0.5888354778289795,
    "auc": 0.8063099764620678,
    "acc": 0.7154850746268657,
    "rmse": 0.44714097197482167
  },
  "6": {
    "loss_main": 0.5606942176818848,
    "auc": 0.8268917394392681,
    "acc": 0.7350746268656716,
    "rmse": 0.4346559590154863
  },
  "7": {
    "loss_main": 0.5337215065956116,
    "auc": 0.8419372136102174,
    "acc": 0.7630597014925373,
    "rmse": 0.42348527885103815
  },
  "8": {
    "loss_main": 0.5079402327537537,
    "auc": 0.8544373877073496,
    "acc": 0.7751865671641791,
    "rmse": 0.41298466877271806
  },
  "9": {
    "loss_main": 0.4843088984489441,
    "auc": 0.8642634298527835,
    "acc": 0.7835820895522388,
    "rmse": 0.4034514687304226
  },
  "10": {
    "loss_main": 0.4628208875656128,
    "auc": 0.870785108427694,
    "acc": 0.7854477611940298,
    "rmse": 0.39499336976510613
  },
  "11": {
    "loss_main": 0.4432986080646515,
    "auc": 0.8759732029694006,
    "acc": 0.8003731343283582,
    "rmse": 0.3877845104239395
  },
  "12": {
    "loss_main": 0.42548054456710815,
    "auc": 0.8792566748840513,
    "acc": 0.8050373134328358,
    "rmse": 0.38180963371975646
  },
  "13": {
    "loss_main": 0.4111936092376709,
    "auc": 0.8815269014888787,
    "acc": 0.8115671641791045,
    "rmse": 0.3770633595622955
  },
  "14": {
    "loss_main": 0.39919888973236084,
    "auc": 0.8831738603601721,
    "acc": 0.8125,
    "rmse": 0.3733883238778701
  },
  "15": {
    "loss_main": 0.38916680216789246,
    "auc": 0.8842985278346496,
    "acc": 0.8134328358208955,
    "rmse": 0.37081587577117786
  },
  "16": {
    "loss_main": 0.38087791204452515,
    "auc": 0.8853465925709272,
    "acc": 0.816231343283582,
    "rmse": 0.368743460807363
  },
  "17": {
    "loss_main": 0.37415486574172974,
    "auc": 0.8860220894441426,
    "acc": 0.8180970149253731,
    "rmse": 0.36737019478172395
  },
  "18": {
    "loss_main": 0.36867284774780273,
    "auc": 0.8863772475939776,
    "acc": 0.8190298507462687,
    "rmse": 0.3662748153924558
  },
  "19": {
    "loss_main": 0.3649716377258301,
    "auc": 0.8867393696291034,
    "acc": 0.8180970149253731,
    "rmse": 0.36562224819093325
  },
  "20": {
    "loss_main": 0.3607833683490753,
    "auc": 0.8874079026170281,
    "acc": 0.8218283582089553,
    "rmse": 0.364913064715152
  },
  "21": {
    "loss_main": 0.35771530866622925,
    "auc": 0.8877526149389267,
    "acc": 0.8218283582089553,
    "rmse": 0.36444316167592744
  },
  "22": {
    "loss_main": 0.35528355836868286,
    "auc": 0.8878710009888716,
    "acc": 0.8218283582089553,
    "rmse": 0.364235680447253
  },
  "23": {
    "loss_main": 0.35291993618011475,
    "auc": 0.8882540146798702,
    "acc": 0.8208955223880597,
    "rmse": 0.3640508805414026
  },
  "24": {
    "loss_main": 0.35153281688690186,
    "auc": 0.888511678435633,
    "acc": 0.8208955223880597,
    "rmse": 0.3637898279454606
  },
  "25": {
    "loss_main": 0.34993377327919006,
    "auc": 0.8888772824134041,
    "acc": 0.8190298507462687,
    "rmse": 0.36360881762723934
  },
  "26": {
    "loss_main": 0.3485376834869385,
    "auc": 0.8887310408222956,
    "acc": 0.8190298507462687,
    "rmse": 0.36369996909874824
  },
  "27": {
    "loss_main": 0.3475213348865509,
    "auc": 0.888995668463349,
    "acc": 0.8199626865671642,
    "rmse": 0.36355596840316085
  },
  "28": {
    "loss_main": 0.3463192582130432,
    "auc": 0.889145391997103,
    "acc": 0.8218283582089553,
    "rmse": 0.36356762909021395
  },
  "29": {
    "loss_main": 0.3460277020931244,
    "auc": 0.8892011030794301,
    "acc": 0.8218283582089553,
    "rmse": 0.3635417045585955
  },
  "30": {
    "loss_main": 0.3448072075843811,
    "auc": 0.8893612724411204,
    "acc": 0.8246268656716418,
    "rmse": 0.36343544589615945
  },
  "31": {
    "loss_main": 0.34400033950805664,
    "auc": 0.8893438627278931,
    "acc": 0.8255597014925373,
    "rmse": 0.3635122323713088
  },
  "32": {
    "loss_main": 0.3440224528312683,
    "auc": 0.8893473446705386,
    "acc": 0.8255597014925373,
    "rmse": 0.36349069033904796
  },
  "33": {
    "loss_main": 0.34363144636154175,
    "auc": 0.8893368988426021,
    "acc": 0.8264925373134329,
    "rmse": 0.36352700975414903
  },
  "34": {
    "loss_main": 0.34331223368644714,
    "auc": 0.8893368988426021,
    "acc": 0.8255597014925373,
    "rmse": 0.36349386740788725
  },
  "35": {
    "loss_main": 0.34228286147117615,
    "auc": 0.8894657307204835,
    "acc": 0.8255597014925373,
    "rmse": 0.363477776805688
  },
  "36": {
    "loss_main": 0.34189170598983765,
    "auc": 0.8894518029499017,
    "acc": 0.8246268656716418,
    "rmse": 0.3634032383035472
  },
  "37": {
    "loss_main": 0.3415108025074005,
    "auc": 0.8895423334586832,
    "acc": 0.8246268656716418,
    "rmse": 0.36345982008249517
  },
  "38": {
    "loss_main": 0.34158021211624146,
    "auc": 0.8896328639674648,
    "acc": 0.8255597014925373,
    "rmse": 0.3633117252816052
  },
  "39": {
    "loss_main": 0.34060847759246826,
    "auc": 0.8895249237454561,
    "acc": 0.8236940298507462,
    "rmse": 0.36346420685247016
  },
  "40": {
    "loss_main": 0.34056714177131653,
    "auc": 0.8896502736806919,
    "acc": 0.8246268656716418,
    "rmse": 0.36337088432776343
  },
  "41": {
    "loss_main": 0.34040260314941406,
    "auc": 0.8895423334586833,
    "acc": 0.8236940298507462,
    "rmse": 0.36347363617880785
  },
  "42": {
    "loss_main": 0.3402416408061981,
    "auc": 0.8894343932366746,
    "acc": 0.8246268656716418,
    "rmse": 0.36357144076269443
  },
  "43": {
    "loss_main": 0.34058037400245667,
    "auc": 0.8895945625983649,
    "acc": 0.8255597014925373,
    "rmse": 0.3633918388790273
  },
  "44": {
    "loss_main": 0.33953604102134705,
    "auc": 0.889556261229265,
    "acc": 0.8255597014925373,
    "rmse": 0.36343886945077797
  },
  "45": {
    "loss_main": 0.3391396403312683,
    "auc": 0.88967464727921,
    "acc": 0.8255597014925373,
    "rmse": 0.36336108325203204
  },
  "46": {
    "loss_main": 0.340421199798584,
    "auc": 0.8896293820248193,
    "acc": 0.8264925373134329,
    "rmse": 0.3634276761525569
  },
  "47": {
    "loss_main": 0.33913010358810425,
    "auc": 0.8894692126631292,
    "acc": 0.8255597014925373,
    "rmse": 0.36360959627106154
  },
  "48": {
    "loss_main": 0.3393509089946747,
    "auc": 0.8896050084263011,
    "acc": 0.8255597014925373,
    "rmse": 0.36341307924575
  },
  "49": {
    "loss_main": 0.339278906583786,
    "auc": 0.8896676833939191,
    "acc": 0.8264925373134329,
    "rmse": 0.3634641863536682
  },
  "50": {
    "loss_main": 0.33934611082077026,
    "auc": 0.8895841167704286,
    "acc": 0.8236940298507462,
    "rmse": 0.363526189942823
  },
  "51": {
    "loss_main": 0.33854174613952637,
    "auc": 0.8895980445410103,
    "acc": 0.8236940298507462,
    "rmse": 0.3635149788374234
  },
  "52": {
    "loss_main": 0.33813709020614624,
    "auc": 0.8896850931071464,
    "acc": 0.8264925373134329,
    "rmse": 0.36344477346920734
  },
  "53": {
    "loss_main": 0.3383464515209198,
    "auc": 0.8896885750497918,
    "acc": 0.8255597014925373,
    "rmse": 0.36353205155315654
  },
  "54": {
    "loss_main": 0.337990939617157,
    "auc": 0.8896850931071464,
    "acc": 0.8255597014925373,
    "rmse": 0.36340352533480114
  },
  "55": {
    "loss_main": 0.3384069502353668,
    "auc": 0.889730358361537,
    "acc": 0.8255597014925373,
    "rmse": 0.3634231864360698
  },