{
  "auc": [
    0.869019683758828
  ],
  "acc": [
    0.7807835820895522
  ],
  "rmse": [
    0.40936580967961106
  ]
}