{
  "auc": 0.8965665591852942,
  "acc": 0.8283582089552238,
  "rmse": 0.36047123521626884
}