{
  "auc": [
    0.7160691090894116
  ],
  "acc": [
    0.6719084339295086
  ],
  "rmse": [
    0.4780068320061436
  ],
  "doa_all": [
    0.7662604078280382
  ]
}