{
  "1": {
    "loss_main": 6.811744689941406,
    "auc": 0.6147870604012248,
    "acc": 0.5443097014925373,
    "rmse": 0.4992468794656879
  },
  "2": {
    "loss_main": 0.6945165395736694,
    "auc": 0.6637078688147882,
    "acc": 0.5443097014925373,
    "rmse": 0.497819961017797
  },
  "3": {
    "loss_main": 0.6924020648002625,
    "auc": 0.7316817215844457,
    "acc": 0.5443097014925373,
    "rmse": 0.4975939767103081
  },
  "4": {
    "loss_main": 0.6899470090866089,
    "auc": 0.802464831659444,
    "acc": 0.5443097014925373,
    "rmse": 0.49522543181013906
  },
  "5": {
    "loss_main": 0.6756409406661987,
    "auc": 0.8379638278520802,
    "acc": 0.5443097014925373,
    "rmse": 0.4770189975548205
  },
  "6": {
    "loss_main": 0.6109208464622498,
    "auc": 0.8687209415528886,
    "acc": 0.7248134328358209,
    "rmse": 0.4420139214688063
  },
  "7": {
    "loss_main": 0.5347993969917297,
    "auc": 0.8825032298126839,
    "acc": 0.8194962686567164,
    "rmse": 0.41459209833831856
  },
  "8": {
    "loss_main": 0.4713924527168274,
    "auc": 0.8900986616778888,
    "acc": 0.8222947761194029,
    "rmse": 0.3984665018634084
  },
  "9": {
    "loss_main": 0.4179072082042694,
    "auc": 0.8933644342587307,
    "acc": 0.8222947761194029,
    "rmse": 0.3810843365747318
  },
  "10": {
    "loss_main": 0.3778635859489441,
    "auc": 0.8950409548141969,
    "acc": 0.8297574626865671,
    "rmse": 0.3724598885067839
  },
  "11": {
    "loss_main": 0.344097763299942,
    "auc": 0.8948607167947629,
    "acc": 0.8302238805970149,
    "rmse": 0.368424664857014
  },
  "12": {
    "loss_main": 0.32209065556526184,
    "auc": 0.8948747499252299,
    "acc": 0.8330223880597015,
    "rmse": 0.36615911498564147
  },
  "13": {
    "loss_main": 0.301116019487381,
    "auc": 0.8950374465315802,
    "acc": 0.8381529850746269,
    "rmse": 0.36559683617912186
  },
  "14": {
    "loss_main": 0.28067290782928467,
    "auc": 0.8941169608800176,
    "acc": 0.832089552238806,
    "rmse": 0.36599016782968097
  },
  "15": {
    "loss_main": 0.2641908824443817,
    "auc": 0.8939805763932925,
    "acc": 0.8274253731343284,
    "rmse": 0.36694664868005517
  },
  "16": {
    "loss_main": 0.2511627972126007,
    "auc": 0.8926991761675344,
    "acc": 0.8208955223880597,
    "rmse": 0.37072211278235767
  },
  "17": {
    "loss_main": 0.237948939204216,
    "auc": 0.8915497750752307,
    "acc": 0.8274253731343284,
    "rmse": 0.37073435194621795
  },
  "18": {
    "loss_main": 0.2280205339193344,
    "auc": 0.8904139685780668,
    "acc": 0.8274253731343284,
    "rmse": 0.37270449360077357
  },
  "19": {
    "loss_main": 0.21867039799690247,
    "auc": 0.8893610452577229,
    "acc": 0.8255597014925373,
    "rmse": 0.37478184314821755
  },
  "20": {
    "loss_main": 0.2077101469039917,
    "auc": 0.8886817540360599,
    "acc": 0.8250932835820896,
    "rmse": 0.37694373637944767
  }
}