{
  "auc": 0.7444860819542312,
  "acc": 0.7096572328313617,
  "rmse": 0.4409463900745237
}