{
  "auc": 0.7715969664108517,
  "acc": 0.7322459526020428,
  "rmse": 0.4236909670768807,
  "doa_all": 0.7412482094482908
}