{
  "1": {
    "loss_main": 0.8450430035591125,
    "auc": 0.6273243023909107,
    "acc": 0.646735839153781,
    "rmse": 0.4818161625200246
  },
  "2": {
    "loss_main": 0.64264976978302,
    "auc": 0.6424934889818341,
    "acc": 0.646735839153781,
    "rmse": 0.46936328822533024
  },
  "3": {
    "loss_main": 0.615178644657135,
    "auc": 0.6743577037981683,
    "acc": 0.646735839153781,
    "rmse": 0.4598474868845522
  },
  "4": {
    "loss_main": 0.5790719389915466,
    "auc": 0.7083316704270821,
    "acc": 0.6792361419516331,
    "rmse": 0.4509963813084657
  },
  "5": {
    "loss_main": 0.5421031713485718,
    "auc": 0.7249059456181499,
    "acc": 0.6973636400339134,
    "rmse": 0.4456921682256406
  },
  "6": {
    "loss_main": 0.5152829885482788,
    "auc": 0.7319488856982334,
    "acc": 0.7013605716823449,
    "rmse": 0.4424166466445952
  },
  "7": {
    "loss_main": 0.4974895715713501,
    "auc": 0.7358510162039721,
    "acc": 0.7066494408332997,
    "rmse": 0.4438116480759122
  },
  "8": {
    "loss_main": 0.48349377512931824,
    "auc": 0.7385469826010185,
    "acc": 0.7089103314627155,
    "rmse": 0.44230368203319476
  },
  "9": {
    "loss_main": 0.47171682119369507,
    "auc": 0.7404670810555323,
    "acc": 0.7050345189551456,
    "rmse": 0.4436765704046731
  },
  "10": {
    "loss_main": 0.46182093024253845,
    "auc": 0.7417074010327023,
    "acc": 0.7018450482457911,
    "rmse": 0.44539910862927257
  },
  "11": {
    "loss_main": 0.4538334012031555,
    "auc": 0.7425000276457421,
    "acc": 0.6994226654285599,
    "rmse": 0.446415155072929
  },
  "12": {
    "loss_main": 0.447325736284256,
    "auc": 0.743021701015758,
    "acc": 0.6999878880859138,
    "rmse": 0.4468301210342519
  },
  "13": {
    "loss_main": 0.4410077929496765,
    "auc": 0.743576221094593,
    "acc": 0.7005934837902217,
    "rmse": 0.44749659608899606
  },
  "14": {
    "loss_main": 0.4355298578739166,
    "auc": 0.7438302480090606,
    "acc": 0.7032177318422221,
    "rmse": 0.44720810099665936
  },
  "15": {
    "loss_main": 0.4315003752708435,
    "auc": 0.7442937297673298,
    "acc": 0.7105252533408697,
    "rmse": 0.44649153776255546
  },
  "16": {
    "loss_main": 0.426872193813324,
    "auc": 0.7441233035770023,
    "acc": 0.7115749525616698,
    "rmse": 0.44754487694386613
  },
  "17": {
    "loss_main": 0.4230903387069702,
    "auc": 0.7440856839645777,
    "acc": 0.7072954095845614,
    "rmse": 0.44740155082782584
  },
  "18": {
    "loss_main": 0.42018231749534607,
    "auc": 0.7442795929833323,
    "acc": 0.7030158666074529,
    "rmse": 0.44839009689043136
  },
  "19": {
    "loss_main": 0.41735872626304626,
    "auc": 0.744039385372727,
    "acc": 0.7009972142597601,
    "rmse": 0.4495198111724559
  },
  "20": {
    "loss_main": 0.4153665006160736,
    "auc": 0.743844242105357,
    "acc": 0.7088295853688078,
    "rmse": 0.44887252402094124
  },
  "21": {
    "loss_main": 0.4126538932323456,
    "auc": 0.7440495625730159,
    "acc": 0.7041059388752069,
    "rmse": 0.4491425988709171
  },
  "22": {
    "loss_main": 0.41061118245124817,
    "auc": 0.7438676500227408,
    "acc": 0.6925188743994509,
    "rmse": 0.4541635942646827
  },
  "23": {
    "loss_main": 0.4093153774738312,
    "auc": 0.7437782633123167,
    "acc": 0.6972021478460979,
    "rmse": 0.4527426783908632
  },
  "24": {
    "loss_main": 0.4063399136066437,
    "auc": 0.7434678176807897,
    "acc": 0.7072550365376075,
    "rmse": 0.4494134066567408
  },
  "25": {
    "loss_main": 0.40509283542633057,
    "auc": 0.7430171457108969,
    "acc": 0.699664903710283,
    "rmse": 0.4528533186854216
  }
}