{
  "auc": 0.8985969885257554,
  "acc": 0.8316231343283582,
  "rmse": 0.3637056435416986,
  "doa_all": 0.9174827476635448
}