{
  "auc": 0.7689037056560923,
  "acc": 0.7297024506439501,
  "rmse": 0.42457490165182354
}