{
  "auc": 0.8960463772993847,
  "acc": 0.8232276119402985,
  "rmse": 0.3555894164801825
}