{
  "auc": 0.7712359890380478,
  "acc": 0.7350720658888126,
  "rmse": 0.423058439397859,
  "doa_all": 0.7343443759561398
}