{
  "auc": 0.7309818674663044,
  "acc": 0.6804675198837257,
  "rmse": 0.47356417443718374,
  "doa_all": 0.7787723981732184
}