{
  "auc": 0.896302297877101,
  "acc": 0.8148320895522388,
  "rmse": 0.36431049855654796,
  "doa_all": 0.8605349784941521
}