{
  "1": {
    "loss_main": 0.8465566039085388,
    "auc": 0.7337238578152581,
    "acc": 0.6979815864022663,
    "rmse": 0.4461258103429308
  },
  "2": {
    "loss_main": 0.5824235677719116,
    "auc": 0.7357154083285529,
    "acc": 0.6985835694050991,
    "rmse": 0.44476088440427614
  },
  "3": {
    "loss_main": 0.578181266784668,
    "auc": 0.7360217298186209,
    "acc": 0.6988668555240793,
    "rmse": 0.4439877329948903
  },
  "4": {
    "loss_main": 0.575714647769928,
    "auc": 0.7377451311878411,
    "acc": 0.6959985835694051,
    "rmse": 0.44775680158338355
  },
  "5": {
    "loss_main": 0.5713510513305664,
    "auc": 0.7382647369745243,
    "acc": 0.6940155807365439,
    "rmse": 0.4491322143797015
  },
  "6": {
    "loss_main": 0.561621904373169,
    "auc": 0.7376799464297892,
    "acc": 0.7006728045325779,
    "rmse": 0.44424801470109526
  },
  "7": {
    "loss_main": 0.5524060130119324,
    "auc": 0.7278957916652788,
    "acc": 0.6939093484419263,
    "rmse": 0.4481472671169247
  },
  "8": {
    "loss_main": 0.5475056171417236,
    "auc": 0.7251016080648476,
    "acc": 0.6940864022662889,
    "rmse": 0.4488239543777463
  },
  "9": {
    "loss_main": 0.5439513325691223,
    "auc": 0.7148175156463958,
    "acc": 0.6900495750708215,
    "rmse": 0.45157323052351545
  },
  "10": {
    "loss_main": 0.5442503094673157,
    "auc": 0.7209286564962645,
    "acc": 0.6933781869688386,
    "rmse": 0.4499115949788719
  },
  "11": {
    "loss_main": 0.550788164138794,
    "auc": 0.7223960903765262,
    "acc": 0.6765934844192635,
    "rmse": 0.4547813987126183
  },
  "12": {
    "loss_main": 0.5717876553535461,
    "auc": 0.7271134271037434,
    "acc": 0.6664305949008499,
    "rmse": 0.45775496410988703
  },
  "13": {
    "loss_main": 0.5759049654006958,
    "auc": 0.7361709932766742,
    "acc": 0.6981940509915014,
    "rmse": 0.44410763419224536
  },
  "14": {
    "loss_main": 0.5733017325401306,
    "auc": 0.7365900569591652,
    "acc": 0.694971671388102,
    "rmse": 0.4460169757843277
  },
  "15": {
    "loss_main": 0.5726532936096191,
    "auc": 0.7356895782690986,
    "acc": 0.6898016997167139,
    "rmse": 0.44968425017899716
  }
}