{
  "auc": [
    0.7515106458071071,
    0.7532388396289162,
    0.7570325828337181,
    0.7538523982974263,
    0.7528240537981066
  ],
  "acc": [
    0.7106463724817312,
    0.7193669506237635,
    0.7216682143001333,
    0.7254229076668416,
    0.7253623480964109
  ],
  "rmse": [
    0.43889392453871356,
    0.43610818044254157,
    0.43254214426005766,
    0.4338434548522961,
    0.4355011133350546
  ],
  "doa_all": [
    0.7855885676342007,
    0.7905020747661738,
    0.7828670475803939,
    0.7788233928494874,
    0.7906846500205157
  ]
}