{
  "auc": 0.7536917040730549,
  "acc": 0.7204933586337761,
  "rmse": 0.43537776348573265,
  "doa_all": 0.7856931465701543
}