{
  "1": {
    "loss_main": 4.3765974044799805,
    "auc": 0.5331322490828692,
    "acc": 0.5228544776119403,
    "rmse": 0.5092041314114033
  },
  "2": {
    "loss_main": 0.6970193386077881,
    "auc": 0.5902184633012524,
    "acc": 0.5228544776119403,
    "rmse": 0.4997277710833725
  },
  "3": {
    "loss_main": 0.6928628087043762,
    "auc": 0.6877382207444651,
    "acc": 0.5228544776119403,
    "rmse": 0.4992411487551168
  },
  "4": {
    "loss_main": 0.69087153673172,
    "auc": 0.7613659253755942,
    "acc": 0.5228544776119403,
    "rmse": 0.4980811163407406
  },
  "5": {
    "loss_main": 0.6806779503822327,
    "auc": 0.804553258986225,
    "acc": 0.5242537313432836,
    "rmse": 0.48804425400832707
  },
  "6": {
    "loss_main": 0.6328698992729187,
    "auc": 0.8694757421412769,
    "acc": 0.5298507462686567,
    "rmse": 0.45976471815773357
  },
  "7": {
    "loss_main": 0.5471630692481995,
    "auc": 0.8995755953829102,
    "acc": 0.804570895522388,
    "rmse": 0.41916526231410417
  },
  "8": {
    "loss_main": 0.47168076038360596,
    "auc": 0.9084948939773262,
    "acc": 0.8353544776119403,
    "rmse": 0.3916575517845084
  },
  "9": {
    "loss_main": 0.4209226369857788,
    "auc": 0.9120958367886515,
    "acc": 0.8479477611940298,
    "rmse": 0.37343684878751404
  },
  "10": {
    "loss_main": 0.3820772171020508,
    "auc": 0.9136118167081305,
    "acc": 0.8479477611940298,
    "rmse": 0.3610552608060758
  },
  "11": {
    "loss_main": 0.3517392575740814,
    "auc": 0.9144851292703153,
    "acc": 0.8535447761194029,
    "rmse": 0.3523681099330702
  },
  "12": {
    "loss_main": 0.3264462649822235,
    "auc": 0.9148775313202236,
    "acc": 0.8484141791044776,
    "rmse": 0.3483648793276932
  },
  "13": {
    "loss_main": 0.30533286929130554,
    "auc": 0.9149137195092709,
    "acc": 0.8549440298507462,
    "rmse": 0.34505371477233227
  },
  "14": {
    "loss_main": 0.2879534065723419,
    "auc": 0.9146774062747705,
    "acc": 0.855410447761194,
    "rmse": 0.34323668083374625
  },
  "15": {
    "loss_main": 0.2732715308666229,
    "auc": 0.9141794916736644,
    "acc": 0.8498134328358209,
    "rmse": 0.34385085793726927
  },
  "16": {
    "loss_main": 0.2594360411167145,
    "auc": 0.9135952486215788,
    "acc": 0.8442164179104478,
    "rmse": 0.3456367062488398
  },
  "17": {
    "loss_main": 0.24897794425487518,
    "auc": 0.9129081090319616,
    "acc": 0.84375,
    "rmse": 0.34779587631394104
  },
  "18": {
    "loss_main": 0.23640033602714539,
    "auc": 0.912343922084649,
    "acc": 0.8409514925373134,
    "rmse": 0.34836281544812303
  },
  "19": {
    "loss_main": 0.22517764568328857,
    "auc": 0.9117426749437338,
    "acc": 0.8442164179104478,
    "rmse": 0.34855130522413397
  },
  "20": {
    "loss_main": 0.21511982381343842,
    "auc": 0.9105039924728567,
    "acc": 0.84375,
    "rmse": 0.3522524209930903
  },
  "21": {
    "loss_main": 0.20899052917957306,
    "auc": 0.9102484951381385,
    "acc": 0.8446828358208955,
    "rmse": 0.35161723664464134
  },
  "22": {
    "loss_main": 0.20163963735103607,
    "auc": 0.9088842440112908,
    "acc": 0.8414179104477612,
    "rmse": 0.356117474015509
  },
  "23": {
    "loss_main": 0.19289469718933105,
    "auc": 0.9083383691596405,
    "acc": 0.8353544776119403,
    "rmse": 0.36167118179927915
  }
}