{
  "auc": [
    0.9156649514337063
  ],
  "acc": [
    0.8456156716417911
  ],
  "rmse": [
    0.33800325005071974
  ],
  "doa_all": [
    0.7798346995787608
  ]
}