{
  "1": {
    "loss_main": 0.26278528571128845,
    "auc": 0.6261989586187997,
    "acc": 0.6923076923076923,
    "rmse": 0.4670785349458476
  },
  "2": {
    "loss_main": 0.2201479822397232,
    "auc": 0.6514113455741299,
    "acc": 0.7,
    "rmse": 0.45395003220891766
  },
  "3": {
    "loss_main": 0.20396432280540466,
    "auc": 0.6818306385311045,
    "acc": 0.7230769230769231,
    "rmse": 0.44302121680905576
  },
  "4": {
    "loss_main": 0.18902483582496643,
    "auc": 0.684023020005481,
    "acc": 0.7307692307692307,
    "rmse": 0.4412203034195882
  },
  "5": {
    "loss_main": 0.1801576316356659,
    "auc": 0.6919704028500959,
    "acc": 0.7076923076923077,
    "rmse": 0.43988333095434956
  },
  "6": {
    "loss_main": 0.17690271139144897,
    "auc": 0.6979994519046314,
    "acc": 0.7,
    "rmse": 0.4409651113255524
  },
  "7": {
    "loss_main": 0.16909649968147278,
    "auc": 0.7034804055905728,
    "acc": 0.7,
    "rmse": 0.4388882206289352
  },
  "8": {
    "loss_main": 0.1627688854932785,
    "auc": 0.7037544532748697,
    "acc": 0.6923076923076923,
    "rmse": 0.4424514380440808
  },
  "9": {
    "loss_main": 0.1655523031949997,
    "auc": 0.70841326390792,
    "acc": 0.6846153846153846,
    "rmse": 0.4437070483253784
  },
  "10": {
    "loss_main": 0.1548602133989334,
    "auc": 0.7251301726500411,
    "acc": 0.7153846153846154,
    "rmse": 0.43491557261123553
  },
  "11": {
    "loss_main": 0.15540507435798645,
    "auc": 0.7292408879144971,
    "acc": 0.7153846153846154,
    "rmse": 0.4381086169293815
  },
  "12": {
    "loss_main": 0.1522294580936432,
    "auc": 0.7207454097012881,
    "acc": 0.7076923076923077,
    "rmse": 0.44024803323214345
  },
  "13": {
    "loss_main": 0.14504863321781158,
    "auc": 0.7207454097012881,
    "acc": 0.6923076923076923,
    "rmse": 0.4397180055665256
  },
  "14": {
    "loss_main": 0.1413973569869995,
    "auc": 0.7097835023294053,
    "acc": 0.6846153846153846,
    "rmse": 0.4455067896716239
  },
  "15": {
    "loss_main": 0.14583951234817505,
    "auc": 0.7229377911756646,
    "acc": 0.6923076923076923,
    "rmse": 0.4293616880271759
  },
  "16": {
    "loss_main": 0.1415308564901352,
    "auc": 0.6993696903261167,
    "acc": 0.676923076923077,
    "rmse": 0.44065830700029485
  },
  "17": {
    "loss_main": 0.13849084079265594,
    "auc": 0.7070430254864346,
    "acc": 0.6846153846153846,
    "rmse": 0.44303468755063935
  },
  "18": {
    "loss_main": 0.13173645734786987,
    "auc": 0.7056727870649493,
    "acc": 0.6384615384615384,
    "rmse": 0.44753460521198096
  },
  "19": {
    "loss_main": 0.1312190145254135,
    "auc": 0.724856124965744,
    "acc": 0.6692307692307692,
    "rmse": 0.44038670027687493
  },
  "20": {
    "loss_main": 0.1273905336856842,
    "auc": 0.700465881063305,
    "acc": 0.6538461538461539,
    "rmse": 0.45691328890209026
  },
  "21": {
    "loss_main": 0.11212826520204544,
    "auc": 0.7201973143326938,
    "acc": 0.7307692307692307,
    "rmse": 0.4394271673377487
  }
}