{
  "1": {
    "loss_main": 1.232265830039978,
    "auc": 0.5191785400910877,
    "acc": 0.5093283582089553,
    "rmse": 0.500379835335561
  },
  "2": {
    "loss_main": 0.6919151544570923,
    "auc": 0.8203491692084849,
    "acc": 0.5335820895522388,
    "rmse": 0.47536584041938174
  },
  "3": {
    "loss_main": 0.4819231331348419,
    "auc": 0.8925019847073079,
    "acc": 0.8283582089552238,
    "rmse": 0.36238130237511007
  },
  "4": {
    "loss_main": 0.3554496467113495,
    "auc": 0.8963356035599381,
    "acc": 0.8376865671641791,
    "rmse": 0.35740909657800235
  },
  "5": {
    "loss_main": 0.2978343665599823,
    "auc": 0.8965619298318919,
    "acc": 0.8311567164179104,
    "rmse": 0.3561096910605251
  },
  "6": {
    "loss_main": 0.25459450483322144,
    "auc": 0.8948383682223986,
    "acc": 0.8246268656716418,
    "rmse": 0.36107907346696394
  },
  "7": {
    "loss_main": 0.22227104008197784,
    "auc": 0.8875837407206227,
    "acc": 0.8171641791044776,
    "rmse": 0.37371897444282487
  },
  "8": {
    "loss_main": 0.19671067595481873,
    "auc": 0.8836091031908523,
    "acc": 0.8199626865671642,
    "rmse": 0.37887575085778563
  },
  "9": {
    "loss_main": 0.18413245677947998,
    "auc": 0.8799635092410758,
    "acc": 0.8143656716417911,
    "rmse": 0.38469925903519664
  },
  "10": {
    "loss_main": 0.17174364626407623,
    "auc": 0.8774530285937131,
    "acc": 0.8078358208955224,
    "rmse": 0.3920331560060426
  },
  "11": {
    "loss_main": 0.162694051861763,
    "auc": 0.8741486650231898,
    "acc": 0.8059701492537313,
    "rmse": 0.3994847354061446
  },
  "12": {
    "loss_main": 0.15235842764377594,
    "auc": 0.8723676513600468,
    "acc": 0.8003731343283582,
    "rmse": 0.40390089241768873
  },
  "13": {
    "loss_main": 0.1508830338716507,
    "auc": 0.8702593350882325,
    "acc": 0.7966417910447762,
    "rmse": 0.40920636219852036
  },
  "14": {
    "loss_main": 0.1429271399974823,
    "auc": 0.8662759927018483,
    "acc": 0.7901119402985075,
    "rmse": 0.42160846979877953
  },
  "15": {
    "loss_main": 0.14047862589359283,
    "auc": 0.8708129639688574,
    "acc": 0.7882462686567164,
    "rmse": 0.41531171033682285
  }
}