{
  "auc": 0.8845300287848703,
  "acc": 0.7952425373134329,
  "rmse": 0.39492344011700325
}