{
  "auc": [
    0.7626591520002202
  ],
  "acc": [
    0.7283903266179499
  ],
  "rmse": [
    0.4284366086231311
  ]
}