{
  "1": {
    "loss_main": 0.6237474679946899,
    "auc": 0.7315898645258943,
    "acc": 0.7058823529411765,
    "rmse": 0.44290574851923137
  },
  "2": {
    "loss_main": 0.5304405093193054,
    "auc": 0.7429800037101207,
    "acc": 0.7064879486454843,
    "rmse": 0.43781633521067265
  },
  "3": {
    "loss_main": 0.5002036094665527,
    "auc": 0.745202381527829,
    "acc": 0.7094755541200695,
    "rmse": 0.4391181516843583
  },
  "4": {
    "loss_main": 0.48421111702919006,
    "auc": 0.7441213371036914,
    "acc": 0.7137147240502241,
    "rmse": 0.43960790663399885
  },
  "5": {
    "loss_main": 0.47443461418151855,
    "auc": 0.7430634076777929,
    "acc": 0.7139771488554241,
    "rmse": 0.4436036331940801
  },
  "6": {
    "loss_main": 0.46894335746765137,
    "auc": 0.7410093253277832,
    "acc": 0.7004319916024062,
    "rmse": 0.4454601779141086
  },
  "7": {
    "loss_main": 0.46577924489974976,
    "auc": 0.7401249129665879,
    "acc": 0.6963341273365901,
    "rmse": 0.4508509960463505
  },
  "8": {
    "loss_main": 0.46244850754737854,
    "auc": 0.738444423471234,
    "acc": 0.7069118656384997,
    "rmse": 0.44390143644629404
  },
  "9": {
    "loss_main": 0.46217894554138184,
    "auc": 0.7374559044556319,
    "acc": 0.7096572328313617,
    "rmse": 0.44597599726822634
  },
  "10": {
    "loss_main": 0.46121054887771606,
    "auc": 0.7363807465375394,
    "acc": 0.7095159271670233,
    "rmse": 0.44745635251344074
  },
  "11": {
    "loss_main": 0.4610794186592102,
    "auc": 0.7338465935877386,
    "acc": 0.7097985384957003,
    "rmse": 0.44665634100933155
  },
  "12": {
    "loss_main": 0.45869016647338867,
    "auc": 0.7334957859651132,
    "acc": 0.7077193265775769,
    "rmse": 0.4472183635678813
  },
  "13": {
    "loss_main": 0.46049755811691284,
    "auc": 0.7312732997188418,
    "acc": 0.7108482377165005,
    "rmse": 0.44930704327192394
  }
}