{
  "auc": 0.7652114545590175,
  "acc": 0.7220517582461948,
  "rmse": 0.42925354979329766
}