{
  "1": {
    "loss_main": 0.6948404908180237,
    "auc": 0.6455423563132694,
    "acc": 0.605410447761194,
    "rmse": 0.5285601679604011
  },
  "2": {
    "loss_main": 0.6895148158073425,
    "auc": 0.7287193828300559,
    "acc": 0.6725746268656716,
    "rmse": 0.48616752883706965
  },
  "3": {
    "loss_main": 0.6596698760986328,
    "auc": 0.7934112207802173,
    "acc": 0.730410447761194,
    "rmse": 0.44574366994418546
  },
  "4": {
    "loss_main": 0.6794784069061279,
    "auc": 0.8066643820147317,
    "acc": 0.7346082089552238,
    "rmse": 0.44078981347269475
  },
  "5": {
    "loss_main": 0.6770390272140503,
    "auc": 0.8127365857359239,
    "acc": 0.7360074626865671,
    "rmse": 0.43808377010712385
  },
  "6": {
    "loss_main": 0.6736811995506287,
    "auc": 0.8182964867808469,
    "acc": 0.7374067164179104,
    "rmse": 0.43542990375396046
  },
  "7": {
    "loss_main": 0.6395193338394165,
    "auc": 0.8379004571919884,
    "acc": 0.7527985074626866,
    "rmse": 0.4228346471068156
  },
  "8": {
    "loss_main": 0.6682823896408081,
    "auc": 0.8396937345600692,
    "acc": 0.753731343283582,
    "rmse": 0.42105531534795243
  },
  "9": {
    "loss_main": 0.6665738224983215,
    "auc": 0.8409960733634874,
    "acc": 0.7541977611940298,
    "rmse": 0.41972369463310494
  },
  "10": {
    "loss_main": 0.6637264490127563,
    "auc": 0.8409747092518811,
    "acc": 0.7546641791044776,
    "rmse": 0.41866823294839134
  },
  "11": {
    "loss_main": 0.627181351184845,
    "auc": 0.8487067736441855,
    "acc": 0.7635261194029851,
    "rmse": 0.4115147391016905
  },
  "12": {
    "loss_main": 0.6613850593566895,
    "auc": 0.8496315344751362,
    "acc": 0.7644589552238806,
    "rmse": 0.41015011010796887
  },
  "13": {
    "loss_main": 0.6602407097816467,
    "auc": 0.8500173964908793,
    "acc": 0.7653917910447762,
    "rmse": 0.40893126528192336
  },
  "14": {
    "loss_main": 0.6397479772567749,
    "auc": 0.8481338666513194,
    "acc": 0.761660447761194,
    "rmse": 0.41091434718132186
  },
  "15": {
    "loss_main": 0.6357288360595703,
    "auc": 0.8504276746341722,
    "acc": 0.761660447761194,
    "rmse": 0.410021132965441
  },
  "16": {
    "loss_main": 0.6571046113967896,
    "auc": 0.8510241257500328,
    "acc": 0.761660447761194,
    "rmse": 0.4096019996387968
  },
  "17": {
    "loss_main": 0.656182587146759,
    "auc": 0.8509892455678189,
    "acc": 0.761660447761194,
    "rmse": 0.4092236042353828
  },
  "18": {
    "loss_main": 0.614551842212677,
    "auc": 0.8533654579811525,
    "acc": 0.7649253731343284,
    "rmse": 0.4069100300114019
  },
  "19": {
    "loss_main": 0.653324544429779,
    "auc": 0.8533122657032761,
    "acc": 0.7649253731343284,
    "rmse": 0.4066296234254993
  },
  "20": {
    "loss_main": 0.6543659567832947,
    "auc": 0.8533122657032761,
    "acc": 0.7649253731343284,
    "rmse": 0.40637067689711165
  },
  "21": {
    "loss_main": 0.6532769203186035,
    "auc": 0.853750883994618,
    "acc": 0.7649253731343284,
    "rmse": 0.406164178586411
  },
  "22": {
    "loss_main": 0.6073490381240845,
    "auc": 0.8510110456817026,
    "acc": 0.7611940298507462,
    "rmse": 0.4083973363262201
  },
  "23": {
    "loss_main": 0.6523512601852417,
    "auc": 0.851676385157436,
    "acc": 0.761660447761194,
    "rmse": 0.40776799934766805
  },
  "24": {
    "loss_main": 0.6525062322616577,
    "auc": 0.851676385157436,
    "acc": 0.761660447761194,
    "rmse": 0.4076106503688548
  },
  "25": {
    "loss_main": 0.6497625708580017,
    "auc": 0.851676385157436,
    "acc": 0.761660447761194,
    "rmse": 0.4074715076619154
  },
  "26": {
    "loss_main": 0.6054316163063049,
    "auc": 0.849346388985536,
    "acc": 0.7607276119402985,
    "rmse": 0.40840782618118154
  },
  "27": {
    "loss_main": 0.6513046622276306,
    "auc": 0.8490847876189305,
    "acc": 0.7607276119402985,
    "rmse": 0.40829132806344964
  },
  "28": {
    "loss_main": 0.6511482000350952,
    "auc": 0.8490847876189305,
    "acc": 0.7607276119402985,
    "rmse": 0.40816837144596657
  },
  "29": {
    "loss_main": 0.6111469864845276,
    "auc": 0.8513964716951681,
    "acc": 0.7635261194029851,
    "rmse": 0.4059961516228457
  },
  "30": {
    "loss_main": 0.638420820236206,
    "auc": 0.8509909895769296,
    "acc": 0.7625932835820896,
    "rmse": 0.40671820436456446
  },
  "31": {
    "loss_main": 0.6504561901092529,
    "auc": 0.8509909895769296,
    "acc": 0.7625932835820896,
    "rmse": 0.40663295815575584
  }
}