{
  "1": {
    "loss_main": 0.6937978267669678,
    "auc": 0.6420850074419445,
    "acc": 0.582089552238806,
    "rmse": 0.540472425860223
  },
  "2": {
    "loss_main": 0.6888573169708252,
    "auc": 0.7340120983126037,
    "acc": 0.652518656716418,
    "rmse": 0.496962754879359
  },
  "3": {
    "loss_main": 0.6590417623519897,
    "auc": 0.8092248537265416,
    "acc": 0.7276119402985075,
    "rmse": 0.4462354865772755
  },
  "4": {
    "loss_main": 0.6792829632759094,
    "auc": 0.8179289028986307,
    "acc": 0.7313432835820896,
    "rmse": 0.4413885433730356
  },
  "5": {
    "loss_main": 0.6770327091217041,
    "auc": 0.8245214044707799,
    "acc": 0.7332089552238806,
    "rmse": 0.4381958162538497
  },
  "6": {
    "loss_main": 0.6738266348838806,
    "auc": 0.8300618597932394,
    "acc": 0.7364738805970149,
    "rmse": 0.43421715949207523
  },
  "7": {
    "loss_main": 0.6395244598388672,
    "auc": 0.837773503520123,
    "acc": 0.7430037313432836,
    "rmse": 0.42817734725468237
  },
  "8": {
    "loss_main": 0.6687047481536865,
    "auc": 0.8395118575567092,
    "acc": 0.7434701492537313,
    "rmse": 0.4265651311548709
  },
  "9": {
    "loss_main": 0.6671215295791626,
    "auc": 0.8396802551223119,
    "acc": 0.7448694029850746,
    "rmse": 0.4246399132381209
  },
  "10": {
    "loss_main": 0.664372980594635,
    "auc": 0.8412252150796511,
    "acc": 0.7453358208955224,
    "rmse": 0.4234393397780424
  },
  "11": {
    "loss_main": 0.627343475818634,
    "auc": 0.843966499409293,
    "acc": 0.7486007462686567,
    "rmse": 0.42065148067583313
  },
  "12": {
    "loss_main": 0.6622064113616943,
    "auc": 0.8445580835655377,
    "acc": 0.7490671641791045,
    "rmse": 0.4195700835257618
  },
  "13": {
    "loss_main": 0.6611223220825195,
    "auc": 0.8449527653599191,
    "acc": 0.7490671641791045,
    "rmse": 0.4189626872410108
  },
  "14": {
    "loss_main": 0.6411640644073486,
    "auc": 0.8450470504552435,
    "acc": 0.7476679104477612,
    "rmse": 0.4192620171830392
  },
  "15": {
    "loss_main": 0.6357508301734924,
    "auc": 0.8426824679715724,
    "acc": 0.746268656716418,
    "rmse": 0.4200937850726254
  },
  "16": {
    "loss_main": 0.6581612229347229,
    "auc": 0.8428061349338118,
    "acc": 0.746268656716418,
    "rmse": 0.4196455290167255
  },
  "17": {
    "loss_main": 0.65727698802948,
    "auc": 0.8424710939439148,
    "acc": 0.746268656716418,
    "rmse": 0.4193033142618903
  },
  "18": {
    "loss_main": 0.6136131286621094,
    "auc": 0.8446628935087124,
    "acc": 0.7467350746268657,
    "rmse": 0.41813412184522825
  },
  "19": {
    "loss_main": 0.6544890999794006,
    "auc": 0.8454417322496248,
    "acc": 0.7472014925373134,
    "rmse": 0.4173747146242165
  },
  "20": {
    "loss_main": 0.655563235282898,
    "auc": 0.8454417322496248,
    "acc": 0.7472014925373134,
    "rmse": 0.4170588634349
  },
  "21": {
    "loss_main": 0.6544769406318665,
    "auc": 0.844850586628707,
    "acc": 0.7467350746268657,
    "rmse": 0.41724702431867355
  },
  "22": {
    "loss_main": 0.609499990940094,
    "auc": 0.8475352999011541,
    "acc": 0.7518656716417911,
    "rmse": 0.41387339538267764
  },
  "23": {
    "loss_main": 0.6536170840263367,
    "auc": 0.8476089738361052,
    "acc": 0.7518656716417911,
    "rmse": 0.41367132674947255
  },
  "24": {
    "loss_main": 0.6538093686103821,
    "auc": 0.8476089738361052,
    "acc": 0.7518656716417911,
    "rmse": 0.4134841334425102
  },
  "25": {
    "loss_main": 0.6510599851608276,
    "auc": 0.8478124542278753,
    "acc": 0.7523320895522388,
    "rmse": 0.41303799398336305
  },
  "26": {
    "loss_main": 0.6059550642967224,
    "auc": 0.8472270095662097,
    "acc": 0.7513992537313433,
    "rmse": 0.41342744170602386
  },
  "27": {
    "loss_main": 0.6526311039924622,
    "auc": 0.8475410008604063,
    "acc": 0.7513992537313433,
    "rmse": 0.4132950346005354
  },
  "28": {
    "loss_main": 0.6524884700775146,
    "auc": 0.8475410008604063,
    "acc": 0.7513992537313433,
    "rmse": 0.4131633063835358
  },
  "29": {
    "loss_main": 0.617527961730957,
    "auc": 0.8464556259258578,
    "acc": 0.7490671641791045,
    "rmse": 0.4144778957029486
  },
  "30": {
    "loss_main": 0.6391633152961731,
    "auc": 0.8468082083288384,
    "acc": 0.7490671641791045,
    "rmse": 0.4143785673882619
  },
  "31": {
    "loss_main": 0.6518397331237793,
    "auc": 0.8468082083288384,
    "acc": 0.7490671641791045,
    "rmse": 0.4142779923145702
  },
  "32": {
    "loss_main": 0.6513468027114868,
    "auc": 0.8472888430473294,
    "acc": 0.7495335820895522,
    "rmse": 0.4137988240629996
  },
  "33": {
    "loss_main": 0.5977468490600586,
    "auc": 0.8479334899781521,
    "acc": 0.7495335820895522,
    "rmse": 0.4134827639944051
  },
  "34": {
    "loss_main": 0.6495760083198547,
    "auc": 0.8479334899781521,
    "acc": 0.7495335820895522,
    "rmse": 0.4134025712947856
  },
  "35": {
    "loss_main": 0.6512038707733154,
    "auc": 0.8479334899781521,
    "acc": 0.7495335820895522,
    "rmse": 0.41333669351870606
  },
  "36": {
    "loss_main": 0.649917483329773,
    "auc": 0.8479334899781521,
    "acc": 0.7495335820895522,
    "rmse": 0.4132659736218472
  },
  "37": {
    "loss_main": 0.5944691300392151,
    "auc": 0.8485833993329001,
    "acc": 0.7527985074626866,
    "rmse": 0.41156812804479054
  },
  "38": {
    "loss_main": 0.6501391530036926,
    "auc": 0.8485833993329001,
    "acc": 0.7527985074626866,
    "rmse": 0.4115116611962892
  },
  "39": {
    "loss_main": 0.6506442427635193,
    "auc": 0.8485833993329001,
    "acc": 0.7527985074626866,
    "rmse": 0.41145661711837883
  },
  "40": {
    "loss_main": 0.6449742317199707,
    "auc": 0.8485833993329001,
    "acc": 0.7527985074626866,
    "rmse": 0.41142282654674434
  },
  "41": {
    "loss_main": 0.595711886882782,
    "auc": 0.8511619870561913,
    "acc": 0.7541977611940298,
    "rmse": 0.4097903845100663
  },
  "42": {
    "loss_main": 0.650111734867096,
    "auc": 0.8511619870561913,
    "acc": 0.7541977611940298,
    "rmse": 0.4097326543614964
  },
  "43": {
    "loss_main": 0.6500721573829651,
    "auc": 0.8511619870561913,
    "acc": 0.7541977611940298,
    "rmse": 0.4096943206859486
  },
  "44": {
    "loss_main": 0.5954710841178894,
    "auc": 0.8511545319556307,
    "acc": 0.7551305970149254,
    "rmse": 0.4097241077900547
  },
  "45": {
    "loss_main": 0.6414802670478821,
    "auc": 0.8510541073657272,
    "acc": 0.7546641791044776,
    "rmse": 0.41011537620696
  },
  "46": {
    "loss_main": 0.6499394774436951,
    "auc": 0.8510541073657272,
    "acc": 0.7546641791044776,
    "rmse": 0.4100819838362837
  },
  "47": {
    "loss_main": 0.649274468421936,
    "auc": 0.8510541073657272,
    "acc": 0.7546641791044776,
    "rmse": 0.41006559550845667
  },
  "48": {
    "loss_main": 0.5862135291099548,
    "auc": 0.8483715867699154,
    "acc": 0.7513992537313433,
    "rmse": 0.4122069726874792
  },
  "49": {
    "loss_main": 0.6478615999221802,
    "auc": 0.8495402834166113,
    "acc": 0.7523320895522388,
    "rmse": 0.4113214562899807
  },
  "50": {
    "loss_main": 0.6496902704238892,
    "auc": 0.8494587158457725,
    "acc": 0.7523320895522388,
    "rmse": 0.4112762056135126
  },
  "51": {
    "loss_main": 0.6475203633308411,
    "auc": 0.8492552354540025,
    "acc": 0.7518656716417911,
    "rmse": 0.41155764632668634
  },
  "52": {
    "loss_main": 0.5829360485076904,
    "auc": 0.8470897480088304,
    "acc": 0.7513992537313433,
    "rmse": 0.41259063172991306
  },
  "53": {
    "loss_main": 0.6487966775894165,
    "auc": 0.8477072057493736,
    "acc": 0.7523320895522388,
    "rmse": 0.41192384132147747
  }
}