{
  "1": {
    "loss_main": 0.694725751876831,
    "auc": 0.7191699459848823,
    "acc": 0.6758851790544632,
    "rmse": 0.45418852926998277
  },
  "2": {
    "loss_main": 0.5368613600730896,
    "auc": 0.7429377240182223,
    "acc": 0.7113529008034236,
    "rmse": 0.4381365913022324
  },
  "3": {
    "loss_main": 0.48314133286476135,
    "auc": 0.7505130390784247,
    "acc": 0.7236263070773952,
    "rmse": 0.43451899536256694
  },
  "4": {
    "loss_main": 0.45874717831611633,
    "auc": 0.7524710860916697,
    "acc": 0.7183374379264403,
    "rmse": 0.4354608904208337
  },
  "5": {
    "loss_main": 0.4440528154373169,
    "auc": 0.7528240537981066,
    "acc": 0.7253623480964109,
    "rmse": 0.4355011133350546
  },
  "6": {
    "loss_main": 0.4334981143474579,
    "auc": 0.7525850700660179,
    "acc": 0.7233436957487182,
    "rmse": 0.4384314804860266
  },
  "7": {
    "loss_main": 0.4254625141620636,
    "auc": 0.7523227927838527,
    "acc": 0.7230005248496104,
    "rmse": 0.4408756544185634
  },
  "8": {
    "loss_main": 0.4188569188117981,
    "auc": 0.7520308245090589,
    "acc": 0.7168032621421939,
    "rmse": 0.440454824876379
  },
  "9": {
    "loss_main": 0.4136653542518616,
    "auc": 0.7515444732960004,
    "acc": 0.7139367758084703,
    "rmse": 0.4418606739878307
  },
  "10": {
    "loss_main": 0.4087468385696411,
    "auc": 0.7512282218904587,
    "acc": 0.7261698090354879,
    "rmse": 0.4420918398256534
  },
  "11": {
    "loss_main": 0.40485328435897827,
    "auc": 0.7508230895285511,
    "acc": 0.7233638822721951,
    "rmse": 0.4414032286143915
  },
  "12": {
    "loss_main": 0.40090036392211914,
    "auc": 0.7505437803841122,
    "acc": 0.7258468246598571,
    "rmse": 0.44359501697753045
  },
  "13": {
    "loss_main": 0.3976442515850067,
    "auc": 0.7499883389349881,
    "acc": 0.7201945980863176,
    "rmse": 0.4459297018832911
  },
  "14": {
    "loss_main": 0.3941342830657959,
    "auc": 0.7496555022288474,
    "acc": 0.7243933949695184,
    "rmse": 0.4459535101066277
  },
  "15": {
    "loss_main": 0.390256404876709,
    "auc": 0.7492650287004742,
    "acc": 0.7075174613428076,
    "rmse": 0.44784762900247527
  }
}