{
  "auc": 0.7448189765603619,
  "acc": 0.7074367152488998,
  "rmse": 0.4402785454214218
}