{
  "1": {
    "loss_main": 0.5812086462974548,
    "auc": 0.7666562905577462,
    "acc": 0.7296418910735193,
    "rmse": 0.42570615683694274
  },
  "2": {
    "loss_main": 0.49696284532546997,
    "auc": 0.7715969664108517,
    "acc": 0.7322459526020428,
    "rmse": 0.4236909670768807
  },
  "3": {
    "loss_main": 0.4707482159137726,
    "auc": 0.7700839461028373,
    "acc": 0.7281077152892729,
    "rmse": 0.4285271148393109
  },
  "4": {
    "loss_main": 0.45558714866638184,
    "auc": 0.769673938562157,
    "acc": 0.7296620775969962,
    "rmse": 0.4264667312653676
  },
  "5": {
    "loss_main": 0.4447643756866455,
    "auc": 0.7683964851035874,
    "acc": 0.7255642133311802,
    "rmse": 0.4290865770934633
  },
  "6": {
    "loss_main": 0.4367734491825104,
    "auc": 0.7676660057864227,
    "acc": 0.7238079857886874,
    "rmse": 0.4318515555647137
  },
  "7": {
    "loss_main": 0.43024682998657227,
    "auc": 0.7668386741608066,
    "acc": 0.7169243812830555,
    "rmse": 0.4399865028901304
  },
  "8": {
    "loss_main": 0.4253862500190735,
    "auc": 0.7662755500863494,
    "acc": 0.7251806693851185,
    "rmse": 0.4300427788701974
  },
  "9": {
    "loss_main": 0.4205557703971863,
    "auc": 0.7649753698352515,
    "acc": 0.7157333763979168,
    "rmse": 0.43885701757241913
  },
  "10": {
    "loss_main": 0.4167497754096985,
    "auc": 0.765030626697349,
    "acc": 0.7233033227017643,
    "rmse": 0.43476965971768555
  },
  "11": {
    "loss_main": 0.4131864607334137,
    "auc": 0.7648667120149648,
    "acc": 0.7157939359683475,
    "rmse": 0.4411831857600303
  },
  "12": {
    "loss_main": 0.4105075001716614,
    "auc": 0.7641638187464282,
    "acc": 0.724756752392103,
    "rmse": 0.4333126600389833
  }
}