{
  "auc": 0.7566492107148823,
  "acc": 0.7221657942026721,
  "rmse": 0.42883698645922447
}