{
  "1": {
    "loss_main": 0.6879450082778931,
    "auc": 0.7257989152171069,
    "acc": 0.663248415357907,
    "rmse": 0.45559517298373564
  },
  "2": {
    "loss_main": 0.5374898910522461,
    "auc": 0.7490204265487364,
    "acc": 0.7250999232912108,
    "rmse": 0.43293703883385937
  },
  "3": {
    "loss_main": 0.4844714403152466,
    "auc": 0.755469211244516,
    "acc": 0.7268561508337035,
    "rmse": 0.43310927052855963
  },
  "4": {
    "loss_main": 0.45975011587142944,
    "auc": 0.7570325828337181,
    "acc": 0.7216682143001333,
    "rmse": 0.43254214426005766
  },
  "5": {
    "loss_main": 0.44556617736816406,
    "auc": 0.7569366910994951,
    "acc": 0.7203560902741329,
    "rmse": 0.43337472762260754
  },
  "6": {
    "loss_main": 0.434935599565506,
    "auc": 0.7565976256350192,
    "acc": 0.7272598813032419,
    "rmse": 0.4342185664991586
  },
  "7": {
    "loss_main": 0.4263191223144531,
    "auc": 0.756043566067238,
    "acc": 0.719245831482902,
    "rmse": 0.4374849112497278
  },
  "8": {
    "loss_main": 0.4200141131877899,
    "auc": 0.7555741354823116,
    "acc": 0.706286083410715,
    "rmse": 0.44427904037223404
  },
  "9": {
    "loss_main": 0.41508936882019043,
    "auc": 0.7552015975668189,
    "acc": 0.7154507650692398,
    "rmse": 0.4402085994834595
  },
  "10": {
    "loss_main": 0.4099229574203491,
    "auc": 0.7546525685459657,
    "acc": 0.7176712826517018,
    "rmse": 0.4400251268668301
  },
  "11": {
    "loss_main": 0.40594202280044556,
    "auc": 0.7543148421222662,
    "acc": 0.7251402963381647,
    "rmse": 0.4401202584509354
  },
  "12": {
    "loss_main": 0.4021274149417877,
    "auc": 0.7538979829383796,
    "acc": 0.7171868060882555,
    "rmse": 0.4430539427684394
  },
  "13": {
    "loss_main": 0.39887160062789917,
    "auc": 0.7537253305355249,
    "acc": 0.7190843392950866,
    "rmse": 0.44270360233546524
  },
  "14": {
    "loss_main": 0.39565253257751465,
    "auc": 0.753280960799029,
    "acc": 0.7248778715329646,
    "rmse": 0.443381590433668
  }
}