{
  "auc": 0.9104839363680836,
  "acc": 0.8316231343283582,
  "rmse": 0.3451849291842305
}