{
  "1": {
    "loss_main": 0.5749545693397522,
    "auc": 0.7593521871349201,
    "acc": 0.717307925229117,
    "rmse": 0.43087301569880976
  },
  "2": {
    "loss_main": 0.5135677456855774,
    "auc": 0.7630561957675259,
    "acc": 0.7238483588356414,
    "rmse": 0.4275353547863887
  },
  "3": {
    "loss_main": 0.49846726655960083,
    "auc": 0.7618095012173044,
    "acc": 0.7236868666478259,
    "rmse": 0.4285314092797853
  },
  "4": {
    "loss_main": 0.4907715916633606,
    "auc": 0.7613073831967396,
    "acc": 0.722273810004441,
    "rmse": 0.42871312725229127
  },
  "5": {
    "loss_main": 0.48508062958717346,
    "auc": 0.7598031801521407,
    "acc": 0.7222334369574872,
    "rmse": 0.4292919766091957
  },
  "6": {
    "loss_main": 0.4815988540649414,
    "auc": 0.7606418413847842,
    "acc": 0.7236061205539182,
    "rmse": 0.4299858617953382
  },
  "7": {
    "loss_main": 0.47861143946647644,
    "auc": 0.7612328253056638,
    "acc": 0.7217489603940409,
    "rmse": 0.43012678059966275
  },
  "8": {
    "loss_main": 0.47587770223617554,
    "auc": 0.7605407114765501,
    "acc": 0.7217489603940409,
    "rmse": 0.43179508397279787
  },
  "9": {
    "loss_main": 0.4741958677768707,
    "auc": 0.7595354552183567,
    "acc": 0.7221123178166257,
    "rmse": 0.4308489275138604
  },
  "10": {
    "loss_main": 0.472690224647522,
    "auc": 0.7600752748967744,
    "acc": 0.72090112640801,
    "rmse": 0.4313645494057922
  },
  "11": {
    "loss_main": 0.47099578380584717,
    "auc": 0.7582545584261546,
    "acc": 0.7146029310832088,
    "rmse": 0.4357535551837681
  },
  "12": {
    "loss_main": 0.46985185146331787,
    "auc": 0.7585105686996692,
    "acc": 0.7229197787557027,
    "rmse": 0.4316736614306178
  }
}