{
  "auc": 0.7481698626733126,
  "acc": 0.7098994711130849,
  "rmse": 0.43796269608939703
}