{
  "1": {
    "loss_main": 0.5728753805160522,
    "auc": 0.7638502121546411,
    "acc": 0.7227582865678873,
    "rmse": 0.4276377773511371
  },
  "2": {
    "loss_main": 0.5158985257148743,
    "auc": 0.7689037056560923,
    "acc": 0.7297024506439501,
    "rmse": 0.42457490165182354
  },
  "3": {
    "loss_main": 0.5020261406898499,
    "auc": 0.7686811037315067,
    "acc": 0.7291977875570269,
    "rmse": 0.4250382055612793
  },
  "4": {
    "loss_main": 0.49456536769866943,
    "auc": 0.7679893067361618,
    "acc": 0.7305906576769349,
    "rmse": 0.42546466992145393
  },
  "5": {
    "loss_main": 0.48969390988349915,
    "auc": 0.7681948847332736,
    "acc": 0.7264726068876418,
    "rmse": 0.42637783217237385
  },
  "6": {
    "loss_main": 0.4863748848438263,
    "auc": 0.7686638746212354,
    "acc": 0.7295409584561346,
    "rmse": 0.42586103619209686
  },
  "7": {
    "loss_main": 0.4829487204551697,
    "auc": 0.7673578629224653,
    "acc": 0.7248173119625339,
    "rmse": 0.42835368432163357
  },
  "8": {
    "loss_main": 0.4811358153820038,
    "auc": 0.7663061271274751,
    "acc": 0.7192054584359482,
    "rmse": 0.43140893647249634
  },
  "9": {
    "loss_main": 0.47943657636642456,
    "auc": 0.7664749390436254,
    "acc": 0.7252614154790262,
    "rmse": 0.42815634410866305
  },
  "10": {
    "loss_main": 0.47820860147476196,
    "auc": 0.76605844294408,
    "acc": 0.7263313012233034,
    "rmse": 0.42753199139738407
  },
  "11": {
    "loss_main": 0.4771559536457062,
    "auc": 0.7663174273470061,
    "acc": 0.728370140094473,
    "rmse": 0.4274705569685526
  },
  "12": {
    "loss_main": 0.4759855270385742,
    "auc": 0.7658850081702987,
    "acc": 0.7282288344301344,
    "rmse": 0.4292293360084812
  }
}