{
  "auc": 0.766819703948008,
  "acc": 0.7317816625620736,
  "rmse": 0.42565940723462337
}