{
  "1": {
    "loss_main": 0.6748359799385071,
    "auc": 0.7219843898964968,
    "acc": 0.6623134328358209,
    "rmse": 0.4775372370585557
  },
  "2": {
    "loss_main": 0.593765914440155,
    "auc": 0.8691112379939991,
    "acc": 0.7947761194029851,
    "rmse": 0.4046426298975111
  },
  "3": {
    "loss_main": 0.423578679561615,
    "auc": 0.8806096342703078,
    "acc": 0.7961753731343284,
    "rmse": 0.3731410921163444
  },
  "4": {
    "loss_main": 0.3826115131378174,
    "auc": 0.8845731165565502,
    "acc": 0.8013059701492538,
    "rmse": 0.3707493639649217
  },
  "5": {
    "loss_main": 0.37507134675979614,
    "auc": 0.8850519971337331,
    "acc": 0.8027052238805971,
    "rmse": 0.3705184090425709
  },
  "6": {
    "loss_main": 0.37139061093330383,
    "auc": 0.8867693014746189,
    "acc": 0.8078358208955224,
    "rmse": 0.3699525250443182
  },
  "7": {
    "loss_main": 0.3685792088508606,
    "auc": 0.8864842535120102,
    "acc": 0.8111007462686567,
    "rmse": 0.36886028968076146
  },
  "8": {
    "loss_main": 0.36679646372795105,
    "auc": 0.8867719326865815,
    "acc": 0.8092350746268657,
    "rmse": 0.3690110236436388
  },
  "9": {
    "loss_main": 0.3649204969406128,
    "auc": 0.886585993707895,
    "acc": 0.8092350746268657,
    "rmse": 0.36948812366157946
  },
  "10": {
    "loss_main": 0.3637803792953491,
    "auc": 0.8875393695089895,
    "acc": 0.8092350746268657,
    "rmse": 0.36955248346274905
  },
  "11": {
    "loss_main": 0.3628353178501129,
    "auc": 0.8876253224330992,
    "acc": 0.808768656716418,
    "rmse": 0.3684970351724907
  },
  "12": {
    "loss_main": 0.3613474667072296,
    "auc": 0.8882954044128932,
    "acc": 0.8101679104477612,
    "rmse": 0.36789608620612013
  },
  "13": {
    "loss_main": 0.36033716797828674,
    "auc": 0.888639216109332,
    "acc": 0.8115671641791045,
    "rmse": 0.3675336018271296
  },
  "14": {
    "loss_main": 0.35986441373825073,
    "auc": 0.8885488778319515,
    "acc": 0.8120335820895522,
    "rmse": 0.3682460541834242
  },
  "15": {
    "loss_main": 0.35886627435684204,
    "auc": 0.8891549336539903,
    "acc": 0.8101679104477612,
    "rmse": 0.36845513936559793
  },
  "16": {
    "loss_main": 0.3583714962005615,
    "auc": 0.8896039938289309,
    "acc": 0.8101679104477612,
    "rmse": 0.3669995577702989
  },
  "17": {
    "loss_main": 0.3575264513492584,
    "auc": 0.8888321716532519,
    "acc": 0.8083022388059702,
    "rmse": 0.3676269417756548
  },
  "18": {
    "loss_main": 0.35769036412239075,
    "auc": 0.8890628412353013,
    "acc": 0.8078358208955224,
    "rmse": 0.3673487978596123
  },
  "19": {
    "loss_main": 0.35667693614959717,
    "auc": 0.889382094953423,
    "acc": 0.8092350746268657,
    "rmse": 0.3672127410654145
  },
  "20": {
    "loss_main": 0.3564436733722687,
    "auc": 0.8901907540965778,
    "acc": 0.8115671641791045,
    "rmse": 0.36733535062532546
  },
  "21": {
    "loss_main": 0.3558381497859955,
    "auc": 0.8891031864853937,
    "acc": 0.808768656716418,
    "rmse": 0.36730486434807313
  },
  "22": {
    "loss_main": 0.3559553325176239,
    "auc": 0.8885585256091475,
    "acc": 0.8101679104477612,
    "rmse": 0.3682209851202702
  },
  "23": {
    "loss_main": 0.35565313696861267,
    "auc": 0.8897074881661242,
    "acc": 0.8101679104477612,
    "rmse": 0.3669439278989691
  },
  "24": {
    "loss_main": 0.3548358976840973,
    "auc": 0.8895917148397723,
    "acc": 0.8115671641791045,
    "rmse": 0.36717341781558954
  },
  "25": {
    "loss_main": 0.3547285199165344,
    "auc": 0.8896873155410779,
    "acc": 0.8111007462686567,
    "rmse": 0.3666592511416998
  },
  "26": {
    "loss_main": 0.3544546663761139,
    "auc": 0.8899530679492947,
    "acc": 0.8101679104477612,
    "rmse": 0.36728336219177005
  },
  "27": {
    "loss_main": 0.354501873254776,
    "auc": 0.8896224123126686,
    "acc": 0.8120335820895522,
    "rmse": 0.36693637458006223
  },
  "28": {
    "loss_main": 0.3541843891143799,
    "auc": 0.8891689667844572,
    "acc": 0.8083022388059702,
    "rmse": 0.3669993953595911
  },
  "29": {
    "loss_main": 0.3538552522659302,
    "auc": 0.889823261492476,
    "acc": 0.8125,
    "rmse": 0.3663756343519797
  },
  "30": {
    "loss_main": 0.35370582342147827,
    "auc": 0.8892750923336131,
    "acc": 0.8101679104477612,
    "rmse": 0.3671160689330388
  }
}