{
  "auc": [
    0.560437823026977
  ],
  "acc": [
    0.6219681148032505
  ],
  "rmse": [
    0.48828250121910005
  ]
}