{
  "1": {
    "loss_main": 0.6314374804496765,
    "auc": 0.8612125658360088,
    "acc": 0.7840485074626866,
    "rmse": 0.38856339977663984
  },
  "2": {
    "loss_main": 0.4129524230957031,
    "auc": 0.8897066621789933,
    "acc": 0.8115671641791045,
    "rmse": 0.36394524138948314
  },
  "3": {
    "loss_main": 0.3656628131866455,
    "auc": 0.893686842790316,
    "acc": 0.8278917910447762,
    "rmse": 0.36054119299878035
  },
  "4": {
    "loss_main": 0.3379196524620056,
    "auc": 0.8945852539611168,
    "acc": 0.8302238805970149,
    "rmse": 0.35664113557576366
  },
  "5": {
    "loss_main": 0.30289173126220703,
    "auc": 0.8936000694186973,
    "acc": 0.8311567164179104,
    "rmse": 0.3552600960850534
  },
  "6": {
    "loss_main": 0.2730831205844879,
    "auc": 0.8922555204079575,
    "acc": 0.8316231343283582,
    "rmse": 0.3574993904148587
  },
  "7": {
    "loss_main": 0.24645788967609406,
    "auc": 0.8908417279996634,
    "acc": 0.8348880597014925,
    "rmse": 0.3602264311093891
  },
  "8": {
    "loss_main": 0.22341197729110718,
    "auc": 0.8887758205561734,
    "acc": 0.8269589552238806,
    "rmse": 0.36696526721522105
  },
  "9": {
    "loss_main": 0.1996862143278122,
    "auc": 0.8823620412953599,
    "acc": 0.8208955223880597,
    "rmse": 0.37164604848641664
  },
  "10": {
    "loss_main": 0.18356220424175262,
    "auc": 0.8765526078904167,
    "acc": 0.8166977611940298,
    "rmse": 0.38115080418472497
  },
  "11": {
    "loss_main": 0.16211150586605072,
    "auc": 0.8726705951338545,
    "acc": 0.8134328358208955,
    "rmse": 0.3875570170693377
  },
  "12": {
    "loss_main": 0.15342940390110016,
    "auc": 0.8692513736925926,
    "acc": 0.8059701492537313,
    "rmse": 0.3938174636508635
  },
  "13": {
    "loss_main": 0.14417892694473267,
    "auc": 0.8676631580423577,
    "acc": 0.8050373134328358,
    "rmse": 0.40025182039274587
  },
  "14": {
    "loss_main": 0.13768592476844788,
    "auc": 0.8672218409452863,
    "acc": 0.8031716417910447,
    "rmse": 0.40139768535643255
  }
}