{
  "auc": 0.8892520081854556,
  "acc": 0.8190298507462687,
  "rmse": 0.36969555917760133,
  "doa_all": 0.8466572006705688
}