{
  "1": {
    "loss_main": 0.6221274137496948,
    "loss_r": 0.0059450105763971806,
    "loss_w1": 0.003190241986885667,
    "loss_w2": 0.008304859511554241,
    "auc": 0.7137482642324544,
    "acc": 0.7038468452273953,
    "rmse": 0.44890669889391116
  },
  "2": {
    "loss_main": 0.5804860591888428,
    "loss_r": 0.005267711356282234,
    "loss_w1": 0.0033842658158391714,
    "loss_w2": 0.009182061068713665,
    "auc": 0.7277431997610253,
    "acc": 0.713643717418659,
    "rmse": 0.4395287512237981
  },
  "3": {
    "loss_main": 0.5708399415016174,
    "loss_r": 0.005106681026518345,
    "loss_w1": 0.003231137292459607,
    "loss_w2": 0.009025880135595798,
    "auc": 0.7338322385113054,
    "acc": 0.7133740787344958,
    "rmse": 0.43781587573539615
  },
  "4": {
    "loss_main": 0.5651053786277771,
    "loss_r": 0.00500389514490962,
    "loss_w1": 0.0031324473675340414,
    "loss_w2": 0.008928265422582626,
    "auc": 0.737189570491945,
    "acc": 0.7162951644795973,
    "rmse": 0.435534284606421
  },
  "5": {
    "loss_main": 0.5609580278396606,
    "loss_r": 0.004931128583848476,
    "loss_w1": 0.0031179264187812805,
    "loss_w2": 0.00904562696814537,
    "auc": 0.7401784330818948,
    "acc": 0.7173287794355564,
    "rmse": 0.4343795014566683
  },
  "6": {
    "loss_main": 0.5584943294525146,
    "loss_r": 0.004911895375698805,
    "loss_w1": 0.0030676182359457016,
    "loss_w2": 0.008988024666905403,
    "auc": 0.7417704371675455,
    "acc": 0.7181826352687399,
    "rmse": 0.43374248050141184
  },
  "7": {
    "loss_main": 0.5552047491073608,
    "loss_r": 0.004862252622842789,
    "loss_w1": 0.0030622866470366716,
    "loss_w2": 0.009049379266798496,
    "auc": 0.7440640825782864,
    "acc": 0.7199352867158009,
    "rmse": 0.43288514942560824
  },
  "8": {
    "loss_main": 0.5528281927108765,
    "loss_r": 0.004839517641812563,
    "loss_w1": 0.003075362415984273,
    "loss_w2": 0.009122293442487717,
    "auc": 0.7468054078937201,
    "acc": 0.7211486607945353,
    "rmse": 0.4324382127606279
  },
  "9": {
    "loss_main": 0.5504477024078369,
    "loss_r": 0.004815642721951008,
    "loss_w1": 0.0030582412146031857,
    "loss_w2": 0.009120581671595573,
    "auc": 0.7474361582830017,
    "acc": 0.7226316735574331,
    "rmse": 0.4319347570456688
  },
  "10": {
    "loss_main": 0.5483889579772949,
    "loss_r": 0.004785007797181606,
    "loss_w1": 0.003083788324147463,
    "loss_w2": 0.009260443970561028,
    "auc": 0.7477530135937844,
    "acc": 0.7204745640841272,
    "rmse": 0.43198448397115236
  },
  "11": {
    "loss_main": 0.5475935935974121,
    "loss_r": 0.00477487500756979,
    "loss_w1": 0.0030967197380959988,
    "loss_w2": 0.009313960559666157,
    "auc": 0.7484186903057561,
    "acc": 0.7228114326802085,
    "rmse": 0.4310725344518309
  },
  "12": {
    "loss_main": 0.5455866456031799,
    "loss_r": 0.004751965869218111,
    "loss_w1": 0.003118059830740094,
    "loss_w2": 0.009400098584592342,
    "auc": 0.7494050176113939,
    "acc": 0.7228114326802085,
    "rmse": 0.431475732990661
  },
  "13": {
    "loss_main": 0.5446469187736511,
    "loss_r": 0.004751087166368961,
    "loss_w1": 0.0031658003572374582,
    "loss_w2": 0.009547914378345013,
    "auc": 0.7494815418250558,
    "acc": 0.7232158907064533,
    "rmse": 0.43090687176117803
  },
  "14": {
    "loss_main": 0.5413248538970947,
    "loss_r": 0.004712877795100212,
    "loss_w1": 0.0031836454290896654,
    "loss_w2": 0.009632226079702377,
    "auc": 0.7507851353393901,
    "acc": 0.7234405896099227,
    "rmse": 0.4305715656209332
  },
  "15": {
    "loss_main": 0.5409315228462219,
    "loss_r": 0.004708186723291874,
    "loss_w1": 0.0032361322082579136,
    "loss_w2": 0.009786076843738556,
    "auc": 0.7512569345098092,
    "acc": 0.7240697465396368,
    "rmse": 0.43047472193291536
  },
  "16": {
    "loss_main": 0.5385653376579285,
    "loss_r": 0.0046914974227547646,
    "loss_w1": 0.003263874212279916,
    "loss_w2": 0.009925185702741146,
    "auc": 0.7511329096136372,
    "acc": 0.7221822757504943,
    "rmse": 0.43047010071918124
  },
  "17": {
    "loss_main": 0.5377549529075623,
    "loss_r": 0.004687545355409384,
    "loss_w1": 0.003323326585814357,
    "loss_w2": 0.010066108778119087,
    "auc": 0.7518669853643907,
    "acc": 0.7221822757504943,
    "rmse": 0.4301878356976621
  },
  "18": {
    "loss_main": 0.5366476774215698,
    "loss_r": 0.004667338449507952,
    "loss_w1": 0.003355321241542697,
    "loss_w2": 0.010194418020546436,
    "auc": 0.7529557499618152,
    "acc": 0.7236203487326982,
    "rmse": 0.42989949285442236
  },
  "19": {
    "loss_main": 0.5340582132339478,
    "loss_r": 0.004663895349949598,
    "loss_w1": 0.003432349069043994,
    "loss_w2": 0.010435275733470917,
    "auc": 0.7529419561630246,
    "acc": 0.7225417939960453,
    "rmse": 0.4297191434826109
  },
  "20": {
    "loss_main": 0.5333184003829956,
    "loss_r": 0.004643225111067295,
    "loss_w1": 0.0034885574132204056,
    "loss_w2": 0.010620683431625366,
    "auc": 0.75360038251503,
    "acc": 0.7238001078554737,
    "rmse": 0.4297465717285449
  },
  "21": {
    "loss_main": 0.5310652256011963,
    "loss_r": 0.00462578609585762,
    "loss_w1": 0.003534286981448531,
    "loss_w2": 0.010814028792083263,
    "auc": 0.7519420471349392,
    "acc": 0.7230361315836779,
    "rmse": 0.4301726463454781
  },
  "22": {
    "loss_main": 0.5289121866226196,
    "loss_r": 0.0046118805184960365,
    "loss_w1": 0.003612297121435404,
    "loss_w2": 0.011008726432919502,
    "auc": 0.7529119296875023,
    "acc": 0.7235754089520043,
    "rmse": 0.43075147161271127
  },
  "23": {
    "loss_main": 0.5274595022201538,
    "loss_r": 0.004598008003085852,
    "loss_w1": 0.0036802066024392843,
    "loss_w2": 0.011252928525209427,
    "auc": 0.7509470423722789,
    "acc": 0.7206992629875966,
    "rmse": 0.43137325446682934
  },
  "24": {
    "loss_main": 0.526454746723175,
    "loss_r": 0.004593634977936745,
    "loss_w1": 0.0037488501984626055,
    "loss_w2": 0.011484021320939064,
    "auc": 0.7520625727714566,
    "acc": 0.7213733596980046,
    "rmse": 0.43046594677685657
  },
  "25": {
    "loss_main": 0.5242752432823181,
    "loss_r": 0.004565687850117683,
    "loss_w1": 0.003811136120930314,
    "loss_w2": 0.011691998690366745,
    "auc": 0.7527063260915007,
    "acc": 0.7234405896099227,
    "rmse": 0.43029627590026226
  },
  "26": {
    "loss_main": 0.523737370967865,
    "loss_r": 0.004568744450807571,
    "loss_w1": 0.0038949130102992058,
    "loss_w2": 0.011959024704992771,
    "auc": 0.7519491693654485,
    "acc": 0.7230361315836779,
    "rmse": 0.43053884264424275
  },
  "27": {
    "loss_main": 0.5210584402084351,
    "loss_r": 0.004556521773338318,
    "loss_w1": 0.003991992678493261,
    "loss_w2": 0.012281587347388268,
    "auc": 0.7518261960144759,
    "acc": 0.7222272155311882,
    "rmse": 0.43054986594484557
  },
  "28": {
    "loss_main": 0.5181806683540344,
    "loss_r": 0.004538357257843018,
    "loss_w1": 0.0040673185139894485,
    "loss_w2": 0.012531216256320477,
    "auc": 0.7531094125268812,
    "acc": 0.7228563724609024,
    "rmse": 0.43010590729469395
  },
  "29": {
    "loss_main": 0.5169604420661926,
    "loss_r": 0.0045460304245352745,
    "loss_w1": 0.0041703516617417336,
    "loss_w2": 0.012854823842644691,
    "auc": 0.7518142225376269,
    "acc": 0.7229462520222901,
    "rmse": 0.43065151966194004
  },
  "30": {
    "loss_main": 0.5153641700744629,
    "loss_r": 0.004519963171333075,
    "loss_w1": 0.004213506821542978,
    "loss_w2": 0.01302400417625904,
    "auc": 0.7520344814925615,
    "acc": 0.7202948049613518,
    "rmse": 0.43070302082062584
  }
}