{
  "auc": 0.7612450540540683,
  "acc": 0.722859219185272,
  "rmse": 0.4315646178009199
}