{
  "auc": 0.8983762274510141,
  "acc": 0.8277985074626866,
  "rmse": 0.35638557051657666,
  "doa_all": 0.8141648956717624
}