{
  "auc": [
    0.915086812413508,
    0.8966547648178894,
    0.8945852539611168,
    0.8892520081854556,
    0.896302297877101
  ],
  "acc": [
    0.8414179104477612,
    0.8334888059701493,
    0.8302238805970149,
    0.8190298507462687,
    0.8148320895522388
  ],
  "rmse": [
    0.33877594128831856,
    0.35250471798465177,
    0.35664113557576366,
    0.36969555917760133,
    0.36431049855654796
  ],
  "doa_all": [
    0.7988377910227453,
    0.7116118386066914,
    0.8531826695646546,
    0.8466572006705688,
    0.8605349784941521
  ]
}