{
  "1": {
    "loss_main": 0.6643072366714478,
    "auc": 0.7195554869578639,
    "acc": 0.6236007462686567,
    "rmse": 0.47499817358468926
  },
  "2": {
    "loss_main": 0.5857132077217102,
    "auc": 0.8889013876208489,
    "acc": 0.800839552238806,
    "rmse": 0.39443617326649016
  },
  "3": {
    "loss_main": 0.422456830739975,
    "auc": 0.9045948536035152,
    "acc": 0.835820895522388,
    "rmse": 0.3523581085324411
  },
  "4": {
    "loss_main": 0.3880637586116791,
    "auc": 0.9055505705961807,
    "acc": 0.8334888059701493,
    "rmse": 0.34956849780940047
  },
  "5": {
    "loss_main": 0.38127264380455017,
    "auc": 0.9065629678849442,
    "acc": 0.8306902985074627,
    "rmse": 0.3500740543427621
  },
  "6": {
    "loss_main": 0.37875646352767944,
    "auc": 0.9068306732834372,
    "acc": 0.835820895522388,
    "rmse": 0.3474178782860031
  },
  "7": {
    "loss_main": 0.3765760660171509,
    "auc": 0.9072466194563401,
    "acc": 0.8348880597014925,
    "rmse": 0.34721028731285486
  },
  "8": {
    "loss_main": 0.3752298951148987,
    "auc": 0.9075230449003866,
    "acc": 0.8325559701492538,
    "rmse": 0.34699278112015236
  },
  "9": {
    "loss_main": 0.37417417764663696,
    "auc": 0.9081003119160294,
    "acc": 0.8395522388059702,
    "rmse": 0.34666151617003615
  },
  "10": {
    "loss_main": 0.37308526039123535,
    "auc": 0.907449796517737,
    "acc": 0.835820895522388,
    "rmse": 0.3467793388599357
  },
  "11": {
    "loss_main": 0.3726266920566559,
    "auc": 0.907749766084778,
    "acc": 0.8344216417910447,
    "rmse": 0.3462681006096972
  },
  "12": {
    "loss_main": 0.3720439374446869,
    "auc": 0.9077611021439975,
    "acc": 0.8376865671641791,
    "rmse": 0.3467862784701836
  },
  "13": {
    "loss_main": 0.3704998195171356,
    "auc": 0.907489036722728,
    "acc": 0.8362873134328358,
    "rmse": 0.3474154656490033
  },
  "14": {
    "loss_main": 0.37060636281967163,
    "auc": 0.9076852377476821,
    "acc": 0.8372201492537313,
    "rmse": 0.34645442897747536
  },
  "15": {
    "loss_main": 0.36937472224235535,
    "auc": 0.907904546893353,
    "acc": 0.8362873134328358,
    "rmse": 0.34622308454323186
  },
  "16": {
    "loss_main": 0.3693861961364746,
    "auc": 0.907885798795413,
    "acc": 0.8362873134328358,
    "rmse": 0.3462924782831415
  },
  "17": {
    "loss_main": 0.3686816394329071,
    "auc": 0.9079459671097322,
    "acc": 0.8367537313432836,
    "rmse": 0.346274189809846
  },
  "18": {
    "loss_main": 0.3686765432357788,
    "auc": 0.9079974153784979,
    "acc": 0.8386194029850746,
    "rmse": 0.34629681358548564
  },
  "19": {
    "loss_main": 0.3679293394088745,
    "auc": 0.9081151359934705,
    "acc": 0.8386194029850746,
    "rmse": 0.34610766647638397
  },
  "20": {
    "loss_main": 0.36781811714172363,
    "auc": 0.9080881038522546,
    "acc": 0.8362873134328358,
    "rmse": 0.3461207652688788
  },
  "21": {
    "loss_main": 0.3676717281341553,
    "auc": 0.9079241669958483,
    "acc": 0.8344216417910447,
    "rmse": 0.34643103050207497
  },
  "22": {
    "loss_main": 0.3675692081451416,
    "auc": 0.9076102453559219,
    "acc": 0.8353544776119403,
    "rmse": 0.34664829810511694
  },
  "23": {
    "loss_main": 0.36714810132980347,
    "auc": 0.9075274049231633,
    "acc": 0.835820895522388,
    "rmse": 0.3468500390393852
  },
  "24": {
    "loss_main": 0.3668127954006195,
    "auc": 0.9075797251964844,
    "acc": 0.8330223880597015,
    "rmse": 0.34780727278010926
  },
  "25": {
    "loss_main": 0.3671620488166809,
    "auc": 0.9074803166771743,
    "acc": 0.832089552238806,
    "rmse": 0.34666254780268024
  },
  "26": {
    "loss_main": 0.3666999042034149,
    "auc": 0.907489036722728,
    "acc": 0.8330223880597015,
    "rmse": 0.34677876950494313
  },
  "27": {
    "loss_main": 0.36649754643440247,
    "auc": 0.9071960431921297,
    "acc": 0.8339552238805971,
    "rmse": 0.3470014985860186
  },
  "28": {
    "loss_main": 0.36614421010017395,
    "auc": 0.9069649619849615,
    "acc": 0.8353544776119403,
    "rmse": 0.34716270002828337
  },
  "29": {
    "loss_main": 0.3663095533847809,
    "auc": 0.9075404849914936,
    "acc": 0.8330223880597015,
    "rmse": 0.34692346303062904
  }
}