{
  "1": {
    "loss_main": 2.148466110229492,
    "auc": 0.3962479720011254,
    "acc": 0.5424440298507462,
    "rmse": 0.5019220127304672
  },
  "2": {
    "loss_main": 0.6957938075065613,
    "auc": 0.40748030288289194,
    "acc": 0.5424440298507462,
    "rmse": 0.49822294825393143
  },
  "3": {
    "loss_main": 0.6934652924537659,
    "auc": 0.4262706820825259,
    "acc": 0.5424440298507462,
    "rmse": 0.4989887083626037
  },
  "4": {
    "loss_main": 0.6928688883781433,
    "auc": 0.44429324841813905,
    "acc": 0.5424440298507462,
    "rmse": 0.49820092006779865
  },
  "5": {
    "loss_main": 0.6927107572555542,
    "auc": 0.45525123520579747,
    "acc": 0.5424440298507462,
    "rmse": 0.4981957007553803
  },
  "6": {
    "loss_main": 0.6926209330558777,
    "auc": 0.4660299780086476,
    "acc": 0.5424440298507462,
    "rmse": 0.49957877535910855
  },
  "7": {
    "loss_main": 0.6925622820854187,
    "auc": 0.4747068769211756,
    "acc": 0.5424440298507462,
    "rmse": 0.4982210041897917
  },
  "8": {
    "loss_main": 0.6934942007064819,
    "auc": 0.5104557530307134,
    "acc": 0.5424440298507462,
    "rmse": 0.4982608260822274
  },
  "9": {
    "loss_main": 0.6933740973472595,
    "auc": 0.5837025584120649,
    "acc": 0.5424440298507462,
    "rmse": 0.498345065140922
  },
  "10": {
    "loss_main": 0.6926819682121277,
    "auc": 0.7022218365627928,
    "acc": 0.5424440298507462,
    "rmse": 0.49811617799171787
  },
  "11": {
    "loss_main": 0.6936460137367249,
    "auc": 0.7395747052992234,
    "acc": 0.5424440298507462,
    "rmse": 0.4988216581948554
  },
  "12": {
    "loss_main": 0.6923855543136597,
    "auc": 0.7542915567756419,
    "acc": 0.5424440298507462,
    "rmse": 0.49750477328478654
  },
  "13": {
    "loss_main": 0.6912276148796082,
    "auc": 0.7608560938134091,
    "acc": 0.5424440298507462,
    "rmse": 0.4963029885768358
  },
  "14": {
    "loss_main": 0.687964677810669,
    "auc": 0.7658871963698929,
    "acc": 0.5424440298507462,
    "rmse": 0.4951511198375727
  },
  "15": {
    "loss_main": 0.6846187710762024,
    "auc": 0.7761584464235786,
    "acc": 0.5424440298507462,
    "rmse": 0.4937474190366866
  },
  "16": {
    "loss_main": 0.6789493560791016,
    "auc": 0.789096882031163,
    "acc": 0.5424440298507462,
    "rmse": 0.4889806087779755
  },
  "17": {
    "loss_main": 0.6694285869598389,
    "auc": 0.801417824302329,
    "acc": 0.5424440298507462,
    "rmse": 0.4827141590642193
  },
  "18": {
    "loss_main": 0.6573575735092163,
    "auc": 0.8131146994968022,
    "acc": 0.7583955223880597,
    "rmse": 0.475637084591868
  },
  "19": {
    "loss_main": 0.6360906362533569,
    "auc": 0.823552046054748,
    "acc": 0.7052238805970149,
    "rmse": 0.46298376184561746
  },
  "20": {
    "loss_main": 0.6105753183364868,
    "auc": 0.8342251707638598,
    "acc": 0.7649253731343284,
    "rmse": 0.44877672424010673
  },
  "21": {
    "loss_main": 0.5811070203781128,
    "auc": 0.8456231599005348,
    "acc": 0.7597947761194029,
    "rmse": 0.4368124907309787
  },
  "22": {
    "loss_main": 0.5478565692901611,
    "auc": 0.8608733608378627,
    "acc": 0.789179104477612,
    "rmse": 0.4180985899711451
  },
  "23": {
    "loss_main": 0.5094718337059021,
    "auc": 0.8755582201116132,
    "acc": 0.8073694029850746,
    "rmse": 0.40198634300472297
  },
  "24": {
    "loss_main": 0.47158482670783997,
    "auc": 0.8865311073772266,
    "acc": 0.8031716417910447,
    "rmse": 0.3909664950149874
  },
  "25": {
    "loss_main": 0.44177180528640747,
    "auc": 0.8932547289296284,
    "acc": 0.8190298507462687,
    "rmse": 0.37746880396095595
  },
  "26": {
    "loss_main": 0.41277244687080383,
    "auc": 0.8963408808636668,
    "acc": 0.8138992537313433,
    "rmse": 0.3744070212627924
  },
  "27": {
    "loss_main": 0.3923039734363556,
    "auc": 0.8978756300930053,
    "acc": 0.824160447761194,
    "rmse": 0.36409449047942855
  },
  "28": {
    "loss_main": 0.37870389223098755,
    "auc": 0.898738104816974,
    "acc": 0.8180970149253731,
    "rmse": 0.36063204551835537
  },
  "29": {
    "loss_main": 0.3666991889476776,
    "auc": 0.8995243241537624,
    "acc": 0.8171641791044776,
    "rmse": 0.3593850341722897
  },
  "30": {
    "loss_main": 0.35565879940986633,
    "auc": 0.9000817773290105,
    "acc": 0.8199626865671642,
    "rmse": 0.35732019781335234
  },
  "31": {
    "loss_main": 0.34404465556144714,
    "auc": 0.9006427364990713,
    "acc": 0.8330223880597015,
    "rmse": 0.3573383171092217
  },
  "32": {
    "loss_main": 0.3359682261943817,
    "auc": 0.90103979041163,
    "acc": 0.8339552238805971,
    "rmse": 0.3585468577390223
  },
  "33": {
    "loss_main": 0.33444175124168396,
    "auc": 0.9012930985368607,
    "acc": 0.8381529850746269,
    "rmse": 0.35434576956811553
  },
  "34": {
    "loss_main": 0.3211025595664978,
    "auc": 0.9014403503190017,
    "acc": 0.8334888059701493,
    "rmse": 0.353128115463017
  },
  "35": {
    "loss_main": 0.3228689134120941,
    "auc": 0.9018005912860252,
    "acc": 0.8302238805970149,
    "rmse": 0.3524780854724654
  },
  "36": {
    "loss_main": 0.31697776913642883,
    "auc": 0.9020815091204073,
    "acc": 0.8325559701492538,
    "rmse": 0.3523492275581971
  },
  "37": {
    "loss_main": 0.30654945969581604,
    "auc": 0.9021029833386363,
    "acc": 0.8353544776119403,
    "rmse": 0.3515872946578798
  },
  "38": {
    "loss_main": 0.3038955628871918,
    "auc": 0.9021836212193324,
    "acc": 0.8376865671641791,
    "rmse": 0.3512692499994801
  },
  "39": {
    "loss_main": 0.29501256346702576,
    "auc": 0.9022870480663124,
    "acc": 0.8386194029850746,
    "rmse": 0.35140479047242335
  },
  "40": {
    "loss_main": 0.29092445969581604,
    "auc": 0.9023751361859861,
    "acc": 0.8362873134328358,
    "rmse": 0.35119287345320493
  },
  "41": {
    "loss_main": 0.28876158595085144,
    "auc": 0.9024676067991758,
    "acc": 0.8013059701492538,
    "rmse": 0.36458617845060937
  },
  "42": {
    "loss_main": 0.2817237079143524,
    "auc": 0.9025850576254073,
    "acc": 0.840018656716418,
    "rmse": 0.35143791746385755
  },
  "43": {
    "loss_main": 0.27982422709465027,
    "auc": 0.9024636625550113,
    "acc": 0.8376865671641791,
    "rmse": 0.352181461962819
  },
  "44": {
    "loss_main": 0.2785041928291321,
    "auc": 0.902440435339376,
    "acc": 0.8367537313432836,
    "rmse": 0.35053772448708803
  },
  "45": {
    "loss_main": 0.2683850824832916,
    "auc": 0.9023755744353377,
    "acc": 0.8376865671641791,
    "rmse": 0.3516669436125245
  },
  "46": {
    "loss_main": 0.2662997543811798,
    "auc": 0.9022493586220739,
    "acc": 0.8395522388059702,
    "rmse": 0.35149116852099155
  },
  "47": {
    "loss_main": 0.2644694447517395,
    "auc": 0.9021327842945457,
    "acc": 0.8386194029850746,
    "rmse": 0.35116651274222527
  },
  "48": {
    "loss_main": 0.26006215810775757,
    "auc": 0.9018040972808381,
    "acc": 0.8372201492537313,
    "rmse": 0.3517844453225821
  },
  "49": {
    "loss_main": 0.2558137774467468,
    "auc": 0.9015227411971043,
    "acc": 0.8306902985074627,
    "rmse": 0.3562673673244602
  },
  "50": {
    "loss_main": 0.25068554282188416,
    "auc": 0.9011703887184099,
    "acc": 0.8348880597014925,
    "rmse": 0.3532729079633711
  },
  "51": {
    "loss_main": 0.2444610893726349,
    "auc": 0.9009249690815084,
    "acc": 0.8353544776119403,
    "rmse": 0.3523505174278746
  },
  "52": {
    "loss_main": 0.24076643586158752,
    "auc": 0.9005463216417171,
    "acc": 0.8353544776119403,
    "rmse": 0.3531340019800344
  }
}