{
  "1": {
    "loss_main": 0.6189128160476685,
    "auc": 0.7264982911653133,
    "acc": 0.7178010071722875,
    "rmse": 0.43646811661722457
  },
  "2": {
    "loss_main": 0.5762265920639038,
    "auc": 0.7312282545095126,
    "acc": 0.7216923546467267,
    "rmse": 0.4357110642039361
  },
  "3": {
    "loss_main": 0.5582462549209595,
    "auc": 0.7310465729589688,
    "acc": 0.720585991149092,
    "rmse": 0.43478307766085705
  },
  "4": {
    "loss_main": 0.5338261723518372,
    "auc": 0.718660931545308,
    "acc": 0.7128414466656493,
    "rmse": 0.4412774767439143
  },
  "5": {
    "loss_main": 0.5146352052688599,
    "auc": 0.7122932219374166,
    "acc": 0.7065847703341981,
    "rmse": 0.44409164588090994
  },
  "6": {
    "loss_main": 0.5009029507637024,
    "auc": 0.7057556993255076,
    "acc": 0.7004425453990538,
    "rmse": 0.4494190930313337
  },
  "7": {
    "loss_main": 0.48498228192329407,
    "auc": 0.703303623989393,
    "acc": 0.7007477491225393,
    "rmse": 0.45130000421214256
  },
  "8": {
    "loss_main": 0.46837732195854187,
    "auc": 0.6981719244090687,
    "acc": 0.6923546467266901,
    "rmse": 0.45774148709263335
  },
  "9": {
    "loss_main": 0.4529659152030945,
    "auc": 0.6945914092660417,
    "acc": 0.6931176560354037,
    "rmse": 0.46101934708484377
  },
  "10": {
    "loss_main": 0.4389171898365021,
    "auc": 0.6908677699916679,
    "acc": 0.696284144666565,
    "rmse": 0.46517882571986163
  },
  "11": {
    "loss_main": 0.43012142181396484,
    "auc": 0.6857909709257983,
    "acc": 0.6864031741187242,
    "rmse": 0.46920298305650204
  },
  "12": {
    "loss_main": 0.4193493723869324,
    "auc": 0.6854265247511377,
    "acc": 0.6896841141461926,
    "rmse": 0.47017624360889254
  }
}