{
  "auc": [
    0.7465264102817029
  ],
  "acc": [
    0.7175703500343171
  ],
  "rmse": [
    0.4419865802134445
  ],
  "doa_all": [
    0.7689752155738615
  ]
}