{
  "1": {
    "loss_main": 0.624072790145874,
    "auc": 0.7300425768870019,
    "acc": 0.6982316605434212,
    "rmse": 0.44334934240072793
  },
  "2": {
    "loss_main": 0.5314136743545532,
    "auc": 0.7411074168651537,
    "acc": 0.7085873470870847,
    "rmse": 0.44034000337904694
  },
  "3": {
    "loss_main": 0.4993850886821747,
    "auc": 0.7444860819542312,
    "acc": 0.7096572328313617,
    "rmse": 0.4409463900745237
  },
  "4": {
    "loss_main": 0.484568327665329,
    "auc": 0.7437578854418725,
    "acc": 0.7053776898542533,
    "rmse": 0.4418908219155435
  },
  "5": {
    "loss_main": 0.4752439260482788,
    "auc": 0.7426118768954143,
    "acc": 0.7043078041099762,
    "rmse": 0.4448759884235134
  },
  "6": {
    "loss_main": 0.46945130825042725,
    "auc": 0.741535725777979,
    "acc": 0.7125237191650854,
    "rmse": 0.44240138875935614
  },
  "7": {
    "loss_main": 0.4663114845752716,
    "auc": 0.7397691072509586,
    "acc": 0.7118575638903468,
    "rmse": 0.44407916352525173
  },
  "8": {
    "loss_main": 0.4641507565975189,
    "auc": 0.7387899278943115,
    "acc": 0.6965763656183133,
    "rmse": 0.45101369421588755
  },
  "9": {
    "loss_main": 0.4628741443157196,
    "auc": 0.7373597614367504,
    "acc": 0.7119584965077315,
    "rmse": 0.4476890725024708
  },
  "10": {
    "loss_main": 0.46265894174575806,
    "auc": 0.7364222927267687,
    "acc": 0.7046509750090839,
    "rmse": 0.4482839228329998
  },
  "11": {
    "loss_main": 0.4613034129142761,
    "auc": 0.7346458953921953,
    "acc": 0.7102224554887158,
    "rmse": 0.4459674602995368
  },
  "12": {
    "loss_main": 0.4602634608745575,
    "auc": 0.7332473160281336,
    "acc": 0.7045702289151762,
    "rmse": 0.448668698780017
  },
  "13": {
    "loss_main": 0.4596254825592041,
    "auc": 0.7314691869273856,
    "acc": 0.7087286527514232,
    "rmse": 0.45322367810440517
  }
}