{
  "auc": [
    0.7662402787524392,
    0.7664178229661827,
    0.7692731426350499,
    0.7665593575761405,
    0.766819703948008
  ],
  "acc": [
    0.7312568129516734,
    0.730832895958658,
    0.7339416205741047,
    0.7344462836610279,
    0.7317816625620736
  ],
  "rmse": [
    0.42720736082799676,
    0.4261142408523913,
    0.42471277404537394,
    0.4249039807964291,
    0.42565940723462337
  ]
}