{
  "auc": 0.7670620611755641,
  "acc": 0.7324518551415075,
  "rmse": 0.42571955275136286
}