{
  "1": {
    "loss_main": 0.6887831091880798,
    "auc": 0.6457937265481816,
    "acc": 0.582089552238806,
    "rmse": 0.5379075102417072
  },
  "2": {
    "loss_main": 0.6843306422233582,
    "auc": 0.7183104085097506,
    "acc": 0.6557835820895522,
    "rmse": 0.4939148881079018
  },
  "3": {
    "loss_main": 0.6569278836250305,
    "auc": 0.7995929540022245,
    "acc": 0.7346082089552238,
    "rmse": 0.4413746679029833
  },
  "4": {
    "loss_main": 0.6756695508956909,
    "auc": 0.813820719202246,
    "acc": 0.742070895522388,
    "rmse": 0.4345652204922445
  },
  "5": {
    "loss_main": 0.6737861037254333,
    "auc": 0.8165685426368412,
    "acc": 0.7444029850746269,
    "rmse": 0.43151598205231173
  },
  "6": {
    "loss_main": 0.6709296107292175,
    "auc": 0.8229924016327418,
    "acc": 0.7472014925373134,
    "rmse": 0.4282632284398343
  },
  "7": {
    "loss_main": 0.6368180513381958,
    "auc": 0.8316250373607573,
    "acc": 0.7518656716417911,
    "rmse": 0.4237010607127007
  },
  "8": {
    "loss_main": 0.6663463711738586,
    "auc": 0.835406252766449,
    "acc": 0.7527985074626866,
    "rmse": 0.4219951282000797
  },
  "9": {
    "loss_main": 0.6649720072746277,
    "auc": 0.8371373377053088,
    "acc": 0.7527985074626866,
    "rmse": 0.42112525793754396
  },
  "10": {
    "loss_main": 0.6624520421028137,
    "auc": 0.8374747897060486,
    "acc": 0.7518656716417911,
    "rmse": 0.42107835362867807
  },
  "11": {
    "loss_main": 0.6267114877700806,
    "auc": 0.8412393516363792,
    "acc": 0.7565298507462687,
    "rmse": 0.41721732786609234
  },
  "12": {
    "loss_main": 0.6605918407440186,
    "auc": 0.8416968839594601,
    "acc": 0.7565298507462687,
    "rmse": 0.41664575484569283
  },
  "13": {
    "loss_main": 0.6596496105194092,
    "auc": 0.8419116261417491,
    "acc": 0.7565298507462687,
    "rmse": 0.4161212410979064
  },
  "14": {
    "loss_main": 0.6402154564857483,
    "auc": 0.8435217542595645,
    "acc": 0.7593283582089553,
    "rmse": 0.4138873467569545
  },
  "15": {
    "loss_main": 0.6360461115837097,
    "auc": 0.8438578915122494,
    "acc": 0.757929104477612,
    "rmse": 0.414232003407533
  },
  "16": {
    "loss_main": 0.6570241451263428,
    "auc": 0.8441488890817186,
    "acc": 0.7583955223880597,
    "rmse": 0.41358187509631056
  },
  "17": {
    "loss_main": 0.656234085559845,
    "auc": 0.8442943878664532,
    "acc": 0.7583955223880597,
    "rmse": 0.41324828724930257
  },
  "18": {
    "loss_main": 0.6157969236373901,
    "auc": 0.8454592546430327,
    "acc": 0.7611940298507462,
    "rmse": 0.4114931389617914
  },
  "19": {
    "loss_main": 0.6536535024642944,
    "auc": 0.8457283397449213,
    "acc": 0.761660447761194,
    "rmse": 0.4109328592422743
  },
  "20": {
    "loss_main": 0.6547321081161499,
    "auc": 0.8457283397449213,
    "acc": 0.761660447761194,
    "rmse": 0.41074080818441694
  },
  "21": {
    "loss_main": 0.6537007689476013,
    "auc": 0.8459505321661877,
    "acc": 0.761660447761194,
    "rmse": 0.4105089941433383
  },
  "22": {
    "loss_main": 0.6097378730773926,
    "auc": 0.8499929441854391,
    "acc": 0.7649253731343284,
    "rmse": 0.4074175270265507
  },
  "23": {
    "loss_main": 0.6529288291931152,
    "auc": 0.8501432637130413,
    "acc": 0.7653917910447762,
    "rmse": 0.40701731330310253
  },
  "24": {
    "loss_main": 0.6531363725662231,
    "auc": 0.8501432637130413,
    "acc": 0.7653917910447762,
    "rmse": 0.40686828074495807
  },
  "25": {
    "loss_main": 0.6504511833190918,
    "auc": 0.8506792426700605,
    "acc": 0.7658582089552238,
    "rmse": 0.40635186532170836
  },
  "26": {
    "loss_main": 0.6067756414413452,
    "auc": 0.8511481694762832,
    "acc": 0.7658582089552238,
    "rmse": 0.40638589420107535
  },
  "27": {
    "loss_main": 0.6520481109619141,
    "auc": 0.8511481694762832,
    "acc": 0.7658582089552238,
    "rmse": 0.40629463684172085
  },
  "28": {
    "loss_main": 0.6519262790679932,
    "auc": 0.8515382113992163,
    "acc": 0.7658582089552238,
    "rmse": 0.4062229294193988
  },
  "29": {
    "loss_main": 0.6135135889053345,
    "auc": 0.851204703642641,
    "acc": 0.7672574626865671,
    "rmse": 0.4055355097913013
  },
  "30": {
    "loss_main": 0.6391295194625854,
    "auc": 0.8505679273347515,
    "acc": 0.7667910447761194,
    "rmse": 0.4058722610557443
  },
  "31": {
    "loss_main": 0.6513277888298035,
    "auc": 0.8507239441039247,
    "acc": 0.7667910447761194,
    "rmse": 0.40580220485279095
  },
  "32": {
    "loss_main": 0.6508651375770569,
    "auc": 0.8505977282906609,
    "acc": 0.7667910447761194,
    "rmse": 0.4057612413387497
  },
  "33": {
    "loss_main": 0.5988712310791016,
    "auc": 0.8523616819308917,
    "acc": 0.7677238805970149,
    "rmse": 0.4046681307424982
  },
  "34": {
    "loss_main": 0.649081826210022,
    "auc": 0.8523616819308917,
    "acc": 0.7677238805970149,
    "rmse": 0.40461399706969814
  },
  "35": {
    "loss_main": 0.6507333517074585,
    "auc": 0.8522337131202216,
    "acc": 0.7677238805970149,
    "rmse": 0.40457652275149164
  },
  "36": {
    "loss_main": 0.6494454145431519,
    "auc": 0.8527157874069926,
    "acc": 0.7677238805970149,
    "rmse": 0.40453685327850747
  },
  "37": {
    "loss_main": 0.5952900648117065,
    "auc": 0.8531474630183284,
    "acc": 0.769589552238806,
    "rmse": 0.40369527165358415
  },
  "38": {
    "loss_main": 0.6496883630752563,
    "auc": 0.8531474630183284,
    "acc": 0.769589552238806,
    "rmse": 0.4036732900161704
  },
  "39": {
    "loss_main": 0.6502025127410889,
    "auc": 0.8532035589353346,
    "acc": 0.769589552238806,
    "rmse": 0.40365062423652115
  },
  "40": {
    "loss_main": 0.6447944045066833,
    "auc": 0.8527232376459699,
    "acc": 0.769589552238806,
    "rmse": 0.4037868027994261
  },
  "41": {
    "loss_main": 0.5978654026985168,
    "auc": 0.8534901740112875,
    "acc": 0.7705223880597015,
    "rmse": 0.4031401224774523
  },
  "42": {
    "loss_main": 0.6496906280517578,
    "auc": 0.8534901740112875,
    "acc": 0.7705223880597015,
    "rmse": 0.4031250598818712
  },
  "43": {
    "loss_main": 0.6496524810791016,
    "auc": 0.8534901740112875,
    "acc": 0.7705223880597015,
    "rmse": 0.403109978240713
  },
  "44": {
    "loss_main": 0.5945503115653992,
    "auc": 0.8527280583888376,
    "acc": 0.7719216417910447,
    "rmse": 0.4030153539421008
  },
  "45": {
    "loss_main": 0.641316294670105,
    "auc": 0.8520961028238159,
    "acc": 0.7705223880597015,
    "rmse": 0.40372729146062497
  },
  "46": {
    "loss_main": 0.6495431065559387,
    "auc": 0.8520961028238159,
    "acc": 0.7705223880597015,
    "rmse": 0.4037015466285298
  },
  "47": {
    "loss_main": 0.6488841772079468,
    "auc": 0.8520961028238159,
    "acc": 0.7705223880597015,
    "rmse": 0.40370416732448594
  },
  "48": {
    "loss_main": 0.5917732119560242,
    "auc": 0.8523169804970274,
    "acc": 0.7700559701492538,
    "rmse": 0.40396875159823625
  },
  "49": {
    "loss_main": 0.6475258469581604,
    "auc": 0.8523169804970274,
    "acc": 0.7700559701492538,
    "rmse": 0.40395910555467507
  },
  "50": {
    "loss_main": 0.6493313908576965,
    "auc": 0.8523169804970274,
    "acc": 0.7700559701492538,
    "rmse": 0.40393123586319646
  },
  "51": {
    "loss_main": 0.6472100615501404,
    "auc": 0.8524528377960264,
    "acc": 0.7705223880597015,
    "rmse": 0.40371022069800033
  },
  "52": {
    "loss_main": 0.5845496654510498,
    "auc": 0.8523270602321145,
    "acc": 0.7691231343283582,
    "rmse": 0.40421130246857595
  },
  "53": {
    "loss_main": 0.648456871509552,
    "auc": 0.8523270602321145,
    "acc": 0.7691231343283582,
    "rmse": 0.404206215096766
  }
}