{
  "1": {
    "loss_main": 1.230000615119934,
    "auc": 0.40303952220302686,
    "acc": 0.5424440298507462,
    "rmse": 0.611063281328471
  },
  "2": {
    "loss_main": 1.2031522989273071,
    "auc": 0.40659021844977183,
    "acc": 0.5424440298507462,
    "rmse": 0.6086846622832147
  },
  "3": {
    "loss_main": 1.1745799779891968,
    "auc": 0.409980953683179,
    "acc": 0.5424440298507462,
    "rmse": 0.6062609995994422
  },
  "4": {
    "loss_main": 1.163791537284851,
    "auc": 0.41327089156571595,
    "acc": 0.5424440298507462,
    "rmse": 0.6038048554214823
  },
  "5": {
    "loss_main": 1.1333140134811401,
    "auc": 0.4165520644612206,
    "acc": 0.5424440298507462,
    "rmse": 0.6012969483665277
  },
  "6": {
    "loss_main": 1.1166722774505615,
    "auc": 0.4197508464786226,
    "acc": 0.5424440298507462,
    "rmse": 0.598746035449256
  },
  "7": {
    "loss_main": 1.0921239852905273,
    "auc": 0.4226047262563075,
    "acc": 0.5424440298507462,
    "rmse": 0.596175959806429
  },
  "8": {
    "loss_main": 1.0827503204345703,
    "auc": 0.4252596408283614,
    "acc": 0.5424440298507462,
    "rmse": 0.5935824559385681
  },
  "9": {
    "loss_main": 1.058302402496338,
    "auc": 0.42796539232520203,
    "acc": 0.5424440298507462,
    "rmse": 0.5909384617225248
  },
  "10": {
    "loss_main": 1.0390000343322754,
    "auc": 0.43067947055972333,
    "acc": 0.5424440298507462,
    "rmse": 0.5882903606220986
  },
  "11": {
    "loss_main": 1.0194199085235596,
    "auc": 0.43318494210287817,
    "acc": 0.5424440298507462,
    "rmse": 0.585626036196253
  },
  "12": {
    "loss_main": 1.0045228004455566,
    "auc": 0.43586790463343505,
    "acc": 0.5424440298507462,
    "rmse": 0.582948231168557
  },
  "13": {
    "loss_main": 0.9922299981117249,
    "auc": 0.4387327406449102,
    "acc": 0.5424440298507462,
    "rmse": 0.5802482073064654
  },
  "14": {
    "loss_main": 0.9816060662269592,
    "auc": 0.44170976849039756,
    "acc": 0.5424440298507462,
    "rmse": 0.5775317937595434
  },
  "15": {
    "loss_main": 0.9607808589935303,
    "auc": 0.44494317220657675,
    "acc": 0.5424440298507462,
    "rmse": 0.5747799628562786
  },
  "16": {
    "loss_main": 0.9435398578643799,
    "auc": 0.4485617971028212,
    "acc": 0.5424440298507462,
    "rmse": 0.5720464918309267
  },
  "17": {
    "loss_main": 0.9407234191894531,
    "auc": 0.45234257425916136,
    "acc": 0.5424440298507462,
    "rmse": 0.5693264104919556
  },
  "18": {
    "loss_main": 0.9196499586105347,
    "auc": 0.4563210018730778,
    "acc": 0.5424440298507462,
    "rmse": 0.5665627888059642
  },
  "19": {
    "loss_main": 0.9058008193969727,
    "auc": 0.4605010241887346,
    "acc": 0.5424440298507462,
    "rmse": 0.5638289647084871
  },
  "20": {
    "loss_main": 0.8925896883010864,
    "auc": 0.46468017000568845,
    "acc": 0.5424440298507462,
    "rmse": 0.5610978346325147
  },
  "21": {
    "loss_main": 0.8812760710716248,
    "auc": 0.4688470448407971,
    "acc": 0.5424440298507462,
    "rmse": 0.5583783247835684
  },
  "22": {
    "loss_main": 0.8704339861869812,
    "auc": 0.4730454736292218,
    "acc": 0.5424440298507462,
    "rmse": 0.5556841211436133
  },
  "23": {
    "loss_main": 0.8565058708190918,
    "auc": 0.4770931446406925,
    "acc": 0.5424440298507462,
    "rmse": 0.553001770473702
  },
  "24": {
    "loss_main": 0.8512079119682312,
    "auc": 0.481287190935601,
    "acc": 0.5424440298507462,
    "rmse": 0.5503371321685488
  },
  "25": {
    "loss_main": 0.8421809077262878,
    "auc": 0.4854987672045739,
    "acc": 0.5424440298507462,
    "rmse": 0.5476931038508547
  },
  "26": {
    "loss_main": 0.832862377166748,
    "auc": 0.4898085113283075,
    "acc": 0.5424440298507462,
    "rmse": 0.5450552773659247
  },
  "27": {
    "loss_main": 0.8191184401512146,
    "auc": 0.4942471007614145,
    "acc": 0.5424440298507462,
    "rmse": 0.5424261332029798
  },
  "28": {
    "loss_main": 0.8083251714706421,
    "auc": 0.4986155702982637,
    "acc": 0.5424440298507462,
    "rmse": 0.5398291236673654
  },
  "29": {
    "loss_main": 0.8005284667015076,
    "auc": 0.5031085026509703,
    "acc": 0.5424440298507462,
    "rmse": 0.5372825482104895
  },
  "30": {
    "loss_main": 0.7950105667114258,
    "auc": 0.5078161771859658,
    "acc": 0.5424440298507462,
    "rmse": 0.5347712447523891
  },
  "31": {
    "loss_main": 0.7867188453674316,
    "auc": 0.5127096694460441,
    "acc": 0.5424440298507462,
    "rmse": 0.5322684735236352
  },
  "32": {
    "loss_main": 0.7744136452674866,
    "auc": 0.5177153535401344,
    "acc": 0.5424440298507462,
    "rmse": 0.5297765212519934
  },
  "33": {
    "loss_main": 0.7686821818351746,
    "auc": 0.522837611961753,
    "acc": 0.5424440298507462,
    "rmse": 0.5273612973154792
  },
  "34": {
    "loss_main": 0.7615911960601807,
    "auc": 0.5280054483159392,
    "acc": 0.5424440298507462,
    "rmse": 0.5249439595603168
  },
  "35": {
    "loss_main": 0.755608320236206,
    "auc": 0.5335221311540069,
    "acc": 0.5433768656716418,
    "rmse": 0.5225703044756138
  },
  "36": {
    "loss_main": 0.7473680973052979,
    "auc": 0.5393596125174533,
    "acc": 0.5443097014925373,
    "rmse": 0.5202396410543648
  },
  "37": {
    "loss_main": 0.7418872117996216,
    "auc": 0.5453636286345115,
    "acc": 0.5452425373134329,
    "rmse": 0.5179423364317035
  },
  "38": {
    "loss_main": 0.7353116273880005,
    "auc": 0.5513623857593504,
    "acc": 0.5494402985074627,
    "rmse": 0.5156497371404002
  },
  "39": {
    "loss_main": 0.7281227111816406,
    "auc": 0.557575885066478,
    "acc": 0.5541044776119403,
    "rmse": 0.5134080854965074
  },
  "40": {
    "loss_main": 0.7210471630096436,
    "auc": 0.5642924946292542,
    "acc": 0.5564365671641791,
    "rmse": 0.5112011162347949
  },
  "41": {
    "loss_main": 0.7171809673309326,
    "auc": 0.5710459171375656,
    "acc": 0.5583022388059702,
    "rmse": 0.5090338178672097
  },
  "42": {
    "loss_main": 0.7105295658111572,
    "auc": 0.5780798192309075,
    "acc": 0.5611007462686567,
    "rmse": 0.506906258293045
  },
  "43": {
    "loss_main": 0.7039437294006348,
    "auc": 0.5853275870078349,
    "acc": 0.5606343283582089,
    "rmse": 0.5048186742894538
  },
  "44": {
    "loss_main": 0.7006382346153259,
    "auc": 0.5928163919281482,
    "acc": 0.5615671641791045,
    "rmse": 0.5027607161728063
  },
  "45": {
    "loss_main": 0.6974008679389954,
    "auc": 0.6008670325172254,
    "acc": 0.5620335820895522,
    "rmse": 0.5007303090006769
  },
  "46": {
    "loss_main": 0.6921635270118713,
    "auc": 0.6089834105090441,
    "acc": 0.5620335820895522,
    "rmse": 0.4987227547405479
  },
  "47": {
    "loss_main": 0.6856793165206909,
    "auc": 0.6172479167817071,
    "acc": 0.5625,
    "rmse": 0.4967504195214906
  },
  "48": {
    "loss_main": 0.6827623248100281,
    "auc": 0.6256864080469593,
    "acc": 0.5620335820895522,
    "rmse": 0.4948214337948322
  },
  "49": {
    "loss_main": 0.6773507595062256,
    "auc": 0.6341752979876467,
    "acc": 0.5625,
    "rmse": 0.4929093260096214
  },
  "50": {
    "loss_main": 0.6721150279045105,
    "auc": 0.643087975051341,
    "acc": 0.5648320895522388,
    "rmse": 0.49102250233206235
  },
  "51": {
    "loss_main": 0.6662520170211792,
    "auc": 0.6519502534396,
    "acc": 0.5685634328358209,
    "rmse": 0.4891771718342586
  },
  "52": {
    "loss_main": 0.6640130281448364,
    "auc": 0.6607310174484596,
    "acc": 0.5727611940298507,
    "rmse": 0.4873794620610021
  },
  "53": {
    "loss_main": 0.659503161907196,
    "auc": 0.6696213437952218,
    "acc": 0.5797574626865671,
    "rmse": 0.48561138359824646
  },
  "54": {
    "loss_main": 0.6565781831741333,
    "auc": 0.678392466318346,
    "acc": 0.5946828358208955,
    "rmse": 0.4838685495177723
  },
  "55": {
    "loss_main": 0.6510587334632874,
    "auc": 0.6870733094750386,
    "acc": 0.605410447761194,
    "rmse": 0.48215427776212444
  },
  "56": {
    "loss_main": 0.6474131941795349,