{
  "1": {
    "loss_main": 0.6523512005805969,
    "auc": 0.6229936862924084,
    "acc": 0.6444749485243652,
    "rmse": 0.4734832527538344
  },
  "2": {
    "loss_main": 0.6266403794288635,
    "auc": 0.6729729500306958,
    "acc": 0.6452420364164884,
    "rmse": 0.464905614502848
  },
  "3": {
    "loss_main": 0.6103622317314148,
    "auc": 0.6933525340275233,
    "acc": 0.6543057854576285,
    "rmse": 0.4586536920679797
  },
  "4": {
    "loss_main": 0.596951425075531,
    "auc": 0.7067152358589174,
    "acc": 0.6732003714320319,
    "rmse": 0.45353684946579215
  },
  "5": {
    "loss_main": 0.58544921875,
    "auc": 0.7165138282388744,
    "acc": 0.6898744398239736,
    "rmse": 0.4493272401580975
  },
  "6": {
    "loss_main": 0.5757156610488892,
    "auc": 0.7236964390128324,
    "acc": 0.7014009447292987,
    "rmse": 0.44591793931646256
  },
  "7": {
    "loss_main": 0.567634105682373,
    "auc": 0.7289815073720687,
    "acc": 0.7084460414227461,
    "rmse": 0.4432551391678007
  },
  "8": {
    "loss_main": 0.560684084892273,
    "auc": 0.7332833897741811,
    "acc": 0.7125035326416085,
    "rmse": 0.44105144182970013
  },
  "9": {
    "loss_main": 0.5544728636741638,
    "auc": 0.7368484435937757,
    "acc": 0.7150066615527474,
    "rmse": 0.43923546380995077
  },
  "10": {
    "loss_main": 0.5487552285194397,
    "auc": 0.7401923525344045,
    "acc": 0.7175097904638863,
    "rmse": 0.4376765814419837
  },
  "11": {
    "loss_main": 0.5429081320762634,
    "auc": 0.743880354729294,
    "acc": 0.7194880697646251,
    "rmse": 0.4361600451374345
  },
  "12": {
    "loss_main": 0.5368602275848389,
    "auc": 0.7476271834129711,
    "acc": 0.7221930639105333,
    "rmse": 0.43471163048534794
  },
  "13": {
    "loss_main": 0.5302636027336121,
    "auc": 0.7515978486916337,
    "acc": 0.7251402963381647,
    "rmse": 0.4332980788849255
  },
  "14": {
    "loss_main": 0.5232608318328857,
    "auc": 0.7553391943488896,
    "acc": 0.727522306108442,
    "rmse": 0.4319807585309847
  },
  "15": {
    "loss_main": 0.5160583853721619,
    "auc": 0.7587223657068998,
    "acc": 0.7289555492753038,
    "rmse": 0.4307641153175936
  },
  "16": {
    "loss_main": 0.5085362195968628,
    "auc": 0.7615401868880041,
    "acc": 0.7301667406839194,
    "rmse": 0.42972626944681824
  },
  "17": {
    "loss_main": 0.5012320280075073,
    "auc": 0.7637140058967558,
    "acc": 0.7314183051394889,
    "rmse": 0.42881250590357894
  },
  "18": {
    "loss_main": 0.4941301941871643,
    "auc": 0.7650553403652942,
    "acc": 0.7317009164681658,
    "rmse": 0.4281201647743001
  },
  "19": {
    "loss_main": 0.4873088300228119,
    "auc": 0.7659075179160689,
    "acc": 0.7313577455690581,
    "rmse": 0.4275998465737584
  },
  "20": {
    "loss_main": 0.480794757604599,
    "auc": 0.7662402787524392,
    "acc": 0.7312568129516734,
    "rmse": 0.42720736082799676
  },
  "21": {
    "loss_main": 0.47462934255599976,
    "auc": 0.7662167762567677,
    "acc": 0.7304695385360733,
    "rmse": 0.42696497796891364
  },
  "22": {
    "loss_main": 0.4688265025615692,
    "auc": 0.7660080895679025,
    "acc": 0.7304291654891195,
    "rmse": 0.42685029797551993
  },
  "23": {
    "loss_main": 0.4634452760219574,
    "auc": 0.7656798940668624,
    "acc": 0.7300456215430579,
    "rmse": 0.42679016200174685
  },
  "24": {
    "loss_main": 0.4582473635673523,
    "auc": 0.7651390254339724,
    "acc": 0.7295611449796117,
    "rmse": 0.4268595838206579
  },
  "25": {
    "loss_main": 0.4533948302268982,
    "auc": 0.764540737972175,
    "acc": 0.7291977875570269,
    "rmse": 0.4270116718771861
  },
  "26": {
    "loss_main": 0.44890549778938293,
    "auc": 0.7640289286679283,
    "acc": 0.7284912592353345,
    "rmse": 0.42718644951982127
  },
  "27": {
    "loss_main": 0.444522500038147,
    "auc": 0.7634316611593108,
    "acc": 0.7271993217328112,
    "rmse": 0.4274477411976835
  },
  "28": {
    "loss_main": 0.4404197037220001,
    "auc": 0.7628314769580784,
    "acc": 0.7266340990754572,
    "rmse": 0.4277488671203629
  },
  "29": {
    "loss_main": 0.43652722239494324,
    "auc": 0.7622126268133487,
    "acc": 0.7265735395050265,
    "rmse": 0.42809922843828824
  },
  "30": {
    "loss_main": 0.43288105726242065,
    "auc": 0.7615328089006189,
    "acc": 0.7259073842302879,
    "rmse": 0.4285266975634485
  }
}