{
  "1": {
    "loss_main": 0.6564039587974548,
    "auc": 0.623050008736086,
    "acc": 0.6478864709919657,
    "rmse": 0.4742624718308613
  },
  "2": {
    "loss_main": 0.6314659714698792,
    "auc": 0.6700115865785246,
    "acc": 0.6495013928701199,
    "rmse": 0.46591625385212687
  },
  "3": {
    "loss_main": 0.6151821613311768,
    "auc": 0.6878269243412078,
    "acc": 0.6526706770559975,
    "rmse": 0.45964183388643864
  },
  "4": {
    "loss_main": 0.6017256379127502,
    "auc": 0.7015463260803887,
    "acc": 0.6696677298235698,
    "rmse": 0.4544650684064088
  },
  "5": {
    "loss_main": 0.5899262428283691,
    "auc": 0.7127402884736618,
    "acc": 0.6865032904033267,
    "rmse": 0.45004927113790477
  },
  "6": {
    "loss_main": 0.5797053575515747,
    "auc": 0.7212281800029736,
    "acc": 0.6970608421817595,
    "rmse": 0.4464197447449155
  },
  "7": {
    "loss_main": 0.5709025859832764,
    "auc": 0.7273521053154621,
    "acc": 0.7059832855585612,
    "rmse": 0.44346503120536745
  },
  "8": {
    "loss_main": 0.5631997585296631,
    "auc": 0.7320691237817787,
    "acc": 0.7112317816625621,
    "rmse": 0.4410958337954177
  },
  "9": {
    "loss_main": 0.5564462542533875,
    "auc": 0.7359449745632665,
    "acc": 0.7153296459283782,
    "rmse": 0.43912733081293515
  },
  "10": {
    "loss_main": 0.5501421689987183,
    "auc": 0.7396716139061342,
    "acc": 0.7179337074569018,
    "rmse": 0.4374042985331211
  },
  "11": {
    "loss_main": 0.5439971685409546,
    "auc": 0.7435432670078796,
    "acc": 0.7210424320723485,
    "rmse": 0.4357875962751007
  },
  "12": {
    "loss_main": 0.5376521348953247,
    "auc": 0.7472423731441311,
    "acc": 0.7239896644999798,
    "rmse": 0.4342909354229027
  },
  "13": {
    "loss_main": 0.531006395816803,
    "auc": 0.751160739276422,
    "acc": 0.7265937260285034,
    "rmse": 0.43283590466948973
  },
  "14": {
    "loss_main": 0.5240200161933899,
    "auc": 0.7549648401005096,
    "acc": 0.7292785336509346,
    "rmse": 0.43143427132276096
  },
  "15": {
    "loss_main": 0.5167827606201172,
    "auc": 0.758364504305779,
    "acc": 0.7306512172473657,
    "rmse": 0.4301580280360046
  },
  "16": {
    "loss_main": 0.509446382522583,
    "auc": 0.7612865306093869,
    "acc": 0.7319835277968428,
    "rmse": 0.42901570950601864
  },
  "17": {
    "loss_main": 0.5020987391471863,
    "auc": 0.7634105958564418,
    "acc": 0.7317211029916427,
    "rmse": 0.4280778907696986
  },
  "18": {
    "loss_main": 0.49500739574432373,
    "auc": 0.7650971244402249,
    "acc": 0.7322863256489968,
    "rmse": 0.4272629391210371
  },
  "19": {
    "loss_main": 0.4881717562675476,
    "auc": 0.7660350700780751,
    "acc": 0.7331947192054584,
    "rmse": 0.4266758890322531
  },
  "20": {
    "loss_main": 0.48175767064094543,
    "auc": 0.7665912742545398,
    "acc": 0.733013040494166,
    "rmse": 0.426210816699488
  },
  "21": {
    "loss_main": 0.47565993666648865,
    "auc": 0.7668062660140924,
    "acc": 0.7323468852194275,
    "rmse": 0.42587071100129276
  },
  "22": {
    "loss_main": 0.46993061900138855,
    "auc": 0.766819703948008,
    "acc": 0.7317816625620736,
    "rmse": 0.42565940723462337
  },
  "23": {
    "loss_main": 0.46448197960853577,
    "auc": 0.7665520357733054,
    "acc": 0.7316807299446889,
    "rmse": 0.425561585764716
  },
  "24": {
    "loss_main": 0.45932644605636597,
    "auc": 0.7661753484969542,
    "acc": 0.7313577455690581,
    "rmse": 0.42557198517798234
  },
  "25": {
    "loss_main": 0.4546801447868347,
    "auc": 0.7658230077631085,
    "acc": 0.7318624086559813,
    "rmse": 0.4256216502512951
  },
  "26": {
    "loss_main": 0.45011106133461,
    "auc": 0.76538897035712,
    "acc": 0.7314990512333965,
    "rmse": 0.42575909618173874
  },
  "27": {
    "loss_main": 0.44575968384742737,
    "auc": 0.7649436858487919,
    "acc": 0.7315192377568736,
    "rmse": 0.425940859915005
  },
  "28": {
    "loss_main": 0.4416968822479248,
    "auc": 0.7644675564324678,
    "acc": 0.731115507287335,
    "rmse": 0.4261852237838107
  },
  "29": {
    "loss_main": 0.4379163086414337,
    "auc": 0.7639925139472598,
    "acc": 0.7306108442004118,
    "rmse": 0.4264764098041868
  },
  "30": {
    "loss_main": 0.43420174717903137,
    "auc": 0.7634946137561698,
    "acc": 0.7304291654891195,
    "rmse": 0.42682446411050906
  },
  "31": {
    "loss_main": 0.43087077140808105,
    "auc": 0.7631172468129497,
    "acc": 0.7299043158787194,
    "rmse": 0.42711929619575195
  },
  "32": {
    "loss_main": 0.4276573061943054,
    "auc": 0.7626677387243022,
    "acc": 0.7296822641204732,
    "rmse": 0.4274964737886148
  }
}