{
  "auc": 0.7646446654720309,
  "acc": 0.7232427631313335,
  "rmse": 0.42786471675871496
}