{
  "auc": 0.745202381527829,
  "acc": 0.7094755541200695,
  "rmse": 0.4391181516843583
}