{
  "auc": 0.8497587277114836,
  "acc": 0.7677238805970149,
  "rmse": 0.4080590536866248,
  "doa_all": 0.9379336722398859
}