{
  "1": {
    "loss_main": 0.6867045164108276,
    "auc": 0.6990494284724162,
    "acc": 0.6575154426904598,
    "rmse": 0.4924287961424725
  },
  "2": {
    "loss_main": 0.6713557839393616,
    "auc": 0.7090682008260512,
    "acc": 0.6710807864669547,
    "rmse": 0.4820896193716276
  },
  "3": {
    "loss_main": 0.6584659218788147,
    "auc": 0.7126860515634237,
    "acc": 0.6758851790544632,
    "rmse": 0.4776266442864355
  },
  "4": {
    "loss_main": 0.6474734544754028,
    "auc": 0.7151921197231562,
    "acc": 0.6783681214421252,
    "rmse": 0.475062150402766
  },
  "5": {
    "loss_main": 0.6380301117897034,
    "auc": 0.7172333465676519,
    "acc": 0.6812749808228027,
    "rmse": 0.472745272237053
  },
  "6": {
    "loss_main": 0.6302660703659058,
    "auc": 0.7176967146881957,
    "acc": 0.6808712503532641,
    "rmse": 0.47237790006043623
  },
  "7": {
    "loss_main": 0.6236847639083862,
    "auc": 0.719299918812814,
    "acc": 0.6821228148088336,
    "rmse": 0.47124886434200663
  },
  "8": {
    "loss_main": 0.6175937056541443,
    "auc": 0.7205502641331447,
    "acc": 0.6823852396140336,
    "rmse": 0.4708383294771621
  },
  "9": {
    "loss_main": 0.6125165224075317,
    "auc": 0.7210428900436676,
    "acc": 0.6827082239896645,
    "rmse": 0.47070367900135157
  },
  "10": {
    "loss_main": 0.6072713732719421,
    "auc": 0.7215190240593429,
    "acc": 0.6827485970366184,
    "rmse": 0.4706153471211343
  },
  "11": {
    "loss_main": 0.6044848561286926,
    "auc": 0.7227083841375666,
    "acc": 0.683374379264403,
    "rmse": 0.47026137837724163
  },
  "12": {
    "loss_main": 0.6011770367622375,
    "auc": 0.7230376852683239,
    "acc": 0.6832532601235415,
    "rmse": 0.47034825604146796
  },
  "13": {
    "loss_main": 0.5982453227043152,
    "auc": 0.7241787444541232,
    "acc": 0.6837982962574185,
    "rmse": 0.4700587440363997
  },
  "14": {
    "loss_main": 0.5957165956497192,
    "auc": 0.7250347028304732,
    "acc": 0.6843231458678186,
    "rmse": 0.4698482839494353
  },
  "15": {
    "loss_main": 0.5921841859817505,
    "auc": 0.7245021438450705,
    "acc": 0.6834349388348339,
    "rmse": 0.4705028186879873
  },
  "16": {
    "loss_main": 0.5910992622375488,
    "auc": 0.7251089647468937,
    "acc": 0.6838184827808955,
    "rmse": 0.4704584142486491
  },
  "17": {
    "loss_main": 0.5894032716751099,
    "auc": 0.7249817036656795,
    "acc": 0.6833340062174492,
    "rmse": 0.47089951719574025
  },
  "18": {
    "loss_main": 0.5879799723625183,
    "auc": 0.7257766857609605,
    "acc": 0.6836368040696031,
    "rmse": 0.47071852599468317
  },
  "19": {
    "loss_main": 0.5867421627044678,
    "auc": 0.7262820031899969,
    "acc": 0.6837377366869878,
    "rmse": 0.4707698695557311
  },
  "20": {
    "loss_main": 0.5851805806159973,
    "auc": 0.7262170652339052,
    "acc": 0.6834551253583108,
    "rmse": 0.4710473349307653
  },
  "21": {
    "loss_main": 0.5834614634513855,
    "auc": 0.7265056438223103,
    "acc": 0.683677177116557,
    "rmse": 0.4711082740936063
  },
  "22": {
    "loss_main": 0.5834525227546692,
    "auc": 0.7262833186704163,
    "acc": 0.682849529654003,
    "rmse": 0.47164207608661796
  },
  "23": {
    "loss_main": 0.5822866559028625,
    "auc": 0.7270627426110383,
    "acc": 0.6830513948887722,
    "rmse": 0.4714956141588468
  },
  "24": {
    "loss_main": 0.5816211700439453,
    "auc": 0.7270057987971946,
    "acc": 0.6830312083652953,
    "rmse": 0.4717837706538506
  },
  "25": {
    "loss_main": 0.5811179280281067,
    "auc": 0.7269877933829818,
    "acc": 0.6830110218418184,
    "rmse": 0.47186168373973275
  },
  "26": {
    "loss_main": 0.5793360471725464,
    "auc": 0.7274759513198192,
    "acc": 0.6827284105131415,
    "rmse": 0.47192261247236567
  },
  "27": {
    "loss_main": 0.5797475576400757,
    "auc": 0.7271829441862967,
    "acc": 0.6820824417618798,
    "rmse": 0.472415121694813
  },
  "28": {
    "loss_main": 0.5793081521987915,
    "auc": 0.7271077198543652,
    "acc": 0.6820016956679721,
    "rmse": 0.47258739127484956
  },
  "29": {
    "loss_main": 0.5784444808959961,
    "auc": 0.726660185888459,
    "acc": 0.6811336751584642,
    "rmse": 0.4731456335348196
  },
  "30": {
    "loss_main": 0.5781643986701965,
    "auc": 0.7268823470533526,
    "acc": 0.6812749808228027,
    "rmse": 0.4731696941979378
  },
  "31": {
    "loss_main": 0.5771295428276062,
    "auc": 0.7263669556250836,
    "acc": 0.6805886390245872,
    "rmse": 0.47366622335040515
  },
  "32": {
    "loss_main": 0.57694011926651,
    "auc": 0.7264135270371201,
    "acc": 0.680911623400218,
    "rmse": 0.4737805951991254
  },
  "33": {
    "loss_main": 0.5765342712402344,
    "auc": 0.7268101739549548,
    "acc": 0.6813557269167104,
    "rmse": 0.47369873531942597
  },
  "34": {
    "loss_main": 0.5766041874885559,
    "auc": 0.7270643305070214,
    "acc": 0.6813960999636642,
    "rmse": 0.473815064906736
  },
  "35": {
    "loss_main": 0.5762304663658142,
    "auc": 0.7265148710034255,
    "acc": 0.6804877064072026,
    "rmse": 0.47432822860111956
  },
  "36": {
    "loss_main": 0.5762470364570618,
    "auc": 0.7266547850706887,
    "acc": 0.6803867737898179,
    "rmse": 0.474411581762431
  }
}