{
  "auc": [
    0.9161550179938138
  ],
  "acc": [
    0.847481343283582
  ],
  "rmse": [
    0.3363798799469115
  ]
}