{
  "auc": 0.868831297812536,
  "acc": 0.7948694029850746,
  "rmse": 0.41957659045013085
}