{
  "auc": [
    0.8845300287848703,
    0.8637575987208803,
    0.8644731410119879,
    0.8633962659313137,
    0.8679994546136278
  ],
  "acc": [
    0.7952425373134329,
    0.7980410447761194,
    0.800839552238806,
    0.7854477611940298,
    0.7947761194029851
  ],
  "rmse": [
    0.39492344011700325,
    0.4248717507229422,
    0.4247911648406687,
    0.42665245449093747,
    0.42664414207910223
  ]
}