{
  "auc": 0.8915160982080137,
  "acc": 0.8246268656716418,
  "rmse": 0.36777704675719597,
  "doa_all": 0.9120484169836611
}