{
  "1": {
    "loss_main": 0.6867076754570007,
    "auc": 0.6956698843549056,
    "acc": 0.6584036497234447,
    "rmse": 0.4921293224283451
  },
  "2": {
    "loss_main": 0.6714656949043274,
    "auc": 0.704680345035342,
    "acc": 0.6708183616617546,
    "rmse": 0.4827114425375747
  },
  "3": {
    "loss_main": 0.6584686040878296,
    "auc": 0.7086617290580459,
    "acc": 0.6748354798336631,
    "rmse": 0.4787774284563339
  },
  "4": {
    "loss_main": 0.6469857692718506,
    "auc": 0.7110000010092294,
    "acc": 0.6779442044491097,
    "rmse": 0.47598093537210867
  },
  "5": {
    "loss_main": 0.6376523971557617,
    "auc": 0.7129628708885614,
    "acc": 0.6788324114820945,
    "rmse": 0.47468453271376637
  },
  "6": {
    "loss_main": 0.6298872232437134,
    "auc": 0.714063005047299,
    "acc": 0.6800032298437563,
    "rmse": 0.4735515092105719
  },
  "7": {
    "loss_main": 0.6234129667282104,
    "auc": 0.7151470397645397,
    "acc": 0.6799224837498486,
    "rmse": 0.4731792992256722
  },
  "8": {
    "loss_main": 0.6171237230300903,
    "auc": 0.7159073261988437,
    "acc": 0.6802656546489564,
    "rmse": 0.47279198329102823
  },
  "9": {
    "loss_main": 0.6122572422027588,
    "auc": 0.7169986496957392,
    "acc": 0.680346400742864,
    "rmse": 0.4724988438829275
  },
  "10": {
    "loss_main": 0.6068394780158997,
    "auc": 0.7180122491331501,
    "acc": 0.6807097581654488,
    "rmse": 0.47216443412585996
  },
  "11": {
    "loss_main": 0.6040294766426086,
    "auc": 0.7191070781391922,
    "acc": 0.6816787112923413,
    "rmse": 0.47176249786119817
  },
  "12": {
    "loss_main": 0.6005533933639526,
    "auc": 0.7192264351436106,
    "acc": 0.6816181517219104,
    "rmse": 0.47193012736576895
  },
  "13": {
    "loss_main": 0.5981222987174988,
    "auc": 0.7194268555957174,
    "acc": 0.6817190843392951,
    "rmse": 0.47211349472882025
  },
  "14": {
    "loss_main": 0.5948699116706848,
    "auc": 0.720275192381672,
    "acc": 0.6822439339496952,
    "rmse": 0.47192532795185715
  },
  "15": {
    "loss_main": 0.5918863415718079,
    "auc": 0.7210321510383759,
    "acc": 0.6825265452783722,
    "rmse": 0.4719181918909339
  },
  "16": {
    "loss_main": 0.5912622213363647,
    "auc": 0.7211227976996036,
    "acc": 0.6824256126609876,
    "rmse": 0.4722031241961883
  },
  "17": {
    "loss_main": 0.589279055595398,
    "auc": 0.7211574482061915,
    "acc": 0.6816988978158182,
    "rmse": 0.472593145650467
  },
  "18": {
    "loss_main": 0.5876189470291138,
    "auc": 0.7215443153024799,
    "acc": 0.6819815091444952,
    "rmse": 0.4726947579578803
  },
  "19": {
    "loss_main": 0.5863631367683411,
    "auc": 0.7221841515493854,
    "acc": 0.682304493520126,
    "rmse": 0.4725428200801201
  },
  "20": {
    "loss_main": 0.584941565990448,
    "auc": 0.7222173444786673,
    "acc": 0.6819007630505874,
    "rmse": 0.4728948763169884
  },
  "21": {
    "loss_main": 0.5832647681236267,
    "auc": 0.722001071087108,
    "acc": 0.6812547942993258,
    "rmse": 0.4735111355564797
  },
  "22": {
    "loss_main": 0.5830864310264587,
    "auc": 0.7223930316658581,
    "acc": 0.6813355403932335,
    "rmse": 0.4735505180046318
  },
  "23": {
    "loss_main": 0.5822967290878296,
    "auc": 0.7230688295244287,
    "acc": 0.6819007630505874,
    "rmse": 0.4733783628335736
  },
  "24": {
    "loss_main": 0.580977201461792,
    "auc": 0.7229003552014079,
    "acc": 0.6810125560176027,
    "rmse": 0.473836056862253
  },
  "25": {
    "loss_main": 0.5805792808532715,
    "auc": 0.7230993207555784,
    "acc": 0.681194234728895,
    "rmse": 0.4739893564264597
  },
  "26": {
    "loss_main": 0.5794007778167725,
    "auc": 0.7230451331757215,
    "acc": 0.680911623400218,
    "rmse": 0.4742610893642166
  },
  "27": {
    "loss_main": 0.5791094303131104,
    "auc": 0.7232984979799828,
    "acc": 0.6809923694941257,
    "rmse": 0.47427240033655027
  },
  "28": {
    "loss_main": 0.5788149833679199,
    "auc": 0.7236490310321692,
    "acc": 0.6810933021115103,
    "rmse": 0.47433235969441295
  },
  "29": {
    "loss_main": 0.5784618258476257,
    "auc": 0.7235721197149325,
    "acc": 0.6812346077758489,
    "rmse": 0.4745607547423968
  },
  "30": {
    "loss_main": 0.5777187347412109,
    "auc": 0.7239290653927679,
    "acc": 0.6811336751584642,
    "rmse": 0.4745062884867721
  },
  "31": {
    "loss_main": 0.5764679908752441,
    "auc": 0.7239533565616258,
    "acc": 0.6808914368767411,
    "rmse": 0.4746842815799862
  },
  "32": {
    "loss_main": 0.5770784020423889,
    "auc": 0.7245730385870282,
    "acc": 0.6815575921514797,
    "rmse": 0.4743980596614449
  },
  "33": {
    "loss_main": 0.5765978097915649,
    "auc": 0.7243255755418601,
    "acc": 0.681174048205418,
    "rmse": 0.4747616715837058
  },
  "34": {
    "loss_main": 0.5768653154373169,
    "auc": 0.7246236027654563,
    "acc": 0.681214421252372,
    "rmse": 0.4747037597493296
  },
  "35": {
    "loss_main": 0.5762335062026978,
    "auc": 0.7241036960150362,
    "acc": 0.6808106907828334,
    "rmse": 0.4751826932574432
  },
  "36": {
    "loss_main": 0.5747063159942627,
    "auc": 0.724743143753285,
    "acc": 0.6808914368767411,
    "rmse": 0.474935286279683
  },
  "37": {
    "loss_main": 0.5745264291763306,
    "auc": 0.7251990644675815,
    "acc": 0.6812749808228027,
    "rmse": 0.47482152208355916
  },
  "38": {
    "loss_main": 0.5750776529312134,
    "auc": 0.7247893450241512,
    "acc": 0.6808510638297872,
    "rmse": 0.47524789941755935
  },
  "39": {
    "loss_main": 0.5755130648612976,
    "auc": 0.7244953154206668,
    "acc": 0.6805280794541564,
    "rmse": 0.4755413653344548
  },
  "40": {
    "loss_main": 0.5748969912528992,
    "auc": 0.724610047832382,
    "acc": 0.6804271468367717,
    "rmse": 0.47560395318282084
  },
  "41": {
    "loss_main": 0.5745366215705872,
    "auc": 0.7246861240792869,
    "acc": 0.6801243489846178,
    "rmse": 0.47580886096732783
  },
  "42": {
    "loss_main": 0.5734663605690002,
    "auc": 0.7248384980676874,
    "acc": 0.6800234163672332,
    "rmse": 0.47588898013807257
  },
  "43": {
    "loss_main": 0.5744925737380981,
    "auc": 0.7250927033010205,
    "acc": 0.6801243489846178,
    "rmse": 0.4758854418391311
  },
  "44": {
    "loss_main": 0.5747932195663452,
    "auc": 0.7249170107550896,
    "acc": 0.6796196858976947,
    "rmse": 0.4760890234577061
  },
  "45": {
    "loss_main": 0.5743846893310547,
    "auc": 0.7246805331271196,
    "acc": 0.6794178206629254,
    "rmse": 0.4763218944580665
  },
  "46": {
    "loss_main": 0.5743812322616577,
    "auc": 0.724346971204819,
    "acc": 0.6789333440994791,
    "rmse": 0.4768082032224459
  },
  "47": {
    "loss_main": 0.5735204815864563,
    "auc": 0.7246146429520148,
    "acc": 0.6790746497638177,
    "rmse": 0.4767253316139245
  }
}