{
  "1": {
    "loss_main": 5.87913179397583,
    "auc": 0.570531393366039,
    "acc": 0.5331156716417911,
    "rmse": 0.5029173321734021
  },
  "2": {
    "loss_main": 0.6943629384040833,
    "auc": 0.6274893085916707,
    "acc": 0.5331156716417911,
    "rmse": 0.4988955578373617
  },
  "3": {
    "loss_main": 0.6921762824058533,
    "auc": 0.6952544393489275,
    "acc": 0.5331156716417911,
    "rmse": 0.500250336444366
  },
  "4": {
    "loss_main": 0.6913981437683105,
    "auc": 0.755730708486614,
    "acc": 0.5331156716417911,
    "rmse": 0.4989159574678316
  },
  "5": {
    "loss_main": 0.6808017492294312,
    "auc": 0.7894861044467343,
    "acc": 0.5331156716417911,
    "rmse": 0.4863013141396252
  },
  "6": {
    "loss_main": 0.6320844292640686,
    "auc": 0.8498754089305269,
    "acc": 0.6847014925373134,
    "rmse": 0.4553509823331649
  },
  "7": {
    "loss_main": 0.5516031384468079,
    "auc": 0.8824325281018195,
    "acc": 0.7882462686567164,
    "rmse": 0.4243905339607323
  },
  "8": {
    "loss_main": 0.4753058850765228,
    "auc": 0.8936007124983504,
    "acc": 0.8208955223880597,
    "rmse": 0.3988824491651057
  },
  "9": {
    "loss_main": 0.4188130497932434,
    "auc": 0.8968503062991252,
    "acc": 0.8283582089552238,
    "rmse": 0.3786601417633035
  },
  "10": {
    "loss_main": 0.37801140546798706,
    "auc": 0.8981521540576658,
    "acc": 0.8316231343283582,
    "rmse": 0.3702862436506904
  },
  "11": {
    "loss_main": 0.34611767530441284,
    "auc": 0.89868311915556,
    "acc": 0.832089552238806,
    "rmse": 0.3633744520177341
  },
  "12": {
    "loss_main": 0.32287684082984924,
    "auc": 0.8986306781582372,
    "acc": 0.8353544776119403,
    "rmse": 0.36023621405829276
  },
  "13": {
    "loss_main": 0.3006627559661865,
    "auc": 0.8981508430327326,
    "acc": 0.840018656716418,
    "rmse": 0.35878857159360344
  },
  "14": {
    "loss_main": 0.28083404898643494,
    "auc": 0.8980774256364807,
    "acc": 0.835820895522388,
    "rmse": 0.3580989989982832
  },
  "15": {
    "loss_main": 0.2637348771095276,
    "auc": 0.8976495944999882,
    "acc": 0.8334888059701493,
    "rmse": 0.3574921585770257
  },
  "16": {
    "loss_main": 0.24901404976844788,
    "auc": 0.897084105745523,
    "acc": 0.8362873134328358,
    "rmse": 0.3590831193240905
  },
  "17": {
    "loss_main": 0.2394164651632309,
    "auc": 0.8960864157714551,
    "acc": 0.8372201492537313,
    "rmse": 0.35943959526362707
  },
  "18": {
    "loss_main": 0.22603647410869598,
    "auc": 0.8955537026403168,
    "acc": 0.835820895522388,
    "rmse": 0.36192563116170484
  },
  "19": {
    "loss_main": 0.21606504917144775,
    "auc": 0.8944917724445284,
    "acc": 0.8316231343283582,
    "rmse": 0.3643404787569324
  },
  "20": {
    "loss_main": 0.20724162459373474,
    "auc": 0.8943121620286973,
    "acc": 0.8339552238805971,
    "rmse": 0.36586873660185554
  },
  "21": {
    "loss_main": 0.20116813480854034,
    "auc": 0.8934967045203265,
    "acc": 0.832089552238806,
    "rmse": 0.3659646592131844
  }
}