{
  "1": {
    "loss_main": 0.6538311243057251,
    "auc": 0.6046646393122452,
    "acc": 0.646735839153781,
    "rmse": 0.474311641035359
  },
  "2": {
    "loss_main": 0.6296979188919067,
    "auc": 0.6594208627255135,
    "acc": 0.6468973313415963,
    "rmse": 0.4664705644287182
  },
  "3": {
    "loss_main": 0.6144759058952332,
    "auc": 0.6827939964149714,
    "acc": 0.6506520247083047,
    "rmse": 0.4606426880285875
  },
  "4": {
    "loss_main": 0.6019335389137268,
    "auc": 0.6973138933231073,
    "acc": 0.6633695344987687,
    "rmse": 0.45581458426568744
  },
  "5": {
    "loss_main": 0.5908457040786743,
    "auc": 0.708391706277367,
    "acc": 0.679801364608987,
    "rmse": 0.4517080250710175
  },
  "6": {
    "loss_main": 0.5811188817024231,
    "auc": 0.7162345536104447,
    "acc": 0.6935685736202511,
    "rmse": 0.4483108135538943
  },
  "7": {
    "loss_main": 0.5728049874305725,
    "auc": 0.7221211168879813,
    "acc": 0.7013605716823449,
    "rmse": 0.4455446675403271
  },
  "8": {
    "loss_main": 0.5653477907180786,
    "auc": 0.7266548473687496,
    "acc": 0.7051960111429609,
    "rmse": 0.44331344501024084
  },
  "9": {
    "loss_main": 0.5591448545455933,
    "auc": 0.7301591360259692,
    "acc": 0.710686745528685,
    "rmse": 0.44148056282445663
  },
  "10": {
    "loss_main": 0.553309440612793,
    "auc": 0.7332332676375376,
    "acc": 0.7141588275667164,
    "rmse": 0.4399605597625062
  },
  "11": {
    "loss_main": 0.5480943322181702,
    "auc": 0.7361306305904595,
    "acc": 0.716217852961363,
    "rmse": 0.4385899522465422
  },
  "12": {
    "loss_main": 0.5424816012382507,
    "auc": 0.7391232161807854,
    "acc": 0.7180346400742864,
    "rmse": 0.437324948712523
  },
  "13": {
    "loss_main": 0.5369600057601929,
    "auc": 0.7423778049280765,
    "acc": 0.7205377689854253,
    "rmse": 0.43608344174881913
  },
  "14": {
    "loss_main": 0.5309708714485168,
    "auc": 0.7459670605441753,
    "acc": 0.7238887318825952,
    "rmse": 0.43482852079840967
  },
  "15": {
    "loss_main": 0.5247981548309326,
    "auc": 0.7494679318309507,
    "acc": 0.7259477572772417,
    "rmse": 0.43360136214439104
  },
  "16": {
    "loss_main": 0.5180048942565918,
    "auc": 0.752957413071977,
    "acc": 0.726957083451088,
    "rmse": 0.43242339536266927
  },
  "17": {
    "loss_main": 0.5111334323883057,
    "auc": 0.7560147111019949,
    "acc": 0.7288546166579192,
    "rmse": 0.4313501960346258
  },
  "18": {
    "loss_main": 0.5041553378105164,
    "auc": 0.7587048629752171,
    "acc": 0.72917760103355,
    "rmse": 0.43037757946552113
  },
  "19": {
    "loss_main": 0.497158408164978,
    "auc": 0.7605406401326997,
    "acc": 0.7291372279865962,
    "rmse": 0.42960830305416314
  },
  "20": {
    "loss_main": 0.4903362989425659,
    "auc": 0.761891799916171,
    "acc": 0.7299446889256732,
    "rmse": 0.4289785431906796
  },
  "21": {
    "loss_main": 0.48375943303108215,
    "auc": 0.7628156100345126,
    "acc": 0.7295005854091808,
    "rmse": 0.42846371902273267
  },
  "22": {
    "loss_main": 0.4777250289916992,
    "auc": 0.7633906842767071,
    "acc": 0.7292583471274577,
    "rmse": 0.4280575963721261
  },
  "23": {
    "loss_main": 0.47167932987213135,
    "auc": 0.7635949987960726,
    "acc": 0.7282893940005652,
    "rmse": 0.4277962766125058
  },
  "24": {
    "loss_main": 0.46611687541007996,
    "auc": 0.7634881292750574,
    "acc": 0.7275626791553959,
    "rmse": 0.4276697292858711
  },
  "25": {
    "loss_main": 0.46063509583473206,
    "auc": 0.763298472349799,
    "acc": 0.7277645443901651,
    "rmse": 0.4275837811695867
  },
  "26": {
    "loss_main": 0.4556382894515991,
    "auc": 0.7629308695923591,
    "acc": 0.726957083451088,
    "rmse": 0.42762457078334004
  },
  "27": {
    "loss_main": 0.4507564306259155,
    "auc": 0.7625366662802209,
    "acc": 0.7261092494650572,
    "rmse": 0.42770840291640355
  },
  "28": {
    "loss_main": 0.4460617005825043,
    "auc": 0.7621179206834741,
    "acc": 0.7261899955589648,
    "rmse": 0.42784357636562226
  },
  "29": {
    "loss_main": 0.44186097383499146,
    "auc": 0.7615996361463618,
    "acc": 0.7254632807137955,
    "rmse": 0.42805717863857085
  },
  "30": {
    "loss_main": 0.43752655386924744,
    "auc": 0.7611483827240866,
    "acc": 0.7251402963381647,
    "rmse": 0.4282862443156086
  },
  "31": {
    "loss_main": 0.4335978031158447,
    "auc": 0.7605655748084863,
    "acc": 0.7245347006338568,
    "rmse": 0.4286035563994696
  },
  "32": {
    "loss_main": 0.42982667684555054,
    "auc": 0.7600121890968761,
    "acc": 0.724211716258226,
    "rmse": 0.4289435274917095
  },
  "33": {
    "loss_main": 0.4262116849422455,
    "auc": 0.759449361026638,
    "acc": 0.7242520893051798,
    "rmse": 0.4293372373897049
  }
}