{
  "1": {
    "loss_main": 0.7380744814872742,
    "auc": 0.7184345304236933,
    "acc": 0.6476240461867657,
    "rmse": 0.46789788042278535
  },
  "2": {
    "loss_main": 0.5451952815055847,
    "auc": 0.7406471565016544,
    "acc": 0.7153296459283782,
    "rmse": 0.43662945102243456
  },
  "3": {
    "loss_main": 0.4819941520690918,
    "auc": 0.7483736562831637,
    "acc": 0.7155315111631475,
    "rmse": 0.43704665060393183
  },
  "4": {
    "loss_main": 0.45282161235809326,
    "auc": 0.750369439861593,
    "acc": 0.7158141224918244,
    "rmse": 0.44046362092765673
  },
  "5": {
    "loss_main": 0.43548813462257385,
    "auc": 0.7500856554270375,
    "acc": 0.7140780814728087,
    "rmse": 0.44290142523247067
  },
  "6": {
    "loss_main": 0.4229978024959564,
    "auc": 0.749619077345652,
    "acc": 0.7152488998344705,
    "rmse": 0.4429991178514554
  },
  "7": {
    "loss_main": 0.414113312959671,
    "auc": 0.7489257364023079,
    "acc": 0.7152488998344705,
    "rmse": 0.4428861840483536
  },
  "8": {
    "loss_main": 0.40664538741111755,
    "auc": 0.7481878590602231,
    "acc": 0.7168234486656708,
    "rmse": 0.4472130990315427
  },
  "9": {
    "loss_main": 0.40072745084762573,
    "auc": 0.747327049129159,
    "acc": 0.717590536557794,
    "rmse": 0.445786692134505
  },
  "10": {
    "loss_main": 0.3958485424518585,
    "auc": 0.7468697029420421,
    "acc": 0.7179942670273326,
    "rmse": 0.4467799785932381
  },
  "11": {
    "loss_main": 0.39103350043296814,
    "auc": 0.7461640872892012,
    "acc": 0.7068109330211151,
    "rmse": 0.45263069420419294
  },
  "12": {
    "loss_main": 0.3867575526237488,
    "auc": 0.7455869476425316,
    "acc": 0.7098389115426541,
    "rmse": 0.4497823579639789
  },
  "13": {
    "loss_main": 0.38342714309692383,
    "auc": 0.7451310176308491,
    "acc": 0.7158948685857321,
    "rmse": 0.4496319570430011
  },
  "14": {
    "loss_main": 0.37974345684051514,
    "auc": 0.744632477504392,
    "acc": 0.7190843392950866,
    "rmse": 0.4495698800459023
  }
}