{
  "1": {
    "loss_main": 0.667105495929718,
    "auc": 0.6976468996932637,
    "acc": 0.6534514925373134,
    "rmse": 0.4774573476575753
  },
  "2": {
    "loss_main": 0.5848643779754639,
    "auc": 0.8503649857976239,
    "acc": 0.7593283582089553,
    "rmse": 0.41194914464476307
  },
  "3": {
    "loss_main": 0.42117995023727417,
    "auc": 0.8799556693878797,
    "acc": 0.8027052238805971,
    "rmse": 0.3724755710873693
  },
  "4": {
    "loss_main": 0.3803865313529968,
    "auc": 0.8818824802453893,
    "acc": 0.8078358208955224,
    "rmse": 0.3703349738403733
  },
  "5": {
    "loss_main": 0.37327513098716736,
    "auc": 0.8836836295252349,
    "acc": 0.8106343283582089,
    "rmse": 0.3685605370603664
  },
  "6": {
    "loss_main": 0.3693711459636688,
    "auc": 0.885149681264644,
    "acc": 0.8125,
    "rmse": 0.367600006360302
  },
  "7": {
    "loss_main": 0.3672175705432892,
    "auc": 0.886049383254722,
    "acc": 0.8115671641791045,
    "rmse": 0.3667041762990867
  },
  "8": {
    "loss_main": 0.3653348982334137,
    "auc": 0.8863321218044653,
    "acc": 0.8143656716417911,
    "rmse": 0.366628810254082
  },
  "9": {
    "loss_main": 0.36392542719841003,
    "auc": 0.8868530937618625,
    "acc": 0.8101679104477612,
    "rmse": 0.3685536637769591
  },
  "10": {
    "loss_main": 0.36276334524154663,
    "auc": 0.8871305964125366,
    "acc": 0.8083022388059702,
    "rmse": 0.3689505678189312
  },
  "11": {
    "loss_main": 0.36193862557411194,
    "auc": 0.8875276520919598,
    "acc": 0.808768656716418,
    "rmse": 0.3670736298629899
  },
  "12": {
    "loss_main": 0.360204815864563,
    "auc": 0.8876864743637293,
    "acc": 0.8097014925373134,
    "rmse": 0.36688372037879263
  },
  "13": {
    "loss_main": 0.3590727150440216,
    "auc": 0.8878243530392212,
    "acc": 0.8092350746268657,
    "rmse": 0.3659854245423442
  },
  "14": {
    "loss_main": 0.3582744002342224,
    "auc": 0.8879639770144031,
    "acc": 0.8078358208955224,
    "rmse": 0.3663321332657318
  },
  "15": {
    "loss_main": 0.35712161660194397,
    "auc": 0.8875878649312572,
    "acc": 0.8106343283582089,
    "rmse": 0.36722116113136866
  },
  "16": {
    "loss_main": 0.35644474625587463,
    "auc": 0.8881402522830703,
    "acc": 0.8101679104477612,
    "rmse": 0.3659075484816806
  },
  "17": {
    "loss_main": 0.3551720082759857,
    "auc": 0.8879316889701423,
    "acc": 0.8050373134328358,
    "rmse": 0.3704504359757222
  },
  "18": {
    "loss_main": 0.3550705313682556,
    "auc": 0.887987538560215,
    "acc": 0.804570895522388,
    "rmse": 0.367185186825223
  },
  "19": {
    "loss_main": 0.35403972864151,
    "auc": 0.8881987198226776,
    "acc": 0.8101679104477612,
    "rmse": 0.3657877396859687
  },
  "20": {
    "loss_main": 0.3533914387226105,
    "auc": 0.887765885499614,
    "acc": 0.8120335820895522,
    "rmse": 0.3667673791760463
  },
  "21": {
    "loss_main": 0.35311177372932434,
    "auc": 0.8879988830081985,
    "acc": 0.8097014925373134,
    "rmse": 0.36606759890104923
  },
  "22": {
    "loss_main": 0.35284873843193054,
    "auc": 0.8877920649949607,
    "acc": 0.8083022388059702,
    "rmse": 0.36664655081160374
  },
  "23": {
    "loss_main": 0.3521393835544586,
    "auc": 0.8875206708932007,
    "acc": 0.8097014925373134,
    "rmse": 0.36654133451842147
  },
  "24": {
    "loss_main": 0.35198667645454407,
    "auc": 0.8874814016501807,
    "acc": 0.8120335820895522,
    "rmse": 0.36642089928336924
  },
  "25": {
    "loss_main": 0.3516802489757538,
    "auc": 0.8874307879591774,
    "acc": 0.8069029850746269,
    "rmse": 0.3677486433604493
  },
  "26": {
    "loss_main": 0.3514469861984253,
    "auc": 0.8873714477697251,
    "acc": 0.8125,
    "rmse": 0.36641368085731896
  },
  "27": {
    "loss_main": 0.35113826394081116,
    "auc": 0.8874246794102632,
    "acc": 0.8120335820895522,
    "rmse": 0.36612429801949165
  },
  "28": {
    "loss_main": 0.35114869475364685,
    "auc": 0.8871820827533846,
    "acc": 0.8106343283582089,
    "rmse": 0.3664049372212332
  },
  "29": {
    "loss_main": 0.3506312668323517,
    "auc": 0.8870084254342524,
    "acc": 0.8129664179104478,
    "rmse": 0.3662605150360305
  }
}