{
  "auc": 0.7665593575761405,
  "acc": 0.7344462836610279,
  "rmse": 0.4249039807964291
}