{
  "auc": 0.7645609839674171,
  "acc": 0.723666680124349,
  "rmse": 0.42785600996879597
}