{
  "auc": 0.7251990644675815,
  "acc": 0.6812749808228027,
  "rmse": 0.47482152208355916,
  "doa_all": 0.7871305916968162
}