{
  "1": {
    "loss_main": 0.6222674250602722,
    "auc": 0.7124467826450329,
    "acc": 0.7020492539996405,
    "rmse": 0.4491940698892919
  },
  "2": {
    "loss_main": 0.5807573795318604,
    "auc": 0.7301386727440677,
    "acc": 0.7127898615854754,
    "rmse": 0.43873753247384417
  },
  "3": {
    "loss_main": 0.5699480175971985,
    "auc": 0.7347323921296878,
    "acc": 0.7161603451375157,
    "rmse": 0.43667006110311013
  },
  "4": {
    "loss_main": 0.5638962388038635,
    "auc": 0.739555922742179,
    "acc": 0.7181826352687399,
    "rmse": 0.4342731274039192
  },
  "5": {
    "loss_main": 0.5603103637695312,
    "auc": 0.7434957665806475,
    "acc": 0.7187219126370663,
    "rmse": 0.4332492422008105
  },
  "6": {
    "loss_main": 0.557571291923523,
    "auc": 0.742968880580209,
    "acc": 0.7186769728563724,
    "rmse": 0.4329143562689705
  },
  "7": {
    "loss_main": 0.5539590716362,
    "auc": 0.7437731226726003,
    "acc": 0.7204296243034334,
    "rmse": 0.43259295531320247
  },
  "8": {
    "loss_main": 0.5513991117477417,
    "auc": 0.7475912921276953,
    "acc": 0.7220025166277189,
    "rmse": 0.4319876574689171
  },
  "9": {
    "loss_main": 0.5504691004753113,
    "auc": 0.7473090450250889,
    "acc": 0.7202498651806579,
    "rmse": 0.4314807578533898
  },
  "10": {
    "loss_main": 0.5466210842132568,
    "auc": 0.7478029222264357,
    "acc": 0.7193510695667805,
    "rmse": 0.43151965970730155
  },
  "11": {
    "loss_main": 0.5447128415107727,
    "auc": 0.7493359514157841,
    "acc": 0.722272155311882,
    "rmse": 0.4309007854741786
  },
  "12": {
    "loss_main": 0.5425767302513123,
    "auc": 0.7490535761837207,
    "acc": 0.7221822757504943,
    "rmse": 0.43140924733857045
  },
  "13": {
    "loss_main": 0.5409659743309021,
    "auc": 0.7488541316381718,
    "acc": 0.7237102282940859,
    "rmse": 0.43072019803705275
  },
  "14": {
    "loss_main": 0.5373361706733704,
    "auc": 0.7493841192551225,
    "acc": 0.723305770267841,
    "rmse": 0.4307885022637355
  },
  "15": {
    "loss_main": 0.5366911292076111,
    "auc": 0.7492878719415885,
    "acc": 0.7226316735574331,
    "rmse": 0.4306745117027068
  },
  "16": {
    "loss_main": 0.5329499244689941,
    "auc": 0.7485412262492721,
    "acc": 0.7207891425489844,
    "rmse": 0.4313894550849658
  },
  "17": {
    "loss_main": 0.5319307446479797,
    "auc": 0.7492575936254093,
    "acc": 0.7202049253999641,
    "rmse": 0.43099174230059784
  },
  "18": {
    "loss_main": 0.529245138168335,
    "auc": 0.7485967504867483,
    "acc": 0.7226316735574331,
    "rmse": 0.4310512575428766
  },
  "19": {
    "loss_main": 0.5266802310943604,
    "auc": 0.7497622027733488,
    "acc": 0.7206093834262088,
    "rmse": 0.4306577997768666
  },
  "20": {
    "loss_main": 0.5256645679473877,
    "auc": 0.748923056449553,
    "acc": 0.7218227575049434,
    "rmse": 0.43128683513394084
  },
  "21": {
    "loss_main": 0.5226035714149475,
    "auc": 0.7506334388987512,
    "acc": 0.7211486607945353,
    "rmse": 0.43046966801872605
  },
  "22": {
    "loss_main": 0.5183610320091248,
    "auc": 0.7492797688579941,
    "acc": 0.7181376954880461,
    "rmse": 0.4315977291006336
  },
  "23": {
    "loss_main": 0.516050398349762,
    "auc": 0.7493999675434829,
    "acc": 0.7191713104440051,
    "rmse": 0.43148533370840303
  },
  "24": {
    "loss_main": 0.5138156414031982,
    "auc": 0.7501071891273408,
    "acc": 0.7208790221103721,
    "rmse": 0.4311987915595395
  },
  "25": {
    "loss_main": 0.5105631947517395,
    "auc": 0.7490262580998251,
    "acc": 0.7193061297860867,
    "rmse": 0.4316739030670865
  },
  "26": {
    "loss_main": 0.5080551505088806,
    "auc": 0.7492729956697987,
    "acc": 0.7197555275930253,
    "rmse": 0.431470725337284
  },
  "27": {
    "loss_main": 0.5047118067741394,
    "auc": 0.7490775761565043,
    "acc": 0.7207442027682905,
    "rmse": 0.43181906761644395
  },
  "28": {
    "loss_main": 0.5016273260116577,
    "auc": 0.749086607074098,
    "acc": 0.7189016717598418,
    "rmse": 0.43232844858834035
  },
  "29": {
    "loss_main": 0.4992083013057709,
    "auc": 0.7489048090475656,
    "acc": 0.7180927557073521,
    "rmse": 0.4322265169925381
  },
  "30": {
    "loss_main": 0.4957270920276642,
    "auc": 0.7466977349672225,
    "acc": 0.7179579363652705,
    "rmse": 0.43344875007556544
  },
  "31": {
    "loss_main": 0.492885023355484,
    "auc": 0.7496047625984283,
    "acc": 0.7182275750494338,
    "rmse": 0.4330508123442841
  }
}