{
  "auc": [
    0.853750883994618,
    0.8511619870561913,
    0.8534901740112875,
    0.8503623678480892,
    0.8497587277114836
  ],
  "acc": [
    0.7649253731343284,
    0.7541977611940298,
    0.7705223880597015,
    0.7737873134328358,
    0.7677238805970149
  ],
  "rmse": [
    0.406164178586411,
    0.4096943206859486,
    0.403109978240713,
    0.4045493954404699,
    0.4080590536866248
  ],
  "doa_all": [
    0.9210029721077013,
    0.9334615252140078,
    0.9326412092160226,
    0.9371976231623823,
    0.9379336722398859
  ]
}