{
  "auc": 0.8517048281243339,
  "acc": 0.7662313432835821,
  "rmse": 0.4063153853280335,
  "doa_all": 0.9324474003880001
}