{
  "1": {
    "loss_main": 0.7992618083953857,
    "auc": 0.6056491037479631,
    "acc": 0.5093283582089553,
    "rmse": 0.5514648199714722
  },
  "2": {
    "loss_main": 0.7893187999725342,
    "auc": 0.6107954149779244,
    "acc": 0.5093283582089553,
    "rmse": 0.5492410972682824
  },
  "3": {
    "loss_main": 0.7843581438064575,
    "auc": 0.616046184487249,
    "acc": 0.5093283582089553,
    "rmse": 0.5470715305869104
  },
  "4": {
    "loss_main": 0.7821218371391296,
    "auc": 0.6207502890012396,
    "acc": 0.5093283582089553,
    "rmse": 0.5449467588369421
  },
  "5": {
    "loss_main": 0.7761931419372559,
    "auc": 0.6252071755874038,
    "acc": 0.5093283582089553,
    "rmse": 0.54284817571243
  },
  "6": {
    "loss_main": 0.7685288190841675,
    "auc": 0.6297894121088037,
    "acc": 0.5093283582089553,
    "rmse": 0.5407870253833458
  },
  "7": {
    "loss_main": 0.7652690410614014,
    "auc": 0.6342776361787769,
    "acc": 0.5093283582089553,
    "rmse": 0.5387699051828557
  },
  "8": {
    "loss_main": 0.7622495889663696,
    "auc": 0.6389782587501218,
    "acc": 0.5093283582089553,
    "rmse": 0.5367409847268199
  },
  "9": {
    "loss_main": 0.7575446367263794,
    "auc": 0.6437728937728938,
    "acc": 0.5093283582089553,
    "rmse": 0.5347398126139163
  },
  "10": {
    "loss_main": 0.7500976324081421,
    "auc": 0.6485396732545021,
    "acc": 0.5093283582089553,
    "rmse": 0.532741388626351
  },
  "11": {
    "loss_main": 0.7470006942749023,
    "auc": 0.6534805498683824,
    "acc": 0.5093283582089553,
    "rmse": 0.5307284768511551
  },
  "12": {
    "loss_main": 0.7365785837173462,
    "auc": 0.6579548461677739,
    "acc": 0.5093283582089553,
    "rmse": 0.5287215424493283
  },
  "13": {
    "loss_main": 0.736189603805542,
    "auc": 0.6620774662599757,
    "acc": 0.5093283582089553,
    "rmse": 0.5267209649414277
  },
  "14": {
    "loss_main": 0.7323822379112244,
    "auc": 0.6659110851126061,
    "acc": 0.5093283582089553,
    "rmse": 0.5247081592575378
  },
  "15": {
    "loss_main": 0.7232669591903687,
    "auc": 0.6695183776932827,
    "acc": 0.5093283582089553,
    "rmse": 0.5227103805451222
  },
  "16": {
    "loss_main": 0.7259564399719238,
    "auc": 0.6728593016615831,
    "acc": 0.5093283582089553,
    "rmse": 0.5207413655781714
  },
  "17": {
    "loss_main": 0.721230149269104,
    "auc": 0.6756848981183582,
    "acc": 0.5093283582089553,
    "rmse": 0.5187731209163947
  },
  "18": {
    "loss_main": 0.7174991369247437,
    "auc": 0.6781083301995849,
    "acc": 0.5093283582089553,
    "rmse": 0.516769929790367
  },
  "19": {
    "loss_main": 0.7141706943511963,
    "auc": 0.6801835680162676,
    "acc": 0.5093283582089553,
    "rmse": 0.5147959083476037
  },
  "20": {
    "loss_main": 0.7089099287986755,
    "auc": 0.6822553238903049,
    "acc": 0.5093283582089553,
    "rmse": 0.5128486912501922
  },
  "21": {
    "loss_main": 0.7027841806411743,
    "auc": 0.6841599465173609,
    "acc": 0.5093283582089553,
    "rmse": 0.510894956771575
  },
  "22": {
    "loss_main": 0.7028099298477173,
    "auc": 0.6859392192091812,
    "acc": 0.5093283582089553,
    "rmse": 0.5090231915045138
  },
  "23": {
    "loss_main": 0.6984531879425049,
    "auc": 0.6877950946392011,
    "acc": 0.5093283582089553,
    "rmse": 0.5071513346754066
  },
  "24": {
    "loss_main": 0.6926739811897278,
    "auc": 0.6898738143985292,
    "acc": 0.5093283582089553,
    "rmse": 0.5053189605507494
  },
  "25": {
    "loss_main": 0.6902239918708801,
    "auc": 0.6918445939358486,
    "acc": 0.5093283582089553,
    "rmse": 0.5034951891721364
  },
  "26": {
    "loss_main": 0.6876887083053589,
    "auc": 0.6938327831863954,
    "acc": 0.5093283582089553,
    "rmse": 0.5017162907200656
  },
  "27": {
    "loss_main": 0.6820387840270996,
    "auc": 0.6958314182648784,
    "acc": 0.5093283582089553,
    "rmse": 0.4999572169358219
  },
  "28": {
    "loss_main": 0.677718460559845,
    "auc": 0.698056379615315,
    "acc": 0.5111940298507462,
    "rmse": 0.4982416108837253
  },
  "29": {
    "loss_main": 0.6773884296417236,
    "auc": 0.7006748004846863,
    "acc": 0.519589552238806,
    "rmse": 0.4965712434540261
  },
  "30": {
    "loss_main": 0.6741743087768555,
    "auc": 0.7032096547305673,
    "acc": 0.5317164179104478,
    "rmse": 0.49489671361683407
  },
  "31": {
    "loss_main": 0.669973611831665,
    "auc": 0.7058106658867116,
    "acc": 0.5382462686567164,
    "rmse": 0.49327971358206496
  },
  "32": {
    "loss_main": 0.6675304174423218,
    "auc": 0.7086066658310004,
    "acc": 0.542910447761194,
    "rmse": 0.4916765649117065
  },
  "33": {
    "loss_main": 0.6626403331756592,
    "auc": 0.7113156172091533,
    "acc": 0.5494402985074627,
    "rmse": 0.49012261138758156
  },
  "34": {
    "loss_main": 0.6630265712738037,
    "auc": 0.7141185810387332,
    "acc": 0.5652985074626866,
    "rmse": 0.4886244368912211
  },
  "35": {
    "loss_main": 0.6590511798858643,
    "auc": 0.7169076170977312,
    "acc": 0.5764925373134329,
    "rmse": 0.48713438005057375
  },
  "36": {
    "loss_main": 0.6580770015716553,
    "auc": 0.7201040404462458,
    "acc": 0.585820895522388,
    "rmse": 0.485677091855892
  },
  "37": {
    "loss_main": 0.6536532640457153,
    "auc": 0.7232621624256605,
    "acc": 0.5951492537313433,
    "rmse": 0.4842404517067927
  },
  "38": {
    "loss_main": 0.6497247219085693,
    "auc": 0.7263001573838076,
    "acc": 0.601679104477612,
    "rmse": 0.4828169591012609
  },
  "39": {
    "loss_main": 0.6481151580810547,
    "auc": 0.72957840638449,
    "acc": 0.6119402985074627,
    "rmse": 0.4814270201761546
  },
  "40": {
    "loss_main": 0.6464871168136597,
    "auc": 0.7325415395757601,
    "acc": 0.621268656716418,
    "rmse": 0.48004314521756325
  },
  "41": {
    "loss_main": 0.6431228518486023,
    "auc": 0.7357727823507292,
    "acc": 0.6240671641791045,
    "rmse": 0.4786744768816932
  },
  "42": {
    "loss_main": 0.6391516923904419,
    "auc": 0.7386976141728994,
    "acc": 0.6333955223880597,
    "rmse": 0.47734104723875376
  },
  "43": {
    "loss_main": 0.6385161876678467,
    "auc": 0.7416120001671334,
    "acc": 0.6464552238805971,
    "rmse": 0.47602772021019524
  },
  "44": {
    "loss_main": 0.635791003704071,
    "auc": 0.7446029888995669,
    "acc": 0.6669776119402985,
    "rmse": 0.47471997263614524
  },
  "45": {
    "loss_main": 0.6299834251403809,
    "auc": 0.7475487123776098,
    "acc": 0.6800373134328358,
    "rmse": 0.4734236107730863
  },
  "46": {
    "loss_main": 0.631759524345398,
    "auc": 0.7501845429602083,
    "acc": 0.6949626865671642,
    "rmse": 0.47219701793982016
  },
  "47": {
    "loss_main": 0.6278054118156433,
    "auc": 0.7529352776501067,
    "acc": 0.6949626865671642,
    "rmse": 0.4709583714245054
  },
  "48": {
    "loss_main": 0.6260999441146851,
    "auc": 0.7556860123400049,
    "acc": 0.6958955223880597,
    "rmse": 0.46970058060005726
  },
  "49": {
    "loss_main": 0.624218225479126,
    "auc": 0.758478530341648,
    "acc": 0.6986940298507462,
    "rmse": 0.4684727325575529
  },
  "50": {
    "loss_main": 0.6200555562973022,
    "auc": 0.7612397108594827,
    "acc": 0.6930970149253731,
    "rmse": 0.46725234152634265
  },
  "51": {
    "loss_main": 0.6185669898986816,
    "auc": 0.7638755414420814,
    "acc": 0.6958955223880597,
    "rmse": 0.4660354533297866
  },
  "52": {
    "loss_main": 0.6158727407455444,
    "auc": 0.766803855206897,
    "acc": 0.6949626865671642,
    "rmse": 0.46483386053256265
  },
  "53": {
    "loss_main": 0.613454282283783,
    "auc": 0.7696486023482221,
    "acc": 0.6977611940298507,
    "rmse": 0.46363145158731717
  },
  "54": {
    "loss_main": 0.6127958297729492,
    "auc": 0.7725664702851014,
    "acc": 0.7024253731343284,
    "rmse": 0.46243766158351557
  },
  "55": {
    "loss_main": 0.6077864170074463,
    "auc": 0.7752510480647363,
    "acc": 0.7061567164179104,
    "rmse": 0.46123360966556554
  },