{
  "auc": [
    0.7556133995506005
  ],
  "acc": [
    0.7218532697867021
  ],
  "rmse": [
    0.4295348156239484
  ]
}