{
  "auc": 0.7405549792360653,
  "acc": 0.7108684242399774,
  "rmse": 0.4485732540974468
}