{
  "auc": 0.9043963015845196,
  "acc": 0.836473880597015,
  "rmse": 0.3506051540996096
}