{
  "auc": [
    0.9194341911242144,
    0.8979835268589732,
    0.9025850576254073,
    0.8965665591852942,
    0.9054121731287085
  ],
  "acc": [
    0.8484141791044776,
    0.824160447761194,
    0.840018656716418,
    0.8283582089552238,
    0.8414179104477612
  ],
  "rmse": [
    0.3344060566998475,
    0.35995505002651224,
    0.35143791746385755,
    0.36047123521626884,
    0.34675551109156166
  ]
}