{
  "auc": 0.7532388396289162,
  "acc": 0.7193669506237635,
  "rmse": 0.43610818044254157,
  "doa_all": 0.7905020747661738
}