{
  "auc": 0.8644731410119879,
  "acc": 0.800839552238806,
  "rmse": 0.4247911648406687
}