{
  "auc": 0.915086812413508,
  "acc": 0.8414179104477612,
  "rmse": 0.33877594128831856,
  "doa_all": 0.7988377910227453
}