{
  "1": {
    "loss_main": 3.1408231258392334,
    "auc": 0.41256846325765206,
    "acc": 0.5228544776119403,
    "rmse": 0.5056396065902085
  },
  "2": {
    "loss_main": 0.6955785155296326,
    "auc": 0.42394201867310555,
    "acc": 0.5228544776119403,
    "rmse": 0.5013284024021879
  },
  "3": {
    "loss_main": 0.6917519569396973,
    "auc": 0.4391397500660543,
    "acc": 0.5228544776119403,
    "rmse": 0.5022337014310359
  },
  "4": {
    "loss_main": 0.6919785737991333,
    "auc": 0.47184907693957795,
    "acc": 0.5228544776119403,
    "rmse": 0.5007084060035702
  },
  "5": {
    "loss_main": 0.692566454410553,
    "auc": 0.4740282163234021,
    "acc": 0.5228544776119403,
    "rmse": 0.49948139415585047
  },
  "6": {
    "loss_main": 0.6921212673187256,
    "auc": 0.4860810632874747,
    "acc": 0.5228544776119403,
    "rmse": 0.4999905525745493
  },
  "7": {
    "loss_main": 0.6931166052818298,
    "auc": 0.5054570045073915,
    "acc": 0.5228544776119403,
    "rmse": 0.5011177979311208
  },
  "8": {
    "loss_main": 0.692470133304596,
    "auc": 0.5487358985963343,
    "acc": 0.5228544776119403,
    "rmse": 0.5013869837087478
  },
  "9": {
    "loss_main": 0.6922685503959656,
    "auc": 0.6236480659374964,
    "acc": 0.5228544776119403,
    "rmse": 0.5007175125290574
  },
  "10": {
    "loss_main": 0.6925309300422668,
    "auc": 0.6614171992434489,
    "acc": 0.5228544776119403,
    "rmse": 0.5030610736964619
  },
  "11": {
    "loss_main": 0.691341757774353,
    "auc": 0.6891622041833547,
    "acc": 0.5228544776119403,
    "rmse": 0.49906377759947895
  },
  "12": {
    "loss_main": 0.6906366944313049,
    "auc": 0.706025900279303,
    "acc": 0.5228544776119403,
    "rmse": 0.50097525375225
  },
  "13": {
    "loss_main": 0.6889562606811523,
    "auc": 0.718227424020063,
    "acc": 0.6557835820895522,
    "rmse": 0.49772398710749916
  },
  "14": {
    "loss_main": 0.6858863830566406,
    "auc": 0.7318433391496038,
    "acc": 0.5228544776119403,
    "rmse": 0.4967268111014925
  },
  "15": {
    "loss_main": 0.6804934740066528,
    "auc": 0.7505343207912918,
    "acc": 0.5228544776119403,
    "rmse": 0.49351697324031496
  },
  "16": {
    "loss_main": 0.6764107346534729,
    "auc": 0.7702424957467978,
    "acc": 0.5228544776119403,
    "rmse": 0.48944834275280263
  },
  "17": {
    "loss_main": 0.6651904582977295,
    "auc": 0.7850674451923336,
    "acc": 0.5228544776119403,
    "rmse": 0.48439833369503976
  },
  "18": {
    "loss_main": 0.6501173377037048,
    "auc": 0.7959369819747939,
    "acc": 0.6138059701492538,
    "rmse": 0.47615991065725005
  },
  "19": {
    "loss_main": 0.629407525062561,
    "auc": 0.8092516195304604,
    "acc": 0.5457089552238806,
    "rmse": 0.47322165349792444
  },
  "20": {
    "loss_main": 0.6076866984367371,
    "auc": 0.8232050004229223,
    "acc": 0.7201492537313433,
    "rmse": 0.4582038898900665
  },
  "21": {
    "loss_main": 0.5805339813232422,
    "auc": 0.8398214832274284,
    "acc": 0.7835820895522388,
    "rmse": 0.4405791542876463
  },
  "22": {
    "loss_main": 0.5497747659683228,
    "auc": 0.8572345421932484,
    "acc": 0.7784514925373134,
    "rmse": 0.4287227376995294
  },
  "23": {
    "loss_main": 0.5155420899391174,
    "auc": 0.8743790237560201,
    "acc": 0.7971082089552238,
    "rmse": 0.40874263027675156
  },
  "24": {
    "loss_main": 0.4773949682712555,
    "auc": 0.8909915825400273,
    "acc": 0.8083022388059702,
    "rmse": 0.39020124338691003
  },
  "25": {
    "loss_main": 0.4469417333602905,
    "auc": 0.9017329346528505,
    "acc": 0.8260261194029851,
    "rmse": 0.375823091172153
  },
  "26": {
    "loss_main": 0.4226478338241577,
    "auc": 0.9076215814151414,
    "acc": 0.8306902985074627,
    "rmse": 0.3674093955773988
  },
  "27": {
    "loss_main": 0.4003957509994507,
    "auc": 0.9108200941241718,
    "acc": 0.8330223880597015,
    "rmse": 0.35713386396597485
  },
  "28": {
    "loss_main": 0.3822548985481262,
    "auc": 0.9126129354899749,
    "acc": 0.8395522388059702,
    "rmse": 0.35208347713685717
  },
  "29": {
    "loss_main": 0.3692346215248108,
    "auc": 0.9139976787238735,
    "acc": 0.8353544776119403,
    "rmse": 0.3501727503812886
  },
  "30": {
    "loss_main": 0.36094439029693604,
    "auc": 0.9149804278577551,
    "acc": 0.8325559701492538,
    "rmse": 0.3471065096637088
  },
  "31": {
    "loss_main": 0.3555838167667389,
    "auc": 0.9156361752833796,
    "acc": 0.8330223880597015,
    "rmse": 0.3449384670219821
  },
  "32": {
    "loss_main": 0.3479319214820862,
    "auc": 0.9162622745541222,
    "acc": 0.84375,
    "rmse": 0.3423294713478195
  },
  "33": {
    "loss_main": 0.33781465888023376,
    "auc": 0.9168282055105457,
    "acc": 0.8404850746268657,
    "rmse": 0.34026046941922133
  },
  "34": {
    "loss_main": 0.33336377143859863,
    "auc": 0.9174150645762973,
    "acc": 0.8451492537313433,
    "rmse": 0.3382333329514626
  },
  "35": {
    "loss_main": 0.32590070366859436,
    "auc": 0.917776074462213,
    "acc": 0.8442164179104478,
    "rmse": 0.33730661494373104
  },
  "36": {
    "loss_main": 0.3210383653640747,
    "auc": 0.9181379563526839,
    "acc": 0.8456156716417911,
    "rmse": 0.3363914527597608
  },
  "37": {
    "loss_main": 0.3147561252117157,
    "auc": 0.9185225103615942,
    "acc": 0.840018656716418,
    "rmse": 0.3397722059337505
  },
  "38": {
    "loss_main": 0.3136354982852936,
    "auc": 0.9187562075824285,
    "acc": 0.8460820895522388,
    "rmse": 0.3368087050966869
  },
  "39": {
    "loss_main": 0.3058527410030365,
    "auc": 0.919028273003698,
    "acc": 0.8479477611940298,
    "rmse": 0.33537313828465215
  },
  "40": {
    "loss_main": 0.30193009972572327,
    "auc": 0.9191459936186706,
    "acc": 0.8465485074626866,
    "rmse": 0.33431435061727216
  },
  "41": {
    "loss_main": 0.29668447375297546,
    "auc": 0.9191922098601043,
    "acc": 0.8484141791044776,
    "rmse": 0.33465851680519726
  },
  "42": {
    "loss_main": 0.29091987013816833,
    "auc": 0.9193186505206303,
    "acc": 0.8479477611940298,
    "rmse": 0.3343716545472393
  },
  "43": {
    "loss_main": 0.28720831871032715,
    "auc": 0.9194341911242144,
    "acc": 0.8484141791044776,
    "rmse": 0.3344060566998475
  },
  "44": {
    "loss_main": 0.282654345035553,
    "auc": 0.9193866668759476,
    "acc": 0.8484141791044776,
    "rmse": 0.33379818372055164
  },
  "45": {
    "loss_main": 0.27859318256378174,
    "auc": 0.9194014909533887,
    "acc": 0.8498134328358209,
    "rmse": 0.33325208726817357
  },
  "46": {
    "loss_main": 0.2738289535045624,
    "auc": 0.9194128270126084,
    "acc": 0.8390858208955224,
    "rmse": 0.3421920998146564
  },
  "47": {
    "loss_main": 0.2723493278026581,
    "auc": 0.9193282425707392,
    "acc": 0.8460820895522388,
    "rmse": 0.3361189928599725
  },
  "48": {
    "loss_main": 0.2700468599796295,
    "auc": 0.9191730257598865,
    "acc": 0.8507462686567164,
    "rmse": 0.335148639192398
  },
  "49": {
    "loss_main": 0.2648624777793884,
    "auc": 0.9190919293362387,
    "acc": 0.847481343283582,
    "rmse": 0.33361168752861003
  },
  "50": {
    "loss_main": 0.2591325044631958,
    "auc": 0.9187697236530363,
    "acc": 0.851679104477612,
    "rmse": 0.33500217372986146
  },
  "51": {
    "loss_main": 0.2600499093532562,
    "auc": 0.9184815261474925,
    "acc": 0.8488805970149254,
    "rmse": 0.3346834840898687
  },
  "52": {
    "loss_main": 0.2555224895477295,
    "auc": 0.9182861971270937,
    "acc": 0.8484141791044776,
    "rmse": 0.33517400343319936
  },
  "53": {
    "loss_main": 0.247089222073555,
    "auc": 0.918008899678492,
    "acc": 0.8484141791044776,
    "rmse": 0.3357000065925684
  }
}