{
  "1": {
    "loss_main": 0.6297556757926941,
    "auc": 0.7289490956253895,
    "acc": 0.6893495902135734,
    "rmse": 0.44576183871831004
  },
  "2": {
    "loss_main": 0.5291838645935059,
    "auc": 0.7389694304506038,
    "acc": 0.7061649642698534,
    "rmse": 0.44029409685520443
  },
  "3": {
    "loss_main": 0.49765992164611816,
    "auc": 0.743357360620259,
    "acc": 0.700754975978037,
    "rmse": 0.4428466319065162
  },
  "4": {
    "loss_main": 0.4816534221172333,
    "auc": 0.7417410798540782,
    "acc": 0.709879284589608,
    "rmse": 0.44345004461178333
  },
  "5": {
    "loss_main": 0.473480761051178,
    "auc": 0.7401062638620264,
    "acc": 0.7132504340102548,
    "rmse": 0.44440226636200536
  },
  "6": {
    "loss_main": 0.46680569648742676,
    "auc": 0.7374755405090261,
    "acc": 0.7092736888853002,
    "rmse": 0.44600516540375795
  },
  "7": {
    "loss_main": 0.4633532166481018,
    "auc": 0.7368954272434656,
    "acc": 0.7030360531309298,
    "rmse": 0.4459859373683204
  },
  "8": {
    "loss_main": 0.46115636825561523,
    "auc": 0.7363755383449824,
    "acc": 0.7069320521619766,
    "rmse": 0.4464396049634667
  },
  "9": {
    "loss_main": 0.459593802690506,
    "auc": 0.7326755448086578,
    "acc": 0.7113327142799467,
    "rmse": 0.44818781437754424
  },
  "10": {
    "loss_main": 0.45993104577064514,
    "auc": 0.7310804207347592,
    "acc": 0.7031369857483144,
    "rmse": 0.45134023522361627
  },
  "11": {
    "loss_main": 0.45845258235931396,
    "auc": 0.7306827172474663,
    "acc": 0.7061044046994227,
    "rmse": 0.449472107137478
  },
  "12": {
    "loss_main": 0.4580996632575989,
    "auc": 0.7288505256427861,
    "acc": 0.6984335257781905,
    "rmse": 0.4542166779336032
  },
  "13": {
    "loss_main": 0.4577011168003082,
    "auc": 0.7284240287082798,
    "acc": 0.706286083410715,
    "rmse": 0.45078470701482076
  }
}