{
  "1": {
    "loss_main": 22.727806091308594,
    "auc": 0.7489055768137747,
    "acc": 0.7267704483518125,
    "rmse": 0.4292016490394433
  },
  "2": {
    "loss_main": 24.39246368408203,
    "auc": 0.7624969348153575,
    "acc": 0.7263598013961996,
    "rmse": 0.4263705978222217
  },
  "3": {
    "loss_main": 24.651851654052734,
    "auc": 0.7690197554368898,
    "acc": 0.7337141150558106,
    "rmse": 0.4216857238309211
  },
  "4": {
    "loss_main": 25.065340042114258,
    "auc": 0.7627287734477959,
    "acc": 0.7294956508754247,
    "rmse": 0.4248334326829391
  },
  "5": {
    "loss_main": 25.611536026000977,
    "auc": 0.7646237718587527,
    "acc": 0.7308022548251017,
    "rmse": 0.42439148198117727
  },
  "6": {
    "loss_main": 25.97662925720215,
    "auc": 0.7605613592276567,
    "acc": 0.7228133049613619,
    "rmse": 0.4310233246041403
  },
  "7": {
    "loss_main": 26.508197784423828,
    "auc": 0.7520010016815435,
    "acc": 0.7189308246537499,
    "rmse": 0.438821211114049
  },
  "8": {
    "loss_main": 27.035268783569336,
    "auc": 0.7474903615046085,
    "acc": 0.7140403927278157,
    "rmse": 0.44469187806065946
  },
  "9": {
    "loss_main": 27.728866577148438,
    "auc": 0.7501987634827272,
    "acc": 0.7072087206480756,
    "rmse": 0.45703840657687245
  },
  "10": {
    "loss_main": 28.88922119140625,
    "auc": 0.7476330671425973,
    "acc": 0.7140030611863963,
    "rmse": 0.45990023850274914
  },
  "11": {
    "loss_main": 28.763757705688477,
    "auc": 0.7403207572125181,
    "acc": 0.7047448389143988,
    "rmse": 0.46761798863991194
  },
  "12": {
    "loss_main": 29.27120590209961,
    "auc": 0.7431055133609863,
    "acc": 0.6986597976630455,
    "rmse": 0.48029941583209124
  },
  "13": {
    "loss_main": 29.645191192626953,
    "auc": 0.7365239763793603,
    "acc": 0.7013850001866577,
    "rmse": 0.48800262130850164
  }
}