{
  "auc": 0.8679994546136278,
  "acc": 0.7947761194029851,
  "rmse": 0.42664414207910223
}