{
  "auc": [
    0.7514040779172358
  ],
  "acc": [
    0.7212349123551889
  ],
  "rmse": [
    0.430890410923181
  ]
}