{
  "auc": 0.8637575987208803,
  "acc": 0.7980410447761194,
  "rmse": 0.4248717507229422
}