{
  "1": {
    "loss_main": 0.5815813541412354,
    "auc": 0.7684364848006819,
    "acc": 0.7265129799345956,
    "rmse": 0.426183720327037
  },
  "2": {
    "loss_main": 0.49699991941452026,
    "auc": 0.7745867597500015,
    "acc": 0.7329524809237353,
    "rmse": 0.42214210319832074
  },
  "3": {
    "loss_main": 0.4709315299987793,
    "auc": 0.7735619546431937,
    "acc": 0.7265533529815495,
    "rmse": 0.4261117579841235
  },
  "4": {
    "loss_main": 0.45604389905929565,
    "auc": 0.7730302466188208,
    "acc": 0.7293189066978885,
    "rmse": 0.42425747408377906
  },
  "5": {
    "loss_main": 0.44469350576400757,
    "auc": 0.7710520007662702,
    "acc": 0.7281884613831806,
    "rmse": 0.4254487340381745
  },
  "6": {
    "loss_main": 0.4367683529853821,
    "auc": 0.7707396848938556,
    "acc": 0.7306714037708426,
    "rmse": 0.4254743362323405
  },
  "7": {
    "loss_main": 0.42987972497940063,
    "auc": 0.7691414973523649,
    "acc": 0.7265533529815495,
    "rmse": 0.43109586697895474
  },
  "8": {
    "loss_main": 0.42464685440063477,
    "auc": 0.7684905415467537,
    "acc": 0.7224756752392103,
    "rmse": 0.4350224575186993
  },
  "9": {
    "loss_main": 0.42007192969322205,
    "auc": 0.768406539709579,
    "acc": 0.7251402963381647,
    "rmse": 0.4329421155729514
  },
  "10": {
    "loss_main": 0.4161299467086792,
    "auc": 0.7678051337652938,
    "acc": 0.7279058500545036,
    "rmse": 0.43168834923019594
  },
  "11": {
    "loss_main": 0.4130212962627411,
    "auc": 0.7674104334314058,
    "acc": 0.7277645443901651,
    "rmse": 0.42870382941746693
  },
  "12": {
    "loss_main": 0.40988558530807495,
    "auc": 0.7666680214083876,
    "acc": 0.7273810004441035,
    "rmse": 0.435098357261918
  }
}