{
  "auc": [
    0.723274693263887,
    0.7236673958584505,
    0.7309818674663044,
    0.7274759513198192,
    0.7251990644675815
  ],
  "acc": [
    0.6750373450684323,
    0.6779845774960637,
    0.6804675198837257,
    0.6827284105131415,
    0.6812749808228027
  ],
  "rmse": [
    0.4784206685420066,
    0.47506792185183333,
    0.47356417443718374,
    0.47192261247236567,
    0.47482152208355916
  ],
  "doa_all": [
    0.7848318713944078,
    0.7836806184268358,
    0.7787723981732184,
    0.7819723984067347,
    0.7871305916968162
  ]
}