{
  "auc": 0.7261197944752086,
  "acc": 0.6794985667568332,
  "rmse": 0.4747593798773897,
  "doa_all": 0.7832775756196027
}