{
  "1": {
    "loss_main": 7.098453998565674,
    "auc": 0.5446667613180742,
    "acc": 0.611756373937677,
    "rmse": 0.5203761244819999
  },
  "2": {
    "loss_main": 6.790875434875488,
    "auc": 0.5549300769836364,
    "acc": 0.613314447592068,
    "rmse": 0.517940790836823
  },
  "3": {
    "loss_main": 6.869444370269775,
    "auc": 0.5636457957890298,
    "acc": 0.6148016997167138,
    "rmse": 0.5159291980099899
  },
  "4": {
    "loss_main": 6.891310214996338,
    "auc": 0.569949265118087,
    "acc": 0.6158640226628895,
    "rmse": 0.5155355731922446
  },
  "5": {
    "loss_main": 6.958768844604492,
    "auc": 0.5721968542194946,
    "acc": 0.6163597733711048,
    "rmse": 0.5161656053542881
  },
  "6": {
    "loss_main": 7.008452415466309,
    "auc": 0.5770924549598444,
    "acc": 0.6171388101983003,
    "rmse": 0.5150075078554309
  },
  "7": {
    "loss_main": 7.045711517333984,
    "auc": 0.5809368073033221,
    "acc": 0.6176345609065156,
    "rmse": 0.5142868436041598
  },
  "8": {
    "loss_main": 6.9307074546813965,
    "auc": 0.5889625772813575,
    "acc": 0.6186260623229461,
    "rmse": 0.512895268208115
  },
  "9": {
    "loss_main": 6.438424587249756,
    "auc": 0.5861026769958676,
    "acc": 0.6177053824362606,
    "rmse": 0.514542689649639
  },
  "10": {
    "loss_main": 6.227646827697754,
    "auc": 0.5888727474497576,
    "acc": 0.6209631728045326,
    "rmse": 0.5091983796123861
  },
  "11": {
    "loss_main": 5.863187789916992,
    "auc": 0.5950442909812208,
    "acc": 0.6219900849858357,
    "rmse": 0.5064353917324769
  },
  "12": {
    "loss_main": 5.84013032913208,
    "auc": 0.5939701302235258,
    "acc": 0.6199008498583569,
    "rmse": 0.5076794354299474
  },
  "13": {
    "loss_main": 5.617432594299316,
    "auc": 0.5974049540711049,
    "acc": 0.623371104815864,
    "rmse": 0.5044886160443948
  },
  "14": {
    "loss_main": 5.4926323890686035,
    "auc": 0.5981314188974896,
    "acc": 0.6230878186968839,
    "rmse": 0.5041819339948768
  },
  "15": {
    "loss_main": 5.408398151397705,
    "auc": 0.6007107803529295,
    "acc": 0.6251062322946176,
    "rmse": 0.503302928175286
  },
  "16": {
    "loss_main": 5.381401062011719,
    "auc": 0.6002545054796804,
    "acc": 0.6246104815864023,
    "rmse": 0.5034535108989822
  },
  "17": {
    "loss_main": 5.393931865692139,
    "auc": 0.5991600709297804,
    "acc": 0.6265226628895184,
    "rmse": 0.5037662846472424
  },
  "18": {
    "loss_main": 5.328347682952881,
    "auc": 0.5956244706141296,
    "acc": 0.6262747875354108,
    "rmse": 0.5044475092113615
  },
  "19": {
    "loss_main": 5.340065002441406,
    "auc": 0.5968212958462358,
    "acc": 0.627443342776204,
    "rmse": 0.5039749398986868
  },
  "20": {
    "loss_main": 5.333197593688965,
    "auc": 0.5988681667682385,
    "acc": 0.6255665722379603,
    "rmse": 0.5035309952107636
  },
  "21": {
    "loss_main": 5.301594257354736,
    "auc": 0.600538967929731,
    "acc": 0.6257082152974505,
    "rmse": 0.5032145560177619
  },
  "22": {
    "loss_main": 5.232873439788818,
    "auc": 0.6041323955576068,
    "acc": 0.6270892351274787,
    "rmse": 0.5025619490845392
  },
  "23": {
    "loss_main": 5.133664131164551,
    "auc": 0.6048775857946123,
    "acc": 0.6280099150141643,
    "rmse": 0.5022132815831915
  },
  "24": {
    "loss_main": 5.017466068267822,
    "auc": 0.6049369667550255,
    "acc": 0.6274787535410765,
    "rmse": 0.5015889854606256
  },
  "25": {
    "loss_main": 4.996631145477295,
    "auc": 0.6034413012438729,
    "acc": 0.627584985835694,
    "rmse": 0.502141796747493
  },
  "26": {
    "loss_main": 4.914296627044678,
    "auc": 0.6030235673788991,
    "acc": 0.6262393767705382,
    "rmse": 0.5017741266665087
  },
  "27": {
    "loss_main": 4.88322114944458,
    "auc": 0.6040846248257727,
    "acc": 0.6254603399433428,
    "rmse": 0.5018238884371828
  },
  "28": {
    "loss_main": 4.891585826873779,
    "auc": 0.6032402644349243,
    "acc": 0.6256728045325779,
    "rmse": 0.5026758477008906
  },
  "29": {
    "loss_main": 4.914502143859863,
    "auc": 0.6028427016633767,
    "acc": 0.6264518413597734,
    "rmse": 0.5022221341824947
  },
  "30": {
    "loss_main": 4.922074794769287,
    "auc": 0.601807250445286,
    "acc": 0.6280099150141643,
    "rmse": 0.5025899352076494
  },
  "31": {
    "loss_main": 4.9219183921813965,
    "auc": 0.6017257023485199,
    "acc": 0.6276558073654391,
    "rmse": 0.5026257786553099
  },
  "32": {
    "loss_main": 4.931263446807861,
    "auc": 0.6006807027773268,
    "acc": 0.6260269121813031,
    "rmse": 0.503158315539439
  },
  "33": {
    "loss_main": 4.944207191467285,
    "auc": 0.602355235327773,
    "acc": 0.6263810198300284,
    "rmse": 0.503002085121022
  },
  "34": {
    "loss_main": 4.936063766479492,
    "auc": 0.5991510202707586,
    "acc": 0.6270892351274787,
    "rmse": 0.5031309886040365
  }
}