{
  "1": {
    "loss_main": 11.15145492553711,
    "auc": 0.6078390135566154,
    "acc": 0.5265858208955224,
    "rmse": 0.502442829808479
  },
  "2": {
    "loss_main": 0.6924874782562256,
    "auc": 0.659362442023326,
    "acc": 0.5265858208955224,
    "rmse": 0.49915313528291955
  },
  "3": {
    "loss_main": 0.692304253578186,
    "auc": 0.7098539620484583,
    "acc": 0.5265858208955224,
    "rmse": 0.49898867849988054
  },
  "4": {
    "loss_main": 0.6882900595664978,
    "auc": 0.7575560568444109,
    "acc": 0.5265858208955224,
    "rmse": 0.5007478961757549
  },
  "5": {
    "loss_main": 0.6673206686973572,
    "auc": 0.7968043562680257,
    "acc": 0.5265858208955224,
    "rmse": 0.48118691154728405
  },
  "6": {
    "loss_main": 0.6062779426574707,
    "auc": 0.852801424164547,
    "acc": 0.7126865671641791,
    "rmse": 0.45048219224745606
  },
  "7": {
    "loss_main": 0.5288830399513245,
    "auc": 0.8780829628207535,
    "acc": 0.7989738805970149,
    "rmse": 0.42211110960699116
  },
  "8": {
    "loss_main": 0.45811811089515686,
    "auc": 0.8858076592476886,
    "acc": 0.8176305970149254,
    "rmse": 0.3995429393026529
  },
  "9": {
    "loss_main": 0.4066871106624603,
    "auc": 0.8882131185451182,
    "acc": 0.8218283582089553,
    "rmse": 0.3846918800284384
  },
  "10": {
    "loss_main": 0.3697526752948761,
    "auc": 0.889902132319896,
    "acc": 0.8157649253731343,
    "rmse": 0.3768452702526489
  },
  "11": {
    "loss_main": 0.3381946086883545,
    "auc": 0.8905505111546467,
    "acc": 0.8199626865671642,
    "rmse": 0.37276711883993924
  },
  "12": {
    "loss_main": 0.3128299415111542,
    "auc": 0.8909903266764694,
    "acc": 0.816231343283582,
    "rmse": 0.3702898050749842
  },
  "13": {
    "loss_main": 0.293355792760849,
    "auc": 0.891174892118663,
    "acc": 0.8190298507462687,
    "rmse": 0.36890781468500283
  },
  "14": {
    "loss_main": 0.2793779671192169,
    "auc": 0.8914641755422428,
    "acc": 0.820429104477612,
    "rmse": 0.36702081265149655
  },
  "15": {
    "loss_main": 0.26286059617996216,
    "auc": 0.8915160982080137,
    "acc": 0.8246268656716418,
    "rmse": 0.36777704675719597
  },
  "16": {
    "loss_main": 0.2506243884563446,
    "auc": 0.8910339591687136,
    "acc": 0.8208955223880597,
    "rmse": 0.3677426260968075
  },
  "17": {
    "loss_main": 0.2396022230386734,
    "auc": 0.8905688368013892,
    "acc": 0.8208955223880597,
    "rmse": 0.3698460332995813
  },
  "18": {
    "loss_main": 0.22507745027542114,
    "auc": 0.8903153320214499,
    "acc": 0.8166977611940298,
    "rmse": 0.3725216748504893
  },
  "19": {
    "loss_main": 0.21449947357177734,
    "auc": 0.8896516818144137,
    "acc": 0.8190298507462687,
    "rmse": 0.3725598336495382
  },
  "20": {
    "loss_main": 0.20902355015277863,
    "auc": 0.8885473434357096,
    "acc": 0.824160447761194,
    "rmse": 0.3748452940348937
  },
  "21": {
    "loss_main": 0.2003697007894516,
    "auc": 0.887415516586892,
    "acc": 0.8213619402985075,
    "rmse": 0.3779760130255003
  },
  "22": {
    "loss_main": 0.19314463436603546,
    "auc": 0.8869770100398366,
    "acc": 0.820429104477612,
    "rmse": 0.37971437932069385
  },
  "23": {
    "loss_main": 0.1867469698190689,
    "auc": 0.8859935336646494,
    "acc": 0.8180970149253731,
    "rmse": 0.38366856515521297
  },
  "24": {
    "loss_main": 0.18046312034130096,
    "auc": 0.8849258465794309,
    "acc": 0.8185634328358209,
    "rmse": 0.38602053100457706
  },
  "25": {
    "loss_main": 0.1751796454191208,
    "auc": 0.8838751761661874,
    "acc": 0.8106343283582089,
    "rmse": 0.3910068743447792
  }
}