{
  "1": {
    "loss_main": 0.6255330443382263,
    "auc": 0.7351718250790533,
    "acc": 0.7018248617223142,
    "rmse": 0.44205113791975253
  },
  "2": {
    "loss_main": 0.5326534509658813,
    "auc": 0.7463073131554108,
    "acc": 0.710989543380839,
    "rmse": 0.4374346173340386
  },
  "3": {
    "loss_main": 0.5004194378852844,
    "auc": 0.7481698626733126,
    "acc": 0.7098994711130849,
    "rmse": 0.43796269608939703
  },
  "4": {
    "loss_main": 0.4852914810180664,
    "auc": 0.7469755052080862,
    "acc": 0.7065485082159151,
    "rmse": 0.44030012098445437
  },
  "5": {
    "loss_main": 0.4750153422355652,
    "auc": 0.7466594389509783,
    "acc": 0.7023093382857605,
    "rmse": 0.4441688307207839
  },
  "6": {
    "loss_main": 0.4701911211013794,
    "auc": 0.7449636147293892,
    "acc": 0.7088295853688078,
    "rmse": 0.44259870705215315
  },
  "7": {
    "loss_main": 0.46557289361953735,
    "auc": 0.7419546446923813,
    "acc": 0.7117566312729622,
    "rmse": 0.44520771734646974
  },
  "8": {
    "loss_main": 0.463857501745224,
    "auc": 0.7410404384658602,
    "acc": 0.7133513666276394,
    "rmse": 0.4435162875755297
  },
  "9": {
    "loss_main": 0.46352776885032654,
    "auc": 0.7395785021148021,
    "acc": 0.7108280511930235,
    "rmse": 0.4452968561201996
  },
  "10": {
    "loss_main": 0.46128007769584656,
    "auc": 0.7388180429266212,
    "acc": 0.705478622471638,
    "rmse": 0.4505506424790173
  },
  "11": {
    "loss_main": 0.45950815081596375,
    "auc": 0.7367262694323787,
    "acc": 0.7129678226815778,
    "rmse": 0.4485279410737259
  },
  "12": {
    "loss_main": 0.4604485034942627,
    "auc": 0.7351851860475477,
    "acc": 0.7079615648593,
    "rmse": 0.4495326728254653
  },
  "13": {
    "loss_main": 0.46014755964279175,
    "auc": 0.7349017090633294,
    "acc": 0.7124631595946546,
    "rmse": 0.4465941840611407
  }
}