{
  "1": {
    "loss_main": 0.6163475513458252,
    "auc": 0.6990543028324274,
    "acc": 0.7089119487257745,
    "rmse": 0.44366970208830414
  },
  "2": {
    "loss_main": 0.5993037223815918,
    "auc": 0.7045548552419794,
    "acc": 0.7135281550434915,
    "rmse": 0.44134137850035604
  },
  "3": {
    "loss_main": 0.5956568121910095,
    "auc": 0.709567668907603,
    "acc": 0.7149015717991759,
    "rmse": 0.440281117622485
  },
  "4": {
    "loss_main": 0.5954378247261047,
    "auc": 0.7076725326340899,
    "acc": 0.7136807569052342,
    "rmse": 0.4405110827425485
  },
  "5": {
    "loss_main": 0.5932996273040771,
    "auc": 0.7087357196830233,
    "acc": 0.7135281550434915,
    "rmse": 0.43956156770175286
  },
  "6": {
    "loss_main": 0.5933488011360168,
    "auc": 0.7094400957729307,
    "acc": 0.7139859606287197,
    "rmse": 0.4395776699328081
  },
  "7": {
    "loss_main": 0.5932984948158264,
    "auc": 0.7108131226901152,
    "acc": 0.7129177475965207,
    "rmse": 0.4393493529820651
  },
  "8": {
    "loss_main": 0.5930863618850708,
    "auc": 0.7070125463953963,
    "acc": 0.7133755531817488,
    "rmse": 0.4403967834496814
  },
  "9": {
    "loss_main": 0.5911983251571655,
    "auc": 0.7094268240803427,
    "acc": 0.7120784373569358,
    "rmse": 0.43953946431034596
  },
  "10": {
    "loss_main": 0.5908182263374329,
    "auc": 0.7054772297942069,
    "acc": 0.7102853654814588,
    "rmse": 0.440353420784585
  },
  "11": {
    "loss_main": 0.5950452089309692,
    "auc": 0.7067884277591252,
    "acc": 0.7102472150160232,
    "rmse": 0.4406423457093055
  },
  "12": {
    "loss_main": 0.5931423306465149,
    "auc": 0.7073874321060781,
    "acc": 0.7124217915458568,
    "rmse": 0.4410813579109093
  },
  "13": {
    "loss_main": 0.5939029455184937,
    "auc": 0.7044786715235523,
    "acc": 0.7105142682740729,
    "rmse": 0.44125562815548425
  },
  "14": {
    "loss_main": 0.5921782851219177,
    "auc": 0.7025840363736325,
    "acc": 0.7092553029146955,
    "rmse": 0.4420638123725644
  },
  "15": {
    "loss_main": 0.5914340615272522,
    "auc": 0.7004909724459811,
    "acc": 0.7085685945368534,
    "rmse": 0.44297917066154674
  },
  "16": {
    "loss_main": 0.5909110903739929,
    "auc": 0.7014577982774759,
    "acc": 0.7099801617579734,
    "rmse": 0.44250383889963074
  },
  "17": {
    "loss_main": 0.58949875831604,
    "auc": 0.7004229198619896,
    "acc": 0.7087974973294674,
    "rmse": 0.44295920575336806
  }
}