{
  "1": {
    "loss_main": 0.6062172055244446,
    "auc": 0.7222159644973598,
    "acc": 0.7067229911918029,
    "rmse": 0.4416971345355132
  },
  "2": {
    "loss_main": 0.5707827210426331,
    "auc": 0.734818473033543,
    "acc": 0.7126999820240877,
    "rmse": 0.43664247054786537
  },
  "3": {
    "loss_main": 0.5647965669631958,
    "auc": 0.737605182686317,
    "acc": 0.7154862484271077,
    "rmse": 0.43537192829701193
  },
  "4": {
    "loss_main": 0.5605161190032959,
    "auc": 0.7385196161117755,
    "acc": 0.7167895020672299,
    "rmse": 0.435056213303892
  },
  "5": {
    "loss_main": 0.5578169822692871,
    "auc": 0.7393217860415681,
    "acc": 0.7164749236023729,
    "rmse": 0.43440298223587054
  },
  "6": {
    "loss_main": 0.5542044639587402,
    "auc": 0.7421123130685109,
    "acc": 0.7153963688657199,
    "rmse": 0.4335364742081148
  },
  "7": {
    "loss_main": 0.5524322986602783,
    "auc": 0.7406544561061397,
    "acc": 0.7149919108394751,
    "rmse": 0.4344045086998572
  },
  "8": {
    "loss_main": 0.5500221252441406,
    "auc": 0.7412880606895336,
    "acc": 0.7147672119360058,
    "rmse": 0.4345565793728492
  },
  "9": {
    "loss_main": 0.5477103590965271,
    "auc": 0.7426519722503406,
    "acc": 0.7178680568038828,
    "rmse": 0.4331370345421272
  },
  "10": {
    "loss_main": 0.546238124370575,
    "auc": 0.7438362330575855,
    "acc": 0.717463598777638,
    "rmse": 0.4325909057625094
  },
  "11": {
    "loss_main": 0.5429989099502563,
    "auc": 0.7437309194804005,
    "acc": 0.7170591407513931,
    "rmse": 0.43284623259048
  },
  "12": {
    "loss_main": 0.5390006899833679,
    "auc": 0.7426484155533433,
    "acc": 0.7145874528132302,
    "rmse": 0.43336105976289585
  },
  "13": {
    "loss_main": 0.5352947115898132,
    "auc": 0.7444005858785698,
    "acc": 0.7187219126370663,
    "rmse": 0.4326066302180288
  },
  "14": {
    "loss_main": 0.5310148596763611,
    "auc": 0.743141846510719,
    "acc": 0.7153064893043322,
    "rmse": 0.43313263095116983
  },
  "15": {
    "loss_main": 0.5276904106140137,
    "auc": 0.7448158313575992,
    "acc": 0.7164749236023729,
    "rmse": 0.43262820950970615
  },
  "16": {
    "loss_main": 0.5228256583213806,
    "auc": 0.7439054362191666,
    "acc": 0.7166546827251483,
    "rmse": 0.4332043729442511
  },
  "17": {
    "loss_main": 0.5161117911338806,
    "auc": 0.7423326073695027,
    "acc": 0.7173737192162503,
    "rmse": 0.4341357340596389
  },
  "18": {
    "loss_main": 0.5090199708938599,
    "auc": 0.7458288360998472,
    "acc": 0.7158008268919648,
    "rmse": 0.4342463110611703
  },
  "19": {
    "loss_main": 0.5015392899513245,
    "auc": 0.7434117578393911,
    "acc": 0.7144975732518425,
    "rmse": 0.43535337725843404
  },
  "20": {
    "loss_main": 0.49016308784484863,
    "auc": 0.74561219569751,
    "acc": 0.7153963688657199,
    "rmse": 0.43516707004539135
  },
  "21": {
    "loss_main": 0.4792979955673218,
    "auc": 0.7454520471309627,
    "acc": 0.716070465576128,
    "rmse": 0.4358927290154911
  },
  "22": {
    "loss_main": 0.46623167395591736,
    "auc": 0.748075652403163,
    "acc": 0.7137335969800468,
    "rmse": 0.4366785750906834
  },
  "23": {
    "loss_main": 0.45457741618156433,
    "auc": 0.7491014391633164,
    "acc": 0.715710947330577,
    "rmse": 0.4377961178423191
  },
  "24": {
    "loss_main": 0.4414846897125244,
    "auc": 0.7492012652651336,
    "acc": 0.7154413086464138,
    "rmse": 0.4386765633499829
  },
  "25": {
    "loss_main": 0.4284966289997101,
    "auc": 0.7483046506707203,
    "acc": 0.7178680568038828,
    "rmse": 0.43992458908335874
  },
  "26": {
    "loss_main": 0.41552016139030457,
    "auc": 0.7489871079233091,
    "acc": 0.718497213733597,
    "rmse": 0.4408865713640276
  },
  "27": {
    "loss_main": 0.40208977460861206,
    "auc": 0.7489919238235916,
    "acc": 0.7189466115405356,
    "rmse": 0.4430848838983974
  },
  "28": {
    "loss_main": 0.3910907804965973,
    "auc": 0.7476375998807777,
    "acc": 0.7147222721553119,
    "rmse": 0.4452881220787172
  },
  "29": {
    "loss_main": 0.37799307703971863,
    "auc": 0.7461203173598757,
    "acc": 0.7165198633830667,
    "rmse": 0.44712789155570587
  },
  "30": {
    "loss_main": 0.36605164408683777,
    "auc": 0.7498367431895548,
    "acc": 0.7201150458385763,
    "rmse": 0.4458508499958782
  },
  "31": {
    "loss_main": 0.3549621105194092,
    "auc": 0.7460237386770564,
    "acc": 0.7156210677691893,
    "rmse": 0.45055985327705383
  },
  "32": {
    "loss_main": 0.34627264738082886,
    "auc": 0.7522739024287115,
    "acc": 0.7202498651806579,
    "rmse": 0.44814769937439075
  },
  "33": {
    "loss_main": 0.33305835723876953,
    "auc": 0.7479597040810426,
    "acc": 0.7168344418479238,
    "rmse": 0.45253598636508613
  },
  "34": {
    "loss_main": 0.32298514246940613,
    "auc": 0.7444155107511881,
    "acc": 0.7151267301815567,
    "rmse": 0.4549049244309939
  },
  "35": {
    "loss_main": 0.3134218752384186,
    "auc": 0.750765770118346,
    "acc": 0.7226766133381269,
    "rmse": 0.45164783357873267
  },
  "36": {
    "loss_main": 0.3108621835708618,
    "auc": 0.7478605362995391,
    "acc": 0.716429983821679,
    "rmse": 0.4554465443872766
  },
  "37": {
    "loss_main": 0.29620054364204407,
    "auc": 0.7467720323792858,
    "acc": 0.7150817904008628,
    "rmse": 0.45880917390969617
  },
  "38": {
    "loss_main": 0.2901764512062073,
    "auc": 0.7468377716272692,
    "acc": 0.717463598777638,
    "rmse": 0.45896812572528994
  },
  "39": {
    "loss_main": 0.28263336420059204,
    "auc": 0.7460902201922393,
    "acc": 0.7147222721553119,
    "rmse": 0.4614028198342043
  },
  "40": {
    "loss_main": 0.2725004553794861,
    "auc": 0.7456318260139823,
    "acc": 0.7163850440409851,
    "rmse": 0.46288233560471476
  },
  "41": {
    "loss_main": 0.2640150785446167,
    "auc": 0.7459630494969837,
    "acc": 0.7171490203127808,
    "rmse": 0.4621687301992513
  },
  "42": {
    "loss_main": 0.2578796148300171,
    "auc": 0.7445958772624072,
    "acc": 0.717104080532087,
    "rmse": 0.4651792261345505
  }
}