{
  "auc": 0.8633962659313137,
  "acc": 0.7854477611940298,
  "rmse": 0.42665245449093747
}