{
  "auc": [
    0.6074294420338272
  ],
  "acc": [
    0.6521112090377373
  ],
  "rmse": [
    0.4903592193523764
  ]
}