{
  "1": {
    "loss_main": 0.673103928565979,
    "auc": 0.7127631773301065,
    "acc": 0.644589552238806,
    "rmse": 0.4779250412478566
  },
  "2": {
    "loss_main": 0.5898495316505432,
    "auc": 0.8613696015270819,
    "acc": 0.7681902985074627,
    "rmse": 0.40711485064595465
  },
  "3": {
    "loss_main": 0.42629939317703247,
    "auc": 0.8895942203028818,
    "acc": 0.8222947761194029,
    "rmse": 0.3637401389722223
  },
  "4": {
    "loss_main": 0.386279433965683,
    "auc": 0.8921786874542779,
    "acc": 0.8236940298507462,
    "rmse": 0.36080602092466374
  },
  "5": {
    "loss_main": 0.378648966550827,
    "auc": 0.8931068931068932,
    "acc": 0.8227611940298507,
    "rmse": 0.35975724085213756
  },
  "6": {
    "loss_main": 0.3745282292366028,
    "auc": 0.8939922719450278,
    "acc": 0.816231343283582,
    "rmse": 0.3598591197380117
  },
  "7": {
    "loss_main": 0.3714202046394348,
    "auc": 0.8945682488989574,
    "acc": 0.820429104477612,
    "rmse": 0.35905531471838603
  },
  "8": {
    "loss_main": 0.3694794178009033,
    "auc": 0.8950708084566352,
    "acc": 0.8218283582089553,
    "rmse": 0.3587390206481165
  },
  "9": {
    "loss_main": 0.3680237829685211,
    "auc": 0.8954195410888325,
    "acc": 0.820429104477612,
    "rmse": 0.3585231886111788
  },
  "10": {
    "loss_main": 0.3654308021068573,
    "auc": 0.8954177930555883,
    "acc": 0.8218283582089553,
    "rmse": 0.3586251272132837
  },
  "11": {
    "loss_main": 0.36434420943260193,
    "auc": 0.8954033717813246,
    "acc": 0.8180970149253731,
    "rmse": 0.35913052743653934
  },
  "12": {
    "loss_main": 0.3628898561000824,
    "auc": 0.8952106511161628,
    "acc": 0.8194962686567164,
    "rmse": 0.3586894628574434
  },
  "13": {
    "loss_main": 0.36220040917396545,
    "auc": 0.8953006748282338,
    "acc": 0.8199626865671642,
    "rmse": 0.35933432141494315
  },
  "14": {
    "loss_main": 0.36114951968193054,
    "auc": 0.8950620682904147,
    "acc": 0.8218283582089553,
    "rmse": 0.3589469807173301
  },
  "15": {
    "loss_main": 0.3604279160499573,
    "auc": 0.8951118872378716,
    "acc": 0.8208955223880597,
    "rmse": 0.3586366989245926
  },
  "16": {
    "loss_main": 0.35940608382225037,
    "auc": 0.8951547140523519,
    "acc": 0.820429104477612,
    "rmse": 0.35854145491507156
  },
  "17": {
    "loss_main": 0.3589893579483032,
    "auc": 0.8946512804780521,
    "acc": 0.8199626865671642,
    "rmse": 0.35921551441197264
  },
  "18": {
    "loss_main": 0.3588453233242035,
    "auc": 0.8944712330539102,
    "acc": 0.8166977611940298,
    "rmse": 0.3596688810446213
  },
  "19": {
    "loss_main": 0.3582245111465454,
    "auc": 0.8943554258514888,
    "acc": 0.8171641791044776,
    "rmse": 0.3594816298480093
  }
}