{
  "auc": 0.8503623678480892,
  "acc": 0.7737873134328358,
  "rmse": 0.4045493954404699,
  "doa_all": 0.9371976231623823
}