{
  "auc": [
    0.6886166245606516
  ],
  "acc": [
    0.6968011414156035
  ],
  "rmse": [
    0.44820540200343767
  ]
}