{
  "1": {
    "loss_main": 0.8009536266326904,
    "auc": 0.5669852099307366,
    "acc": 0.5228544776119403,
    "rmse": 0.5471571603116345
  },
  "2": {
    "loss_main": 0.7977310419082642,
    "auc": 0.5741578834007829,
    "acc": 0.5228544776119403,
    "rmse": 0.544759062915287
  },
  "3": {
    "loss_main": 0.7874934077262878,
    "auc": 0.5804485242630907,
    "acc": 0.5228544776119403,
    "rmse": 0.5424090183014008
  },
  "4": {
    "loss_main": 0.7821004390716553,
    "auc": 0.5861571020847013,
    "acc": 0.5228544776119403,
    "rmse": 0.5401139440237023
  },
  "5": {
    "loss_main": 0.7771556377410889,
    "auc": 0.5917204911478458,
    "acc": 0.5228544776119403,
    "rmse": 0.5378918029284686
  },
  "6": {
    "loss_main": 0.7668358683586121,
    "auc": 0.5972769041745474,
    "acc": 0.5228544776119403,
    "rmse": 0.5356868702821699
  },
  "7": {
    "loss_main": 0.7634122371673584,
    "auc": 0.6028860734768479,
    "acc": 0.5228544776119403,
    "rmse": 0.5335336575942837
  },
  "8": {
    "loss_main": 0.7587398886680603,
    "auc": 0.6089412731092108,
    "acc": 0.5228544776119403,
    "rmse": 0.5313854325391412
  },
  "9": {
    "loss_main": 0.7503311634063721,
    "auc": 0.6152013938120813,
    "acc": 0.5228544776119403,
    "rmse": 0.5292376664607161
  },
  "10": {
    "loss_main": 0.7486897110939026,
    "auc": 0.6214654385354509,
    "acc": 0.5228544776119403,
    "rmse": 0.5271028321570941
  },
  "11": {
    "loss_main": 0.741075336933136,
    "auc": 0.6277896515731398,
    "acc": 0.5228544776119403,
    "rmse": 0.524948359401983
  },
  "12": {
    "loss_main": 0.7369089126586914,
    "auc": 0.6337711668205754,
    "acc": 0.5228544776119403,
    "rmse": 0.5228039907616885
  },
  "13": {
    "loss_main": 0.7312037348747253,
    "auc": 0.6390515904055083,
    "acc": 0.5228544776119403,
    "rmse": 0.5206703376034134
  },
  "14": {
    "loss_main": 0.7268978953361511,
    "auc": 0.6436169702550525,
    "acc": 0.5228544776119403,
    "rmse": 0.518532301712326
  },
  "15": {
    "loss_main": 0.7205318212509155,
    "auc": 0.6476491193189993,
    "acc": 0.5228544776119403,
    "rmse": 0.5164156833543085
  },
  "16": {
    "loss_main": 0.7169368863105774,
    "auc": 0.6510080808662144,
    "acc": 0.5228544776119403,
    "rmse": 0.5143217030442482
  },
  "17": {
    "loss_main": 0.7151075601577759,
    "auc": 0.654157761320145,
    "acc": 0.5228544776119403,
    "rmse": 0.5122438604825648
  },
  "18": {
    "loss_main": 0.709675669670105,
    "auc": 0.6569520999177699,
    "acc": 0.5228544776119403,
    "rmse": 0.5101790523836746
  },
  "19": {
    "loss_main": 0.70627760887146,
    "auc": 0.6595554695177728,
    "acc": 0.5228544776119403,
    "rmse": 0.508149138155297
  },
  "20": {
    "loss_main": 0.7020089626312256,
    "auc": 0.6621187269082294,
    "acc": 0.5228544776119403,
    "rmse": 0.5061564512121106
  },
  "21": {
    "loss_main": 0.693429708480835,
    "auc": 0.6648154009956548,
    "acc": 0.5228544776119403,
    "rmse": 0.5041904387373638
  },
  "22": {
    "loss_main": 0.6918449997901917,
    "auc": 0.6676860399918729,
    "acc": 0.5228544776119403,
    "rmse": 0.5022744363809064
  },
  "23": {
    "loss_main": 0.6883138418197632,
    "auc": 0.6705174387831003,
    "acc": 0.5228544776119403,
    "rmse": 0.50038951364434
  },
  "24": {
    "loss_main": 0.6825263500213623,
    "auc": 0.6736553471755335,
    "acc": 0.523320895522388,
    "rmse": 0.49856752595045517
  },
  "25": {
    "loss_main": 0.6792066097259521,
    "auc": 0.6769816085519231,
    "acc": 0.527518656716418,
    "rmse": 0.49677015733929514
  },
  "26": {
    "loss_main": 0.6771405339241028,
    "auc": 0.68039463438157,
    "acc": 0.5377798507462687,
    "rmse": 0.49503193258591616
  },
  "27": {
    "loss_main": 0.6712979078292847,
    "auc": 0.6835674229562175,
    "acc": 0.5471082089552238,
    "rmse": 0.4933031093864028
  },
  "28": {
    "loss_main": 0.6696913838386536,
    "auc": 0.6868901963143854,
    "acc": 0.5513059701492538,
    "rmse": 0.4916225400077986
  },
  "29": {
    "loss_main": 0.6656621694564819,
    "auc": 0.6902491578616007,
    "acc": 0.5601679104477612,
    "rmse": 0.48996810977177935
  },
  "30": {
    "loss_main": 0.6620940566062927,
    "auc": 0.6937070919258481,
    "acc": 0.5755597014925373,
    "rmse": 0.4883742129522367
  },
  "31": {
    "loss_main": 0.6587652564048767,
    "auc": 0.6973211148055038,
    "acc": 0.5918843283582089,
    "rmse": 0.48680573875501193
  },
  "32": {
    "loss_main": 0.6575610637664795,
    "auc": 0.7008666853275642,
    "acc": 0.6040111940298507,
    "rmse": 0.48527239148020235
  },
  "33": {
    "loss_main": 0.6537935733795166,
    "auc": 0.7044833242208857,
    "acc": 0.6189365671641791,
    "rmse": 0.48374806100619383
  },
  "34": {
    "loss_main": 0.6538347005844116,
    "auc": 0.7080127626586721,
    "acc": 0.6254664179104478,
    "rmse": 0.48224814371707897
  },
  "35": {
    "loss_main": 0.6474040150642395,
    "auc": 0.7116089094449429,
    "acc": 0.6333955223880597,
    "rmse": 0.4807519465787442
  },
  "36": {
    "loss_main": 0.643528401851654,
    "auc": 0.7151178557756787,
    "acc": 0.6338619402985075,
    "rmse": 0.4793122181072692
  },
  "37": {
    "loss_main": 0.6403924226760864,
    "auc": 0.7185430896691003,
    "acc": 0.644589552238806,
    "rmse": 0.47788954278967755
  },
  "38": {
    "loss_main": 0.6381428837776184,
    "auc": 0.7220141038016783,
    "acc": 0.6595149253731343,
    "rmse": 0.4764801173059791
  },
  "39": {
    "loss_main": 0.6347286701202393,
    "auc": 0.7254101255424958,
    "acc": 0.667910447761194,
    "rmse": 0.4750978287542643
  },
  "40": {
    "loss_main": 0.63230299949646,
    "auc": 0.7288737276363533,
    "acc": 0.6781716417910447,
    "rmse": 0.4737380707177431
  },
  "41": {
    "loss_main": 0.6306688785552979,
    "auc": 0.7323661058805372,
    "acc": 0.6833022388059702,
    "rmse": 0.47236840491979226
  },
  "42": {
    "loss_main": 0.6272340416908264,
    "auc": 0.7357695396600752,
    "acc": 0.6870335820895522,
    "rmse": 0.47101207740043727
  },
  "43": {
    "loss_main": 0.6245390772819519,
    "auc": 0.7392549418678163,
    "acc": 0.6907649253731343,
    "rmse": 0.4696899050805195
  },
  "44": {
    "loss_main": 0.6222151517868042,
    "auc": 0.742649655601801,
    "acc": 0.6921641791044776,
    "rmse": 0.46836956798925056
  },
  "45": {
    "loss_main": 0.6184346079826355,
    "auc": 0.746038265303898,
    "acc": 0.6907649253731343,
    "rmse": 0.46704623213954083
  },
  "46": {
    "loss_main": 0.6173014640808105,
    "auc": 0.7493623466688989,
    "acc": 0.6907649253731343,
    "rmse": 0.4657647441612667
  },
  "47": {
    "loss_main": 0.6149412989616394,
    "auc": 0.752814176701259,
    "acc": 0.6935634328358209,
    "rmse": 0.46446704827590884
  },
  "48": {
    "loss_main": 0.6117530465126038,
    "auc": 0.7563008869158332,
    "acc": 0.6940298507462687,
    "rmse": 0.46316249927257913
  },
  "49": {
    "loss_main": 0.6064022779464722,
    "auc": 0.7598037292146814,
    "acc": 0.6944962686567164,
    "rmse": 0.4618785433188091
  },
  "50": {
    "loss_main": 0.60555499792099,
    "auc": 0.7631199625386844,
    "acc": 0.6958955223880597,
    "rmse": 0.46058144799581613
  },
  "51": {
    "loss_main": 0.6022891402244568,
    "auc": 0.7666149567965344,
    "acc": 0.6968283582089553,
    "rmse": 0.45929984756029496
  },
  "52": {
    "loss_main": 0.5988040566444397,
    "auc": 0.7700393186854009,
    "acc": 0.7000932835820896,
    "rmse": 0.4579820605360709
  },
  "53": {
    "loss_main": 0.5978283286094666,
    "auc": 0.773447984492271,
    "acc": 0.7000932835820896,
    "rmse": 0.4566866561883941
  },
  "54": {
    "loss_main": 0.5938448905944824,
    "auc": 0.7769926830097761,
    "acc": 0.6986940298507462,
    "rmse": 0.45536816240382
  },
  "55": {
    "loss_main": 0.5906856656074524,
    "auc": 0.7804279449555843,
    "acc": 0.7010261194029851,
    "rmse": 0.4540546844240356
  },