{
  "1": {
    "loss_main": 0.6951756477355957,
    "auc": 0.6004383765790611,
    "acc": 0.5904850746268657,
    "rmse": 0.5389177155595328
  },
  "2": {
    "loss_main": 0.6906499266624451,
    "auc": 0.6784791570913244,
    "acc": 0.6427238805970149,
    "rmse": 0.5057936518918992
  },
  "3": {
    "loss_main": 0.685528039932251,
    "auc": 0.7674654243095307,
    "acc": 0.7182835820895522,
    "rmse": 0.455700346625805
  },
  "4": {
    "loss_main": 0.6519396305084229,
    "auc": 0.7967294112731376,
    "acc": 0.7341417910447762,
    "rmse": 0.4430290369523554
  },
  "5": {
    "loss_main": 0.679155170917511,
    "auc": 0.8008450674800485,
    "acc": 0.7350746268656716,
    "rmse": 0.44075054652698925
  },
  "6": {
    "loss_main": 0.6763535737991333,
    "auc": 0.8041877324196716,
    "acc": 0.7350746268656716,
    "rmse": 0.439323440066035
  },
  "7": {
    "loss_main": 0.6731717586517334,
    "auc": 0.8065223749634396,
    "acc": 0.7341417910447762,
    "rmse": 0.4387434591039439
  },
  "8": {
    "loss_main": 0.6331352591514587,
    "auc": 0.8209794008273097,
    "acc": 0.7490671641791045,
    "rmse": 0.42772810421880253
  },
  "9": {
    "loss_main": 0.6686067581176758,
    "auc": 0.822128441900305,
    "acc": 0.75,
    "rmse": 0.4260650528860252
  },
  "10": {
    "loss_main": 0.6672157645225525,
    "auc": 0.8237040209473669,
    "acc": 0.7509328358208955,
    "rmse": 0.42459752084701874
  },
  "11": {
    "loss_main": 0.6653771996498108,
    "auc": 0.8267576846474185,
    "acc": 0.7527985074626866,
    "rmse": 0.4223069169907737
  },
  "12": {
    "loss_main": 0.6205101609230042,
    "auc": 0.8248408752211034,
    "acc": 0.7518656716417911,
    "rmse": 0.4224796730151461
  },
  "13": {
    "loss_main": 0.6611460447311401,
    "auc": 0.82592027744119,
    "acc": 0.7518656716417911,
    "rmse": 0.42186752948504463
  },
  "14": {
    "loss_main": 0.6613713502883911,
    "auc": 0.8258193011044721,
    "acc": 0.7518656716417911,
    "rmse": 0.42134461794840694
  },
  "15": {
    "loss_main": 0.6600761413574219,
    "auc": 0.8258680483015083,
    "acc": 0.7518656716417911,
    "rmse": 0.4208953751100799
  },
  "16": {
    "loss_main": 0.6293090581893921,
    "auc": 0.8258210420757949,
    "acc": 0.7490671641791045,
    "rmse": 0.4223237300281266
  },
  "17": {
    "loss_main": 0.641802966594696,
    "auc": 0.8266062201423419,
    "acc": 0.7527985074626866,
    "rmse": 0.42017360505293366
  },
  "18": {
    "loss_main": 0.657321572303772,
    "auc": 0.8265539910026602,
    "acc": 0.7527985074626866,
    "rmse": 0.4198642070117857
  },
  "19": {
    "loss_main": 0.6567255258560181,
    "auc": 0.8265539910026602,
    "acc": 0.7527985074626866,
    "rmse": 0.4195778080343789
  },
  "20": {
    "loss_main": 0.6539828181266785,
    "auc": 0.827626429337456,
    "acc": 0.753731343283582,
    "rmse": 0.41859804001019874
  },
  "21": {
    "loss_main": 0.6078497767448425,
    "auc": 0.8295449797350939,
    "acc": 0.753731343283582,
    "rmse": 0.4178034553604533
  },
  "22": {
    "loss_main": 0.654724657535553,
    "auc": 0.8295449797350939,
    "acc": 0.753731343283582,
    "rmse": 0.4175706910915993
  },
  "23": {
    "loss_main": 0.6544538736343384,
    "auc": 0.8297887157202747,
    "acc": 0.7546641791044776,
    "rmse": 0.41677845607626834
  },
  "24": {
    "loss_main": 0.6531343460083008,
    "auc": 0.8297887157202747,
    "acc": 0.7546641791044776,
    "rmse": 0.4166169991295812
  },
  "25": {
    "loss_main": 0.6033464074134827,
    "auc": 0.8300498614186828,
    "acc": 0.7546641791044776,
    "rmse": 0.4167641545531031
  },
  "26": {
    "loss_main": 0.6523725390434265,
    "auc": 0.8300498614186828,
    "acc": 0.7546641791044776,
    "rmse": 0.41663066191879056
  },
  "27": {
    "loss_main": 0.652898371219635,
    "auc": 0.8300498614186828,
    "acc": 0.7546641791044776,
    "rmse": 0.41649769893550975
  },
  "28": {
    "loss_main": 0.6521452069282532,
    "auc": 0.8300498614186828,
    "acc": 0.7546641791044776,
    "rmse": 0.41638180015024767
  },
  "29": {
    "loss_main": 0.5978858470916748,
    "auc": 0.8339478962102536,
    "acc": 0.7583955223880597,
    "rmse": 0.41360073612597714
  },
  "30": {
    "loss_main": 0.6491320133209229,
    "auc": 0.8346582125099236,
    "acc": 0.7583955223880597,
    "rmse": 0.41350647642882693
  },
  "31": {
    "loss_main": 0.6514878273010254,
    "auc": 0.8346582125099236,
    "acc": 0.7583955223880597,
    "rmse": 0.41342374728303044
  },
  "32": {
    "loss_main": 0.6512918472290039,
    "auc": 0.8347487430187049,
    "acc": 0.7583955223880597,
    "rmse": 0.41332795108218573
  },
  "33": {
    "loss_main": 0.6219579577445984,
    "auc": 0.8354503544617613,
    "acc": 0.7593283582089553,
    "rmse": 0.4128136244534029
  },
  "34": {
    "loss_main": 0.6187835335731506,
    "auc": 0.8387425312330256,
    "acc": 0.7602611940298507,
    "rmse": 0.4112826366576543
  },
  "35": {
    "loss_main": 0.6505019068717957,
    "auc": 0.8386659284948258,
    "acc": 0.7602611940298507,
    "rmse": 0.4112170715251393
  },
  "36": {
    "loss_main": 0.6506102085113525,
    "auc": 0.8386659284948258,
    "acc": 0.7602611940298507,
    "rmse": 0.41113968070991713
  },
  "37": {
    "loss_main": 0.6475215554237366,
    "auc": 0.8383403668574771,
    "acc": 0.7593283582089553,
    "rmse": 0.4115719477409812
  },
  "38": {
    "loss_main": 0.5918464064598083,
    "auc": 0.840551400437332,
    "acc": 0.7611940298507462,
    "rmse": 0.4097876391029477
  },
  "39": {
    "loss_main": 0.6494501829147339,
    "auc": 0.840551400437332,
    "acc": 0.7611940298507462,
    "rmse": 0.4097259080401367
  },
  "40": {
    "loss_main": 0.6498994827270508,
    "auc": 0.840551400437332,
    "acc": 0.7611940298507462,
    "rmse": 0.4096719516565082
  },
  "41": {
    "loss_main": 0.6486864686012268,
    "auc": 0.840551400437332,
    "acc": 0.7611940298507462,
    "rmse": 0.4096245179986897
  },
  "42": {
    "loss_main": 0.5841725468635559,
    "auc": 0.8398376021950166,
    "acc": 0.7611940298507462,
    "rmse": 0.4099000403040103
  },
  "43": {
    "loss_main": 0.6481565833091736,
    "auc": 0.8398376021950166,
    "acc": 0.7611940298507462,
    "rmse": 0.40984501610522905
  },
  "44": {
    "loss_main": 0.6494765281677246,
    "auc": 0.8398376021950166,
    "acc": 0.7611940298507462,
    "rmse": 0.40982267348109014
  },
  "45": {
    "loss_main": 0.6488345265388489,
    "auc": 0.8398376021950166,
    "acc": 0.7611940298507462,
    "rmse": 0.40979025723994417
  },
  "46": {
    "loss_main": 0.584236204624176,
    "auc": 0.8399855847574479,
    "acc": 0.7602611940298507,
    "rmse": 0.41018562211724696
  },
  "47": {
    "loss_main": 0.644221305847168,
    "auc": 0.8391864789203192,
    "acc": 0.7593283582089553,
    "rmse": 0.41086783670785143
  },
  "48": {
    "loss_main": 0.6489190459251404,
    "auc": 0.8391864789203192,
    "acc": 0.7593283582089553,
    "rmse": 0.4108375340698982
  },
  "49": {
    "loss_main": 0.6488024592399597,
    "auc": 0.8391864789203192,
    "acc": 0.7593283582089553,
    "rmse": 0.410812252959829
  },
  "50": {
    "loss_main": 0.6273003220558167,
    "auc": 0.8377780331202385,
    "acc": 0.7583955223880597,
    "rmse": 0.4116305783447239
  },
  "51": {
    "loss_main": 0.6018392443656921,
    "auc": 0.8389793033329156,
    "acc": 0.7611940298507462,
    "rmse": 0.4099870060106074
  }
}