{
  "1": {
    "loss_main": 2.0542118549346924,
    "auc": 0.5597522411330174,
    "acc": 0.6439417060888143,
    "rmse": 0.4833641887824011
  },
  "2": {
    "loss_main": 2.109304666519165,
    "auc": 0.5748468629342978,
    "acc": 0.6291011750343354,
    "rmse": 0.4851320411182949
  },
  "3": {
    "loss_main": 1.9478739500045776,
    "auc": 0.5704365291502269,
    "acc": 0.61670227376774,
    "rmse": 0.4897289330165792
  },
  "4": {
    "loss_main": 1.941243052482605,
    "auc": 0.5595731751243258,
    "acc": 0.6109415534869526,
    "rmse": 0.49274674689923686
  },
  "5": {
    "loss_main": 1.9795259237289429,
    "auc": 0.5620152603191257,
    "acc": 0.610407446970853,
    "rmse": 0.4948432661222183
  },
  "6": {
    "loss_main": 1.9258183240890503,
    "auc": 0.5648309218371537,
    "acc": 0.6060582939111857,
    "rmse": 0.4963343630025972
  },
  "7": {
    "loss_main": 1.9369515180587769,
    "auc": 0.5551760419056232,
    "acc": 0.6089195788188616,
    "rmse": 0.4972285110755516
  },
  "8": {
    "loss_main": 1.915022611618042,
    "auc": 0.5624031720101821,
    "acc": 0.6038074164504807,
    "rmse": 0.4977168616688184
  },
  "9": {
    "loss_main": 1.9216440916061401,
    "auc": 0.550761964243351,
    "acc": 0.607088356477949,
    "rmse": 0.4988341597727489
  },
  "10": {
    "loss_main": 1.9121851921081543,
    "auc": 0.5628919550310181,
    "acc": 0.5964062261559591,
    "rmse": 0.5008094315477118
  },
  "11": {
    "loss_main": 1.9152082204818726,
    "auc": 0.5497862604416133,
    "acc": 0.6009461315428049,
    "rmse": 0.5003717054115183
  },
  "12": {
    "loss_main": 1.9106272459030151,
    "auc": 0.545911527554229,
    "acc": 0.5995727147871204,
    "rmse": 0.501043720465857
  }
}