{
  "auc": 0.9025850576254073,
  "acc": 0.840018656716418,
  "rmse": 0.35143791746385755
}