{
  "1": {
    "loss_main": 0.6876908540725708,
    "auc": 0.693985820409692,
    "acc": 0.6510557551778433,
    "rmse": 0.49670315655918185
  },
  "2": {
    "loss_main": 0.67286217212677,
    "auc": 0.7004980478538878,
    "acc": 0.6603819290241835,
    "rmse": 0.48918714793455653
  },
  "3": {
    "loss_main": 0.6614807844161987,
    "auc": 0.7058364870287963,
    "acc": 0.6661149016916307,
    "rmse": 0.4841019876232449
  },
  "4": {
    "loss_main": 0.6507288217544556,
    "auc": 0.7074480946732897,
    "acc": 0.6682950462271388,
    "rmse": 0.48176008848288154
  },
  "5": {
    "loss_main": 0.6408180594444275,
    "auc": 0.7090295559737099,
    "acc": 0.6702733255278776,
    "rmse": 0.47985117850334325
  },
  "6": {
    "loss_main": 0.6338614225387573,
    "auc": 0.7103688156029002,
    "acc": 0.6712019056078162,
    "rmse": 0.4785621620437088
  },
  "7": {
    "loss_main": 0.6259524822235107,
    "auc": 0.7116452427028618,
    "acc": 0.6716863821712624,
    "rmse": 0.47774822436491293
  },
  "8": {
    "loss_main": 0.6207060217857361,
    "auc": 0.7128721821408506,
    "acc": 0.6726149622512011,
    "rmse": 0.47678857662674534
  },
  "9": {
    "loss_main": 0.6154378056526184,
    "auc": 0.7135935005752099,
    "acc": 0.6733416770963705,
    "rmse": 0.47625171971448654
  },
  "10": {
    "loss_main": 0.6097904443740845,
    "auc": 0.7143370533206104,
    "acc": 0.6735031692841859,
    "rmse": 0.47593848225222324
  },
  "11": {
    "loss_main": 0.6066319942474365,
    "auc": 0.7152528836292618,
    "acc": 0.6738261536598167,
    "rmse": 0.4755925955492382
  },
  "12": {
    "loss_main": 0.6021597981452942,
    "auc": 0.7162579008855555,
    "acc": 0.674310630223263,
    "rmse": 0.47516494384258395
  },
  "13": {
    "loss_main": 0.5997293591499329,
    "auc": 0.7162620031569654,
    "acc": 0.6730994388146473,
    "rmse": 0.4757086656197338
  },
  "14": {
    "loss_main": 0.5962528586387634,
    "auc": 0.7165823192102236,
    "acc": 0.6728975735798781,
    "rmse": 0.47575787328658975
  },
  "15": {
    "loss_main": 0.5942147374153137,
    "auc": 0.7172786387593304,
    "acc": 0.6742702571763091,
    "rmse": 0.4752328960515466
  },
  "16": {
    "loss_main": 0.591998815536499,
    "auc": 0.7177905879625088,
    "acc": 0.6744721224110783,
    "rmse": 0.47518181521010516
  },
  "17": {
    "loss_main": 0.5887892246246338,
    "auc": 0.7176645091097179,
    "acc": 0.6737857806128629,
    "rmse": 0.4757206156261242
  },
  "18": {
    "loss_main": 0.5883135795593262,
    "auc": 0.7179189070122087,
    "acc": 0.6735839153780936,
    "rmse": 0.4757216023104835
  },
  "19": {
    "loss_main": 0.5855473279953003,
    "auc": 0.7181707900439657,
    "acc": 0.6735031692841859,
    "rmse": 0.4758627397377252
  },
  "20": {
    "loss_main": 0.5854978561401367,
    "auc": 0.7189864428847885,
    "acc": 0.6736242884250474,
    "rmse": 0.4756803007722578
  },
  "21": {
    "loss_main": 0.58394455909729,
    "auc": 0.7196842071468703,
    "acc": 0.6741895110824014,
    "rmse": 0.4754609368641649
  },
  "22": {
    "loss_main": 0.5814836621284485,
    "auc": 0.720088166730579,
    "acc": 0.6747143606928014,
    "rmse": 0.4754484161882922
  },
  "23": {
    "loss_main": 0.5820870399475098,
    "auc": 0.7202636868718397,
    "acc": 0.6743913763171706,
    "rmse": 0.4756580901195866
  },
  "24": {
    "loss_main": 0.5795208215713501,
    "auc": 0.7199168772796589,
    "acc": 0.6740683919415398,
    "rmse": 0.4760210056398391
  },
  "25": {
    "loss_main": 0.5800234079360962,
    "auc": 0.7196781999946492,
    "acc": 0.6735031692841859,
    "rmse": 0.47636980319585565
  },
  "26": {
    "loss_main": 0.5786553621292114,
    "auc": 0.7193254153549803,
    "acc": 0.6725342161572934,
    "rmse": 0.4768951536997006
  },
  "27": {
    "loss_main": 0.577587366104126,
    "auc": 0.7201905736937386,
    "acc": 0.6731398118616012,
    "rmse": 0.47664949529847794
  },
  "28": {
    "loss_main": 0.5777519345283508,
    "auc": 0.7198779271044207,
    "acc": 0.6728975735798781,
    "rmse": 0.4770445652442549
  },
  "29": {
    "loss_main": 0.5758445858955383,
    "auc": 0.7193929494439639,
    "acc": 0.6722919778755703,
    "rmse": 0.4774850920152475
  },
  "30": {
    "loss_main": 0.5765856504440308,
    "auc": 0.7198785906022314,
    "acc": 0.6724130970164318,
    "rmse": 0.477357779263929
  },
  "31": {
    "loss_main": 0.5749866962432861,
    "auc": 0.7191806444133306,
    "acc": 0.6714441438895393,
    "rmse": 0.4780608059292917
  },
  "32": {
    "loss_main": 0.5754744410514832,
    "auc": 0.7186363871474053,
    "acc": 0.6706366829504623,
    "rmse": 0.4786281531233299
  },
  "33": {
    "loss_main": 0.5753462314605713,
    "auc": 0.7196471582852506,
    "acc": 0.6716056360773548,
    "rmse": 0.478140952897557
  }
}