{
  "auc": 0.7642996149171228,
  "acc": 0.7262707416528725,
  "rmse": 0.4266927569143597
}