{
  "1": {
    "loss_main": 0.5713263154029846,
    "auc": 0.7613404731741225,
    "acc": 0.7181961322621018,
    "rmse": 0.43086879647295817
  },
  "2": {
    "loss_main": 0.5154169797897339,
    "auc": 0.7640289114852328,
    "acc": 0.7273608139206266,
    "rmse": 0.4271798044277561
  },
  "3": {
    "loss_main": 0.5013300776481628,
    "auc": 0.7638525015728785,
    "acc": 0.7238685453591183,
    "rmse": 0.4286407378470541
  },
  "4": {
    "loss_main": 0.4943537414073944,
    "auc": 0.7645609839674171,
    "acc": 0.723666680124349,
    "rmse": 0.42785600996879597
  },
  "5": {
    "loss_main": 0.48960432410240173,
    "auc": 0.7635800691552624,
    "acc": 0.7226977269974565,
    "rmse": 0.4289898497329918
  },
  "6": {
    "loss_main": 0.48619717359542847,
    "auc": 0.7623403351591145,
    "acc": 0.7261698090354879,
    "rmse": 0.42870181341172575
  },
  "7": {
    "loss_main": 0.4831787049770355,
    "auc": 0.7636449669028089,
    "acc": 0.717307925229117,
    "rmse": 0.43266492455390865
  },
  "8": {
    "loss_main": 0.48108339309692383,
    "auc": 0.7630566373333916,
    "acc": 0.7213856029714563,
    "rmse": 0.4296681833260173
  },
  "9": {
    "loss_main": 0.4790397882461548,
    "auc": 0.7623362057729176,
    "acc": 0.7247971254390568,
    "rmse": 0.42912057409940413
  },
  "10": {
    "loss_main": 0.4783213436603546,
    "auc": 0.7625370574043927,
    "acc": 0.7255843998546571,
    "rmse": 0.42891134040188156
  },
  "11": {
    "loss_main": 0.47648289799690247,
    "auc": 0.7617275710086681,
    "acc": 0.7091929427913924,
    "rmse": 0.43915693686104545
  },
  "12": {
    "loss_main": 0.47558102011680603,
    "auc": 0.762233063020929,
    "acc": 0.7253623480964109,
    "rmse": 0.42857223039506653
  },
  "13": {
    "loss_main": 0.4751332402229309,
    "auc": 0.7621261861545856,
    "acc": 0.7201542250393638,
    "rmse": 0.43219843590637397
  },
  "14": {
    "loss_main": 0.47383803129196167,
    "auc": 0.761167071967528,
    "acc": 0.7240502240704106,
    "rmse": 0.4307755306557431
  }
}