{
  "1": {
    "loss_main": 0.6608904004096985,
    "auc": 0.6338782525965166,
    "acc": 0.6471395696233194,
    "rmse": 0.47766562502878995
  },
  "2": {
    "loss_main": 0.6388373374938965,
    "auc": 0.6692416940805088,
    "acc": 0.6471395696233194,
    "rmse": 0.46943955565464535
  },
  "3": {
    "loss_main": 0.6227890253067017,
    "auc": 0.683347536351804,
    "acc": 0.6506722112317816,
    "rmse": 0.4628704243690585
  },
  "4": {
    "loss_main": 0.6087826490402222,
    "auc": 0.6946425702170537,
    "acc": 0.6576769348782753,
    "rmse": 0.457411469325703
  },
  "5": {
    "loss_main": 0.5963146686553955,
    "auc": 0.7053908360533032,
    "acc": 0.6772982356978481,
    "rmse": 0.45281952393785746
  },
  "6": {
    "loss_main": 0.5851790308952332,
    "auc": 0.7148344299940911,
    "acc": 0.6882595179458194,
    "rmse": 0.44894024052049664
  },
  "7": {
    "loss_main": 0.5754638314247131,
    "auc": 0.7220847853996897,
    "acc": 0.6973838265573903,
    "rmse": 0.4457236784225437
  },
  "8": {
    "loss_main": 0.5667719841003418,
    "auc": 0.7279907641655792,
    "acc": 0.7059630990350841,
    "rmse": 0.44303088685853814
  },
  "9": {
    "loss_main": 0.5591923594474792,
    "auc": 0.732674967482422,
    "acc": 0.7110702894747467,
    "rmse": 0.4408224346632067
  },
  "10": {
    "loss_main": 0.5522443652153015,
    "auc": 0.7368505166122673,
    "acc": 0.7155315111631475,
    "rmse": 0.43892419136725946
  },
  "11": {
    "loss_main": 0.5456140637397766,
    "auc": 0.7410594238303487,
    "acc": 0.7189430336307481,
    "rmse": 0.437160274893126
  },
  "12": {
    "loss_main": 0.5389657020568848,
    "auc": 0.7450170380901435,
    "acc": 0.7225766078565949,
    "rmse": 0.4355412641086881
  },
  "13": {
    "loss_main": 0.5320746898651123,
    "auc": 0.7490510326106588,
    "acc": 0.7252008559085954,
    "rmse": 0.43398418546684514
  },
  "14": {
    "loss_main": 0.5249632000923157,
    "auc": 0.7530493848535114,
    "acc": 0.7278251039605959,
    "rmse": 0.43249885542392874
  },
  "15": {
    "loss_main": 0.5175934433937073,
    "auc": 0.7567072474332492,
    "acc": 0.7301667406839194,
    "rmse": 0.4311175564548896
  },
  "16": {
    "loss_main": 0.5102212429046631,
    "auc": 0.7597987943191638,
    "acc": 0.7313577455690581,
    "rmse": 0.42989458815838993
  },
  "17": {
    "loss_main": 0.5028526186943054,
    "auc": 0.7622368979608327,
    "acc": 0.7317816625620736,
    "rmse": 0.42885392569917447
  },
  "18": {
    "loss_main": 0.4957791268825531,
    "auc": 0.7639866031219446,
    "acc": 0.7317614760385966,
    "rmse": 0.4279940439683282
  },
  "19": {
    "loss_main": 0.48898398876190186,
    "auc": 0.7652409104250835,
    "acc": 0.7312164399047196,
    "rmse": 0.42730508451568017
  },
  "20": {
    "loss_main": 0.48244115710258484,
    "auc": 0.7659888388080358,
    "acc": 0.7317009164681658,
    "rmse": 0.4267482800150146
  },
  "21": {
    "loss_main": 0.47632452845573425,
    "auc": 0.7663393351838124,
    "acc": 0.7311356938108119,
    "rmse": 0.4263580859510746
  },
  "22": {
    "loss_main": 0.4705279767513275,
    "auc": 0.7664178229661827,
    "acc": 0.730832895958658,
    "rmse": 0.4261142408523913
  },
  "23": {
    "loss_main": 0.4650285542011261,
    "auc": 0.7663208430643371,
    "acc": 0.7305502846299811,
    "rmse": 0.42595254444692715
  },
  "24": {
    "loss_main": 0.45992687344551086,
    "auc": 0.7661062282993081,
    "acc": 0.730267673301304,
    "rmse": 0.4259007312524308
  },
  "25": {
    "loss_main": 0.4550921320915222,
    "auc": 0.7657913260190733,
    "acc": 0.729722637167427,
    "rmse": 0.4259253441803563
  },
  "26": {
    "loss_main": 0.4505123794078827,
    "auc": 0.7653868835133346,
    "acc": 0.7293996527917962,
    "rmse": 0.42603187884005433
  },
  "27": {
    "loss_main": 0.4461780786514282,
    "auc": 0.7649700912162494,
    "acc": 0.7289353627518269,
    "rmse": 0.4262007125762163
  },
  "28": {
    "loss_main": 0.44220679998397827,
    "auc": 0.764520804540055,
    "acc": 0.7285518188057652,
    "rmse": 0.4264147184599673
  },
  "29": {
    "loss_main": 0.4382728636264801,
    "auc": 0.7640866943396216,
    "acc": 0.7278452904840729,
    "rmse": 0.42666981224052886
  },
  "30": {
    "loss_main": 0.43466171622276306,
    "auc": 0.7635939741583939,
    "acc": 0.7278452904840729,
    "rmse": 0.42698837790876215
  },
  "31": {
    "loss_main": 0.4312429428100586,
    "auc": 0.7632286278745631,
    "acc": 0.7279058500545036,
    "rmse": 0.4272792781476603
  },
  "32": {
    "loss_main": 0.42799657583236694,
    "auc": 0.762790631875321,
    "acc": 0.7268965238806573,
    "rmse": 0.4276444153268409
  }
}