{
  "1": {
    "loss_main": 0.6242207884788513,
    "auc": 0.8732550098841716,
    "acc": 0.7817164179104478,
    "rmse": 0.3882944776404154
  },
  "2": {
    "loss_main": 0.4160859286785126,
    "auc": 0.9089609804121617,
    "acc": 0.8316231343283582,
    "rmse": 0.3523344042906699
  },
  "3": {
    "loss_main": 0.35890278220176697,
    "auc": 0.915086812413508,
    "acc": 0.8414179104477612,
    "rmse": 0.33877594128831856
  },
  "4": {
    "loss_main": 0.32000356912612915,
    "auc": 0.9142932882681379,
    "acc": 0.8470149253731343,
    "rmse": 0.3390674823623449
  },
  "5": {
    "loss_main": 0.2846658527851105,
    "auc": 0.9123617981780338,
    "acc": 0.840018656716418,
    "rmse": 0.34112264345668364
  },
  "6": {
    "loss_main": 0.25531449913978577,
    "auc": 0.9060589492519509,
    "acc": 0.8330223880597015,
    "rmse": 0.3489351964748464
  },
  "7": {
    "loss_main": 0.23071029782295227,
    "auc": 0.9019326236960261,
    "acc": 0.8316231343283582,
    "rmse": 0.358294375745233
  },
  "8": {
    "loss_main": 0.20671075582504272,
    "auc": 0.8968279090289969,
    "acc": 0.824160447761194,
    "rmse": 0.36537991648135226
  },
  "9": {
    "loss_main": 0.19114163517951965,
    "auc": 0.8934863875728887,
    "acc": 0.8166977611940298,
    "rmse": 0.37667862379807465
  },
  "10": {
    "loss_main": 0.17750981450080872,
    "auc": 0.8903053149549653,
    "acc": 0.8208955223880597,
    "rmse": 0.38388920222536604
  },
  "11": {
    "loss_main": 0.1663956493139267,
    "auc": 0.8866446398315986,
    "acc": 0.8157649253731343,
    "rmse": 0.38288403835208196
  },
  "12": {
    "loss_main": 0.15908734500408173,
    "auc": 0.8852472525316472,
    "acc": 0.8064365671641791,
    "rmse": 0.3944975205912837
  },
  "13": {
    "loss_main": 0.1479533463716507,
    "auc": 0.8866006036015532,
    "acc": 0.8194962686567164,
    "rmse": 0.3859677198679046
  }
}