{
  "auc": 0.7692731426350499,
  "acc": 0.7339416205741047,
  "rmse": 0.42471277404537394
}