{
  "auc": 0.9054121731287085,
  "acc": 0.8414179104477612,
  "rmse": 0.34675551109156166
}