{
  "auc": 0.9120561605813828,
  "acc": 0.8465485074626866,
  "rmse": 0.35172103909900376,
  "doa_all": 0.9086277913352485
}