{
  "auc": 0.8954195410888325,
  "acc": 0.820429104477612,
  "rmse": 0.3585231886111788
}