{
  "1": {
    "loss_main": 0.5868778228759766,
    "auc": 0.7679027454505463,
    "acc": 0.7351976194109568,
    "rmse": 0.42183188818595235
  },
  "2": {
    "loss_main": 0.5168343186378479,
    "auc": 0.7755288410627164,
    "acc": 0.7362276819777201,
    "rmse": 0.4194303430291394
  },
  "3": {
    "loss_main": 0.47295254468917847,
    "auc": 0.7751726003827666,
    "acc": 0.7393560201434457,
    "rmse": 0.42055912014876823
  },
  "4": {
    "loss_main": 0.418064147233963,
    "auc": 0.7696343634789867,
    "acc": 0.7322218831069739,
    "rmse": 0.4301540616080601
  },
  "5": {
    "loss_main": 0.3495591878890991,
    "auc": 0.7643451462044897,
    "acc": 0.7311536700747749,
    "rmse": 0.43585103794349345
  },
  "6": {
    "loss_main": 0.2876400947570801,
    "auc": 0.7660914132071363,
    "acc": 0.7340912559133221,
    "rmse": 0.4423709893067719
  },
  "7": {
    "loss_main": 0.23409506678581238,
    "auc": 0.7640994598553672,
    "acc": 0.7360369296505417,
    "rmse": 0.450170983838383
  },
  "8": {
    "loss_main": 0.18663543462753296,
    "auc": 0.7607847891621413,
    "acc": 0.7311155196093392,
    "rmse": 0.4601843062754592
  },
  "9": {
    "loss_main": 0.14717034995555878,
    "auc": 0.7598158101157222,
    "acc": 0.7289409430795055,
    "rmse": 0.47024903613797364
  },
  "10": {
    "loss_main": 0.11654360592365265,
    "auc": 0.7584900472360392,
    "acc": 0.731268121471082,
    "rmse": 0.473601963572322
  },
  "11": {
    "loss_main": 0.09361526370048523,
    "auc": 0.7611175998893054,
    "acc": 0.730428811231497,
    "rmse": 0.47739743744010976
  },
  "12": {
    "loss_main": 0.07618510723114014,
    "auc": 0.7594141547059834,
    "acc": 0.7281016328399207,
    "rmse": 0.483650681159641
  }
}