{
  "auc": 0.7570325828337181,
  "acc": 0.7216682143001333,
  "rmse": 0.43254214426005766,
  "doa_all": 0.7828670475803939
}