{
  "auc": 0.761275042633865,
  "acc": 0.7233638822721951,
  "rmse": 0.4286229905832024
}