{
  "auc": 0.7745867597500015,
  "acc": 0.7329524809237353,
  "rmse": 0.42214210319832074,
  "doa_all": 0.733482523255591
}