{
  "auc": 0.8979835268589732,
  "acc": 0.824160447761194,
  "rmse": 0.35995505002651224
}