{
  "auc": 0.7655240849143361,
  "acc": 0.72498687875974,
  "rmse": 0.42724838701739837
}