{
  "auc": [
    0.7652114545590175,
    0.7645609839674171,
    0.7689037056560923,
    0.7642996149171228,
    0.7646446654720309
  ],
  "acc": [
    0.7220517582461948,
    0.723666680124349,
    0.7297024506439501,
    0.7262707416528725,
    0.7232427631313335
  ],
  "rmse": [
    0.42925354979329766,
    0.42785600996879597,
    0.42457490165182354,
    0.4266927569143597,
    0.42786471675871496
  ]
}