{
  "auc": 0.9081151359934705,
  "acc": 0.8386194029850746,
  "rmse": 0.34610766647638397
}