{
  "auc": 0.743357360620259,
  "acc": 0.700754975978037,
  "rmse": 0.4428466319065162
}