{
  "auc": 0.7515106458071071,
  "acc": 0.7106463724817312,
  "rmse": 0.43889392453871356,
  "doa_all": 0.7855885676342007
}