{
  "1": {
    "loss_main": 0.5727877020835876,
    "auc": 0.7601146872748993,
    "acc": 0.7240502240704106,
    "rmse": 0.4281162664817426
  },
  "2": {
    "loss_main": 0.5163417458534241,
    "auc": 0.7634451207744275,
    "acc": 0.7262101820824418,
    "rmse": 0.4268073919551718
  },
  "3": {
    "loss_main": 0.5013568997383118,
    "auc": 0.7642996149171228,
    "acc": 0.7262707416528725,
    "rmse": 0.4266927569143597
  },
  "4": {
    "loss_main": 0.49421894550323486,
    "auc": 0.7621645910927599,
    "acc": 0.7270378295449957,
    "rmse": 0.42651859798108666
  },
  "5": {
    "loss_main": 0.4893976151943207,
    "auc": 0.7629101638151816,
    "acc": 0.7252412289555493,
    "rmse": 0.4277988890328055
  },
  "6": {
    "loss_main": 0.4857422411441803,
    "auc": 0.7622142782578059,
    "acc": 0.7250999232912108,
    "rmse": 0.4293717524698596
  },
  "7": {
    "loss_main": 0.48275232315063477,
    "auc": 0.7616881228303567,
    "acc": 0.7254027211433647,
    "rmse": 0.42805749193877546
  },
  "8": {
    "loss_main": 0.48086297512054443,
    "auc": 0.7633097499535715,
    "acc": 0.7268763373571804,
    "rmse": 0.4275018417028721
  },
  "9": {
    "loss_main": 0.4789546728134155,
    "auc": 0.7608231496494987,
    "acc": 0.7229601518026565,
    "rmse": 0.429923114334641
  },
  "10": {
    "loss_main": 0.47791144251823425,
    "auc": 0.7615358765822149,
    "acc": 0.7232225766078566,
    "rmse": 0.42977424092854005
  },
  "11": {
    "loss_main": 0.4767187237739563,
    "auc": 0.760207461800299,
    "acc": 0.7260083168476725,
    "rmse": 0.4291781267315004
  },
  "12": {
    "loss_main": 0.47532472014427185,
    "auc": 0.7617051443225664,
    "acc": 0.7261294359885341,
    "rmse": 0.4289891723909222
  },
  "13": {
    "loss_main": 0.4745040535926819,
    "auc": 0.7620218775971386,
    "acc": 0.726957083451088,
    "rmse": 0.42929329562582386
  }
}