{
  "1": {
    "loss_main": 0.6456798911094666,
    "auc": 0.7272130380886983,
    "acc": 0.7087892123218539,
    "rmse": 0.4567353032153487
  },
  "2": {
    "loss_main": 0.574942409992218,
    "auc": 0.7445274914610329,
    "acc": 0.7133109935806855,
    "rmse": 0.4397222923768877
  },
  "3": {
    "loss_main": 0.5373811721801758,
    "auc": 0.7539580890549615,
    "acc": 0.7182768783560095,
    "rmse": 0.4327802673621766
  },
  "4": {
    "loss_main": 0.514283299446106,
    "auc": 0.7588418431683804,
    "acc": 0.7212241107836408,
    "rmse": 0.4296399870526239
  },
  "5": {
    "loss_main": 0.49854156374931335,
    "auc": 0.7610944218026807,
    "acc": 0.7221930639105333,
    "rmse": 0.42838763513734623
  },
  "6": {
    "loss_main": 0.48711127042770386,
    "auc": 0.7621510170957702,
    "acc": 0.7216278412531794,
    "rmse": 0.4281162664817426
  },
  "7": {
    "loss_main": 0.4784759283065796,
    "auc": 0.7628793450634515,
    "acc": 0.7239694779765029,
    "rmse": 0.42831654753554504
  },
  "8": {
    "loss_main": 0.4719705879688263,
    "auc": 0.7630333015258666,
    "acc": 0.7232427631313335,
    "rmse": 0.4289726379656304
  },
  "9": {
    "loss_main": 0.4669286906719208,
    "auc": 0.7631114301766653,
    "acc": 0.7225967943800718,
    "rmse": 0.42975959173064887
  },
  "10": {
    "loss_main": 0.46272996068000793,
    "auc": 0.7629733191834697,
    "acc": 0.7229197787557027,
    "rmse": 0.43070895421653577
  },
  "11": {
    "loss_main": 0.45956680178642273,
    "auc": 0.7626947927907038,
    "acc": 0.7227986596148411,
    "rmse": 0.43174448964457574
  },
  "12": {
    "loss_main": 0.45693573355674744,
    "auc": 0.7622346606262207,
    "acc": 0.7216682143001333,
    "rmse": 0.4328339767636107
  },
  "13": {
    "loss_main": 0.45466336607933044,
    "auc": 0.7617887544255482,
    "acc": 0.7212241107836408,
    "rmse": 0.4338894428628719
  },
  "14": {
    "loss_main": 0.4528715908527374,
    "auc": 0.7613116566933908,
    "acc": 0.722556421333118,
    "rmse": 0.43490114798886614
  },
  "15": {
    "loss_main": 0.4513213634490967,
    "auc": 0.7609549909482489,
    "acc": 0.7209414994549639,
    "rmse": 0.43583582372604257
  },
  "16": {
    "loss_main": 0.449994295835495,
    "auc": 0.7605316151355979,
    "acc": 0.7209818725019177,
    "rmse": 0.4367672198972731
  },
  "17": {
    "loss_main": 0.44890546798706055,
    "auc": 0.7600533580658682,
    "acc": 0.7201340385158868,
    "rmse": 0.4376613285433289
  },
  "18": {
    "loss_main": 0.4478486180305481,
    "auc": 0.7595402673610802,
    "acc": 0.7196495619524406,
    "rmse": 0.43855232314922216
  },
  "19": {
    "loss_main": 0.4469386339187622,
    "auc": 0.7589937913014009,
    "acc": 0.7199725463280714,
    "rmse": 0.4394182657615078
  }
}