{
  "auc": [
    0.7018633540372672
  ],
  "acc": [
    0.6602316602316602
  ],
  "rmse": [
    0.46664913185702656
  ]
}