{
  "auc": 0.7703468159621184,
  "acc": 0.7249586176268723,
  "rmse": 0.42725538843126376,
  "doa_all": 0.7392505922348274
}