{
  "auc": 0.8881987198226776,
  "acc": 0.8101679104477612,
  "rmse": 0.3657877396859687
}