{
  "1": {
    "loss_main": 0.6772432327270508,
    "auc": 0.7135405025668264,
    "acc": 0.6520522388059702,
    "rmse": 0.47921384358016594
  },
  "2": {
    "loss_main": 0.6120151281356812,
    "auc": 0.8485489125718839,
    "acc": 0.7896455223880597,
    "rmse": 0.42223653490223934
  },
  "3": {
    "loss_main": 0.45077571272850037,
    "auc": 0.8908022855580185,
    "acc": 0.8120335820895522,
    "rmse": 0.36427521855797595
  },
  "4": {
    "loss_main": 0.39235398173332214,
    "auc": 0.8935597504783492,
    "acc": 0.8166977611940298,
    "rmse": 0.3588776256421382
  },
  "5": {
    "loss_main": 0.38150468468666077,
    "auc": 0.8942442959655641,
    "acc": 0.8180970149253731,
    "rmse": 0.3576952821390577
  },
  "6": {
    "loss_main": 0.3758222758769989,
    "auc": 0.8950892407154685,
    "acc": 0.8222947761194029,
    "rmse": 0.3567664385151329
  },
  "7": {
    "loss_main": 0.3723888695240021,
    "auc": 0.8950506747725266,
    "acc": 0.8255597014925373,
    "rmse": 0.3566251954065771
  },
  "8": {
    "loss_main": 0.3700075149536133,
    "auc": 0.8951803965806032,
    "acc": 0.8255597014925373,
    "rmse": 0.35613435742184457
  },
  "9": {
    "loss_main": 0.36815640330314636,
    "auc": 0.895314500882196,
    "acc": 0.8269589552238806,
    "rmse": 0.3561594822981188
  },
  "10": {
    "loss_main": 0.3664261996746063,
    "auc": 0.8950489217751203,
    "acc": 0.8236940298507462,
    "rmse": 0.35695960162760376
  },
  "11": {
    "loss_main": 0.3649755120277405,
    "auc": 0.8955318725605946,
    "acc": 0.8260261194029851,
    "rmse": 0.35603105693668935
  },
  "12": {
    "loss_main": 0.3637383282184601,
    "auc": 0.8952570902171351,
    "acc": 0.8250932835820896,
    "rmse": 0.3560310778634603
  },
  "13": {
    "loss_main": 0.3633340299129486,
    "auc": 0.8955467730385492,
    "acc": 0.8255597014925373,
    "rmse": 0.356007074048716
  },
  "14": {
    "loss_main": 0.36233416199684143,
    "auc": 0.8954968126124657,
    "acc": 0.8274253731343284,
    "rmse": 0.3564401077517588
  },
  "15": {
    "loss_main": 0.36153125762939453,
    "auc": 0.8953916327680794,
    "acc": 0.820429104477612,
    "rmse": 0.35747004533531845
  },
  "16": {
    "loss_main": 0.36096352338790894,
    "auc": 0.8953942622641888,
    "acc": 0.8218283582089553,
    "rmse": 0.35626533876826416
  },
  "17": {
    "loss_main": 0.36011186242103577,
    "auc": 0.8958184876365476,
    "acc": 0.8246268656716418,
    "rmse": 0.35661034095097477
  },
  "18": {
    "loss_main": 0.3597864508628845,
    "auc": 0.8956528293816389,
    "acc": 0.8227611940298507,
    "rmse": 0.35674887494455826
  },
  "19": {
    "loss_main": 0.3589516878128052,
    "auc": 0.8957343437610383,
    "acc": 0.8166977611940298,
    "rmse": 0.3592391586645575
  },
  "20": {
    "loss_main": 0.3587053418159485,
    "auc": 0.8958351411119088,
    "acc": 0.8227611940298507,
    "rmse": 0.35608265861588956
  },
  "21": {
    "loss_main": 0.3582824468612671,
    "auc": 0.8960463772993847,
    "acc": 0.8232276119402985,
    "rmse": 0.3555894164801825
  },
  "22": {
    "loss_main": 0.3579075336456299,
    "auc": 0.8959569744316563,
    "acc": 0.8199626865671642,
    "rmse": 0.35811841039936254
  },
  "23": {
    "loss_main": 0.3579866290092468,
    "auc": 0.8955117130904204,
    "acc": 0.8227611940298507,
    "rmse": 0.356147223420883
  },
  "24": {
    "loss_main": 0.3574022948741913,
    "auc": 0.8959727514083142,
    "acc": 0.8222947761194029,
    "rmse": 0.3575291290286977
  },
  "25": {
    "loss_main": 0.3575458228588104,
    "auc": 0.8957176902856772,
    "acc": 0.8222947761194029,
    "rmse": 0.35582070166675117
  },
  "26": {
    "loss_main": 0.35748687386512756,
    "auc": 0.8953986447577051,
    "acc": 0.8222947761194029,
    "rmse": 0.3561573485307052
  },
  "27": {
    "loss_main": 0.356758713722229,
    "auc": 0.8954749001448853,
    "acc": 0.820429104477612,
    "rmse": 0.35631897660120243
  },
  "28": {
    "loss_main": 0.3565053939819336,
    "auc": 0.8955073305969045,
    "acc": 0.8264925373134329,
    "rmse": 0.35588248771371456
  },
  "29": {
    "loss_main": 0.3565027117729187,
    "auc": 0.8953390428458862,
    "acc": 0.8199626865671642,
    "rmse": 0.3563360595488809
  },
  "30": {
    "loss_main": 0.3559214174747467,
    "auc": 0.8956922718232839,
    "acc": 0.820429104477612,
    "rmse": 0.3569708516392075
  },
  "31": {
    "loss_main": 0.3560226559638977,
    "auc": 0.8954591231682274,
    "acc": 0.8227611940298507,
    "rmse": 0.3573584786979667
  }
}