{
  "1": {
    "loss_main": 0.6531743407249451,
    "auc": 0.6944825544689568,
    "acc": 0.6774079320113314,
    "rmse": 0.45770201407671385
  },
  "2": {
    "loss_main": 0.5916222333908081,
    "auc": 0.705976061936443,
    "acc": 0.6810906515580737,
    "rmse": 0.45355613520996296
  },
  "3": {
    "loss_main": 0.5793623328208923,
    "auc": 0.7020602681093286,
    "acc": 0.6795679886685553,
    "rmse": 0.4558529948986921
  },
  "4": {
    "loss_main": 0.5643448233604431,
    "auc": 0.6954724627287173,
    "acc": 0.673300283286119,
    "rmse": 0.4589469732101411
  },
  "5": {
    "loss_main": 0.5551711320877075,
    "auc": 0.7011533536291399,
    "acc": 0.681728045325779,
    "rmse": 0.4588625969547154
  },
  "6": {
    "loss_main": 0.5511854887008667,
    "auc": 0.6955305007051035,
    "acc": 0.6752832861189801,
    "rmse": 0.4587720501613069
  },
  "7": {
    "loss_main": 0.5465576648712158,
    "auc": 0.6947219321552277,
    "acc": 0.6774079320113314,
    "rmse": 0.4621290549362702
  },
  "8": {
    "loss_main": 0.5432274341583252,
    "auc": 0.6927990844914753,
    "acc": 0.673300283286119,
    "rmse": 0.4615243473439525
  },
  "9": {
    "loss_main": 0.5390793681144714,
    "auc": 0.6957929092507878,
    "acc": 0.6704674220963173,
    "rmse": 0.4626327472348329
  },
  "10": {
    "loss_main": 0.5379095077514648,
    "auc": 0.6928344945036562,
    "acc": 0.6768767705382436,
    "rmse": 0.4603860109862833
  },
  "11": {
    "loss_main": 0.534691572189331,
    "auc": 0.6877747521488746,
    "acc": 0.6731586402266289,
    "rmse": 0.4636232075783851
  },
  "12": {
    "loss_main": 0.5338364839553833,
    "auc": 0.6952479394991067,
    "acc": 0.678399433427762,
    "rmse": 0.4619780772331435
  }
}