{
  "auc": 0.7449535862360429,
  "acc": 0.7208877493790562,
  "rmse": 0.43490969660547857
}