{
  "1": {
    "loss_main": 5.0651044845581055,
    "auc": 0.5366317776013594,
    "acc": 0.5093283582089553,
    "rmse": 0.5161649593295883
  },
  "2": {
    "loss_main": 0.6968046426773071,
    "auc": 0.5787876572097104,
    "acc": 0.5093283582089553,
    "rmse": 0.5044992491449037
  },
  "3": {
    "loss_main": 0.6914879083633423,
    "auc": 0.6551344726249669,
    "acc": 0.5093283582089553,
    "rmse": 0.5017092219813915
  },
  "4": {
    "loss_main": 0.6908433437347412,
    "auc": 0.7345802169946656,
    "acc": 0.5093283582089553,
    "rmse": 0.4994766058937383
  },
  "5": {
    "loss_main": 0.6875128746032715,
    "auc": 0.7905106617083804,
    "acc": 0.5093283582089553,
    "rmse": 0.49772398710749916
  },
  "6": {
    "loss_main": 0.6656954884529114,
    "auc": 0.8371112411036364,
    "acc": 0.5093283582089553,
    "rmse": 0.4828962395401341
  },
  "7": {
    "loss_main": 0.6057397723197937,
    "auc": 0.8765929887602892,
    "acc": 0.6166044776119403,
    "rmse": 0.4514205874618491
  },
  "8": {
    "loss_main": 0.5261552333831787,
    "auc": 0.8859315589353611,
    "acc": 0.8106343283582089,
    "rmse": 0.423340107742808
  },
  "9": {
    "loss_main": 0.46284210681915283,
    "auc": 0.8889573670942491,
    "acc": 0.8339552238805971,
    "rmse": 0.40197246049023877
  },
  "10": {
    "loss_main": 0.41479718685150146,
    "auc": 0.8909507792587641,
    "acc": 0.8302238805970149,
    "rmse": 0.3883726223558834
  },
  "11": {
    "loss_main": 0.3780856430530548,
    "auc": 0.8917794816083787,
    "acc": 0.8302238805970149,
    "rmse": 0.37797293797507114
  },
  "12": {
    "loss_main": 0.34775102138519287,
    "auc": 0.8928049137174612,
    "acc": 0.8264925373134329,
    "rmse": 0.37291705284240734
  },
  "13": {
    "loss_main": 0.32262319326400757,
    "auc": 0.893142662154069,
    "acc": 0.8302238805970149,
    "rmse": 0.3683835698228915
  },
  "14": {
    "loss_main": 0.30177175998687744,
    "auc": 0.892613406871962,
    "acc": 0.8292910447761194,
    "rmse": 0.36636849637930996
  },
  "15": {
    "loss_main": 0.28498008847236633,
    "auc": 0.8918926447443558,
    "acc": 0.8311567164179104,
    "rmse": 0.3680110988018731
  },
  "16": {
    "loss_main": 0.27124178409576416,
    "auc": 0.8916280171033022,
    "acc": 0.8274253731343284,
    "rmse": 0.368435969232254
  },
  "17": {
    "loss_main": 0.2568989098072052,
    "auc": 0.8906286995640609,
    "acc": 0.8246268656716418,
    "rmse": 0.36953786638397407
  },
  "18": {
    "loss_main": 0.24320904910564423,
    "auc": 0.8899253471496817,
    "acc": 0.8264925373134329,
    "rmse": 0.370995277590656
  },
  "19": {
    "loss_main": 0.23159104585647583,
    "auc": 0.8889469212663129,
    "acc": 0.8264925373134329,
    "rmse": 0.37351943836926504
  },
  "20": {
    "loss_main": 0.22209297120571136,
    "auc": 0.8880155016086575,
    "acc": 0.8264925373134329,
    "rmse": 0.3747389202452257
  },
  "21": {
    "loss_main": 0.20925797522068024,
    "auc": 0.8871345701193611,
    "acc": 0.8227611940298507,
    "rmse": 0.37579261937062775
  },
  "22": {
    "loss_main": 0.2018555998802185,
    "auc": 0.8854249362804496,
    "acc": 0.8190298507462687,
    "rmse": 0.37989601171161774
  },
  "23": {
    "loss_main": 0.1904352456331253,
    "auc": 0.8847041741528434,
    "acc": 0.8246268656716418,
    "rmse": 0.37979660428901046
  }
}