{
  "1": {
    "loss_main": 0.5787994265556335,
    "auc": 0.7667097728936504,
    "acc": 0.7265129799345956,
    "rmse": 0.42704832895003575
  },
  "2": {
    "loss_main": 0.49675020575523376,
    "auc": 0.7707604587012757,
    "acc": 0.7311558803342888,
    "rmse": 0.4260858093965446
  },
  "3": {
    "loss_main": 0.4704006016254425,
    "auc": 0.7685756958705707,
    "acc": 0.7304089789656425,
    "rmse": 0.4258724954809695
  },
  "4": {
    "loss_main": 0.454163521528244,
    "auc": 0.7676038761222881,
    "acc": 0.7238685453591183,
    "rmse": 0.43039667388050035
  },
  "5": {
    "loss_main": 0.4429875910282135,
    "auc": 0.7663482212777735,
    "acc": 0.7254229076668416,
    "rmse": 0.43084363588721886
  },
  "6": {
    "loss_main": 0.43442168831825256,
    "auc": 0.7652809572098571,
    "acc": 0.7262707416528725,
    "rmse": 0.4321468371103309
  },
  "7": {
    "loss_main": 0.4281534254550934,
    "auc": 0.7639942218042862,
    "acc": 0.7235859340304412,
    "rmse": 0.4344344709013892
  },
  "8": {
    "loss_main": 0.42247438430786133,
    "auc": 0.7632709398361863,
    "acc": 0.7190439662481327,
    "rmse": 0.4389282822366888
  },
  "9": {
    "loss_main": 0.41771399974823,
    "auc": 0.762378935203454,
    "acc": 0.7268157777867496,
    "rmse": 0.43691645601560836
  },
  "10": {
    "loss_main": 0.41352012753486633,
    "auc": 0.762500917868938,
    "acc": 0.7209414994549639,
    "rmse": 0.436719300025771
  },
  "11": {
    "loss_main": 0.4103693664073944,
    "auc": 0.7615775916923146,
    "acc": 0.7210828051193023,
    "rmse": 0.4357078665259365
  },
  "12": {
    "loss_main": 0.40749606490135193,
    "auc": 0.7618664767572536,
    "acc": 0.7231014574669951,
    "rmse": 0.4351400348374825
  }
}