{
  "1": {
    "loss_main": 0.5708652138710022,
    "auc": 0.7611987473016175,
    "acc": 0.7237474262182567,
    "rmse": 0.4283517884231926
  },
  "2": {
    "loss_main": 0.5149040222167969,
    "auc": 0.7642503934900525,
    "acc": 0.7229399652791796,
    "rmse": 0.4297566965046323
  },
  "3": {
    "loss_main": 0.5009347796440125,
    "auc": 0.7639257887018234,
    "acc": 0.7251806693851185,
    "rmse": 0.4278352174376871
  },
  "4": {
    "loss_main": 0.49395880103111267,
    "auc": 0.7646446654720309,
    "acc": 0.7232427631313335,
    "rmse": 0.42786471675871496
  },
  "5": {
    "loss_main": 0.48921388387680054,
    "auc": 0.763625062459465,
    "acc": 0.7238281723121645,
    "rmse": 0.4290440683649899
  },
  "6": {
    "loss_main": 0.48538726568222046,
    "auc": 0.7636822482544059,
    "acc": 0.7242520893051798,
    "rmse": 0.4280473791886375
  },
  "7": {
    "loss_main": 0.48269402980804443,
    "auc": 0.7612603102940942,
    "acc": 0.7240300375469336,
    "rmse": 0.4290350902884808
  },
  "8": {
    "loss_main": 0.480334997177124,
    "auc": 0.7612753469188053,
    "acc": 0.7224151156687795,
    "rmse": 0.43190343114563573
  },
  "9": {
    "loss_main": 0.47870153188705444,
    "auc": 0.7635630636227939,
    "acc": 0.7236061205539182,
    "rmse": 0.4289821731269112
  },
  "10": {
    "loss_main": 0.47729796171188354,
    "auc": 0.7627804803640713,
    "acc": 0.724474141063426,
    "rmse": 0.4295676671170684
  },
  "11": {
    "loss_main": 0.47630393505096436,
    "auc": 0.7638701355065503,
    "acc": 0.7237877992652105,
    "rmse": 0.4292733363882598
  },
  "12": {
    "loss_main": 0.47532638907432556,
    "auc": 0.763085209585282,
    "acc": 0.7243933949695184,
    "rmse": 0.4295246509254617
  },
  "13": {
    "loss_main": 0.4741585850715637,
    "auc": 0.763480344324416,
    "acc": 0.7250999232912108,
    "rmse": 0.43080948085106086
  },
  "14": {
    "loss_main": 0.4725765883922577,
    "auc": 0.762416119976189,
    "acc": 0.7232427631313335,
    "rmse": 0.43080078169274494
  }
}