{
  "1": {
    "loss_main": 0.5815814733505249,
    "auc": 0.7672529195362906,
    "acc": 0.7310549477169042,
    "rmse": 0.4247787467665572
  },
  "2": {
    "loss_main": 0.4976068437099457,
    "auc": 0.7712359890380478,
    "acc": 0.7350720658888126,
    "rmse": 0.423058439397859
  },
  "3": {
    "loss_main": 0.4710093140602112,
    "auc": 0.770385750492431,
    "acc": 0.7315596108038274,
    "rmse": 0.4257940937869838
  },
  "4": {
    "loss_main": 0.4558216333389282,
    "auc": 0.7692755952393423,
    "acc": 0.7306108442004118,
    "rmse": 0.4247239836403399
  },
  "5": {
    "loss_main": 0.4450483024120331,
    "auc": 0.76747061541581,
    "acc": 0.7225362348096411,
    "rmse": 0.43062356079370423
  },
  "6": {
    "loss_main": 0.437187135219574,
    "auc": 0.767913059511974,
    "acc": 0.7298033832613348,
    "rmse": 0.4287039684519962
  },
  "7": {
    "loss_main": 0.430859237909317,
    "auc": 0.7671516311284226,
    "acc": 0.7327102426420122,
    "rmse": 0.42897732741569705
  },
  "8": {
    "loss_main": 0.42537736892700195,
    "auc": 0.7664369515854655,
    "acc": 0.7261698090354879,
    "rmse": 0.43083492012518754
  },
  "9": {
    "loss_main": 0.42118656635284424,
    "auc": 0.7646320568917968,
    "acc": 0.7219104525818564,
    "rmse": 0.4326281578446907
  },
  "10": {
    "loss_main": 0.41730618476867676,
    "auc": 0.764828945240434,
    "acc": 0.7251604828616416,
    "rmse": 0.4327475736650293
  },
  "11": {
    "loss_main": 0.4139005243778229,
    "auc": 0.76369619562543,
    "acc": 0.724474141063426,
    "rmse": 0.4347512200806198
  },
  "12": {
    "loss_main": 0.41097143292427063,
    "auc": 0.7639726257342412,
    "acc": 0.7241107836408414,
    "rmse": 0.43558445584456806
  }
}