{
  "auc": 0.7664178229661827,
  "acc": 0.730832895958658,
  "rmse": 0.4261142408523913
}