{
  "auc": [
    0.6913951398827107
  ],
  "acc": [
    0.6935340460288248
  ],
  "rmse": [
    0.44838679023621203
  ]
}