{
  "1": {
    "loss_main": 0.686803936958313,
    "auc": 0.6932126141006154,
    "acc": 0.6518632161169203,
    "rmse": 0.4959045109296168
  },
  "2": {
    "loss_main": 0.67122483253479,
    "auc": 0.7045118612246425,
    "acc": 0.6664782591142153,
    "rmse": 0.48497502786213587
  },
  "3": {
    "loss_main": 0.6584774851799011,
    "auc": 0.7081374658745669,
    "acc": 0.6707174290443699,
    "rmse": 0.4808500529175077
  },
  "4": {
    "loss_main": 0.6472641229629517,
    "auc": 0.710193540619241,
    "acc": 0.6723929104929549,
    "rmse": 0.47864420194904755
  },
  "5": {
    "loss_main": 0.6375705599784851,
    "auc": 0.7131596337544951,
    "acc": 0.6760466712422787,
    "rmse": 0.47583187879962485
  },
  "6": {
    "loss_main": 0.6301101446151733,
    "auc": 0.7146128181144216,
    "acc": 0.6773789817917558,
    "rmse": 0.47453674891014275
  },
  "7": {
    "loss_main": 0.6231770515441895,
    "auc": 0.7157646010027877,
    "acc": 0.6770963704630788,
    "rmse": 0.4741563400854765
  },
  "8": {
    "loss_main": 0.6173649430274963,
    "auc": 0.7156995096344968,
    "acc": 0.6770358108926481,
    "rmse": 0.4740242510499012
  },
  "9": {
    "loss_main": 0.6121767163276672,
    "auc": 0.7172035743138901,
    "acc": 0.6780249505430175,
    "rmse": 0.47338890795728866
  },
  "10": {
    "loss_main": 0.6071871519088745,
    "auc": 0.7177753533248448,
    "acc": 0.6781662562073559,
    "rmse": 0.4731963516060444
  },
  "11": {
    "loss_main": 0.6040446162223816,
    "auc": 0.7185636610017341,
    "acc": 0.678711292341233,
    "rmse": 0.47302602065192834
  },
  "12": {
    "loss_main": 0.6005844473838806,
    "auc": 0.7183504908080649,
    "acc": 0.6780855101134483,
    "rmse": 0.4733546590562266
  },
  "13": {
    "loss_main": 0.597446620464325,
    "auc": 0.7185741049225282,
    "acc": 0.6776615931204328,
    "rmse": 0.47366244823117376
  },
  "14": {
    "loss_main": 0.5953270792961121,
    "auc": 0.7188419859142605,
    "acc": 0.6773991683152327,
    "rmse": 0.4737330694369032
  },
  "15": {
    "loss_main": 0.5922372341156006,
    "auc": 0.7193690064118625,
    "acc": 0.677318422221325,
    "rmse": 0.47399078684214746
  },
  "16": {
    "loss_main": 0.591425895690918,
    "auc": 0.7189582591864032,
    "acc": 0.6766724534700634,
    "rmse": 0.4746013844763234
  },
  "17": {
    "loss_main": 0.5893845558166504,
    "auc": 0.7190991517377042,
    "acc": 0.6761476038596633,
    "rmse": 0.4748333061252174
  },
  "18": {
    "loss_main": 0.5878114700317383,
    "auc": 0.7197446458242948,
    "acc": 0.676510961282248,
    "rmse": 0.47473419180811494
  },
  "19": {
    "loss_main": 0.5863503217697144,
    "auc": 0.7201994502455717,
    "acc": 0.6765715208526788,
    "rmse": 0.4746799651973731
  },
  "20": {
    "loss_main": 0.584431529045105,
    "auc": 0.7209140749682391,
    "acc": 0.6771165569865558,
    "rmse": 0.4746215724555072
  },
  "21": {
    "loss_main": 0.5837134122848511,
    "auc": 0.7206940700515212,
    "acc": 0.6766724534700634,
    "rmse": 0.4750206817340733
  },
  "22": {
    "loss_main": 0.5833470225334167,
    "auc": 0.7214736835324076,
    "acc": 0.677318422221325,
    "rmse": 0.4748148375304623
  },
  "23": {
    "loss_main": 0.5823604464530945,
    "auc": 0.7212767168074796,
    "acc": 0.6768137591344019,
    "rmse": 0.47523589049158327
  },
  "24": {
    "loss_main": 0.5815492868423462,
    "auc": 0.7221903765172193,
    "acc": 0.6778230853082482,
    "rmse": 0.47484769449858255
  },
  "25": {
    "loss_main": 0.5808214545249939,
    "auc": 0.722395102348104,
    "acc": 0.677601033550002,
    "rmse": 0.47493569415633047
  },
  "26": {
    "loss_main": 0.5786668658256531,
    "auc": 0.722643006497234,
    "acc": 0.6777019661673866,
    "rmse": 0.4750271124380094
  },
  "27": {
    "loss_main": 0.5788474678993225,
    "auc": 0.7230335315081802,
    "acc": 0.6779845774960637,
    "rmse": 0.47503459390352054
  },
  "28": {
    "loss_main": 0.5788958668708801,
    "auc": 0.7233293831132446,
    "acc": 0.6779643909725867,
    "rmse": 0.4749775937718581
  },
  "29": {
    "loss_main": 0.5785963535308838,
    "auc": 0.7236673958584505,
    "acc": 0.6779845774960637,
    "rmse": 0.47506792185183333
  },
  "30": {
    "loss_main": 0.5777488946914673,
    "auc": 0.7236265998783955,
    "acc": 0.6778230853082482,
    "rmse": 0.47532040117306573
  },
  "31": {
    "loss_main": 0.5763196349143982,
    "auc": 0.7234215073280366,
    "acc": 0.677318422221325,
    "rmse": 0.47564347563360826
  },
  "32": {
    "loss_main": 0.5767825841903687,
    "auc": 0.7233936598467908,
    "acc": 0.6770358108926481,
    "rmse": 0.4758857862764671
  },
  "33": {
    "loss_main": 0.5771550536155701,
    "auc": 0.7230138009297506,
    "acc": 0.6765513343292018,
    "rmse": 0.4763140578004845
  },
  "34": {
    "loss_main": 0.5765466094017029,
    "auc": 0.7229240171168589,
    "acc": 0.6762687230005249,
    "rmse": 0.4766172002448792
  },
  "35": {
    "loss_main": 0.5759186148643494,
    "auc": 0.7231132336584448,
    "acc": 0.6763898421413864,
    "rmse": 0.4765402053871085
  },
  "36": {
    "loss_main": 0.5756775736808777,
    "auc": 0.7234027903586648,
    "acc": 0.6765917073761557,
    "rmse": 0.47657334987609046
  },
  "37": {
    "loss_main": 0.5743962526321411,
    "auc": 0.7233946457957423,
    "acc": 0.6763090960474787,
    "rmse": 0.4768013277553786
  },
  "38": {
    "loss_main": 0.5754050016403198,
    "auc": 0.723637041122405,
    "acc": 0.6761677903831402,
    "rmse": 0.4768037498062248
  },
  "39": {
    "loss_main": 0.5751984119415283,
    "auc": 0.7236131624202872,
    "acc": 0.6758851790544632,
    "rmse": 0.47698083870466884
  }
}