{
  "auc": [
    0.722979186945814
  ],
  "acc": [
    0.7051197820687445
  ],
  "rmse": [
    0.44431700613752795
  ]
}