{
  "1": {
    "loss_main": 0.6678972840309143,
    "auc": 0.7354768172258666,
    "acc": 0.6324626865671642,
    "rmse": 0.4763714923484267
  },
  "2": {
    "loss_main": 0.6136960387229919,
    "auc": 0.8269822699480494,
    "acc": 0.7686567164179104,
    "rmse": 0.4358359604854189
  },
  "3": {
    "loss_main": 0.46062833070755005,
    "auc": 0.8805624033760917,
    "acc": 0.8134328358208955,
    "rmse": 0.3725582337783934
  },
  "4": {
    "loss_main": 0.39010560512542725,
    "auc": 0.882912714661764,
    "acc": 0.808768656716418,
    "rmse": 0.36863599324124924
  },
  "5": {
    "loss_main": 0.38012999296188354,
    "auc": 0.883654368445243,
    "acc": 0.8152985074626866,
    "rmse": 0.36741040951041276
  },
  "6": {
    "loss_main": 0.3761197328567505,
    "auc": 0.8840722015626958,
    "acc": 0.816231343283582,
    "rmse": 0.3667834067182534
  },
  "7": {
    "loss_main": 0.372759610414505,
    "auc": 0.8838841766598421,
    "acc": 0.8218283582089553,
    "rmse": 0.36676073637721274
  },
  "8": {
    "loss_main": 0.37022340297698975,
    "auc": 0.8844343235978217,
    "acc": 0.8218283582089553,
    "rmse": 0.3662635053416513
  },
  "9": {
    "loss_main": 0.3690520226955414,
    "auc": 0.8845318179918942,
    "acc": 0.816231343283582,
    "rmse": 0.36635228798762126
  },
  "10": {
    "loss_main": 0.3694345951080322,
    "auc": 0.8841279126450229,
    "acc": 0.8199626865671642,
    "rmse": 0.3662544936662825
  },
  "11": {
    "loss_main": 0.36794155836105347,
    "auc": 0.8832852825248263,
    "acc": 0.8199626865671642,
    "rmse": 0.36692203909026355
  },
  "12": {
    "loss_main": 0.36643463373184204,
    "auc": 0.8841766598420592,
    "acc": 0.8171641791044776,
    "rmse": 0.3664856757517224
  },
  "13": {
    "loss_main": 0.36656326055526733,
    "auc": 0.8839015863730693,
    "acc": 0.8236940298507462,
    "rmse": 0.3663196656626696
  },
  "14": {
    "loss_main": 0.3658676743507385,
    "auc": 0.883567319879107,
    "acc": 0.8190298507462687,
    "rmse": 0.3669340801271324
  },
  "15": {
    "loss_main": 0.36539092659950256,
    "auc": 0.8838215016922241,
    "acc": 0.8180970149253731,
    "rmse": 0.36625732128129657
  },
  "16": {
    "loss_main": 0.3639739453792572,
    "auc": 0.8838598030613241,
    "acc": 0.8180970149253731,
    "rmse": 0.36614869669648825
  },
  "17": {
    "loss_main": 0.3637203574180603,
    "auc": 0.8841662140141229,
    "acc": 0.8236940298507462,
    "rmse": 0.36622267640690653
  },
  "18": {
    "loss_main": 0.363809734582901,
    "auc": 0.883915514143651,
    "acc": 0.8218283582089553,
    "rmse": 0.36627392036518935
  },
  "19": {
    "loss_main": 0.36443793773651123,
    "auc": 0.8832574269836628,
    "acc": 0.8199626865671642,
    "rmse": 0.3667018803932927
  }
}