{
  "1": {
    "loss_main": 0.625234842300415,
    "auc": 0.731861944162133,
    "acc": 0.699402478905083,
    "rmse": 0.4461018777030039
  },
  "2": {
    "loss_main": 0.5320004820823669,
    "auc": 0.7419927552292591,
    "acc": 0.7085671605636077,
    "rmse": 0.4398246381547504
  },
  "3": {
    "loss_main": 0.5000327825546265,
    "auc": 0.7448189765603619,
    "acc": 0.7074367152488998,
    "rmse": 0.4402785454214218
  },
  "4": {
    "loss_main": 0.4841296374797821,
    "auc": 0.7444917610715018,
    "acc": 0.7063466429811458,
    "rmse": 0.4410161514211508
  },
  "5": {
    "loss_main": 0.47536516189575195,
    "auc": 0.7439046895907917,
    "acc": 0.7102426420121927,
    "rmse": 0.4422166693404436
  },
  "6": {
    "loss_main": 0.4690970778465271,
    "auc": 0.7415596274087313,
    "acc": 0.7104848802939158,
    "rmse": 0.4448315884663241
  },
  "7": {
    "loss_main": 0.46559762954711914,
    "auc": 0.739998650722168,
    "acc": 0.7125035326416085,
    "rmse": 0.44530620905130114
  },
  "8": {
    "loss_main": 0.4641016721725464,
    "auc": 0.7388349597118953,
    "acc": 0.6994630384755137,
    "rmse": 0.45186096676131554
  },
  "9": {
    "loss_main": 0.463412344455719,
    "auc": 0.7374109710403326,
    "acc": 0.715410392022286,
    "rmse": 0.44951468961282176
  },
  "10": {
    "loss_main": 0.46279144287109375,
    "auc": 0.7364515784676886,
    "acc": 0.7133311801041624,
    "rmse": 0.44699253257278765
  },
  "11": {
    "loss_main": 0.4614766240119934,
    "auc": 0.7335866204960603,
    "acc": 0.7086882797044693,
    "rmse": 0.44704265117273156
  },
  "12": {
    "loss_main": 0.46169304847717285,
    "auc": 0.7321707389124374,
    "acc": 0.714017521902378,
    "rmse": 0.45036996031415516
  },
  "13": {
    "loss_main": 0.46138593554496765,
    "auc": 0.7309429585435323,
    "acc": 0.7063466429811458,
    "rmse": 0.4493057166794821
  }
}