{
  "1": {
    "loss_main": 0.6886298060417175,
    "auc": 0.6476794058999855,
    "acc": 0.5984141791044776,
    "rmse": 0.5296995032196711
  },
  "2": {
    "loss_main": 0.6838567852973938,
    "auc": 0.7175306627339246,
    "acc": 0.6665111940298507,
    "rmse": 0.488007247339433
  },
  "3": {
    "loss_main": 0.6569676399230957,
    "auc": 0.782691426651599,
    "acc": 0.7308768656716418,
    "rmse": 0.4453656850810188
  },
  "4": {
    "loss_main": 0.6747438907623291,
    "auc": 0.7907267864233137,
    "acc": 0.7341417910447762,
    "rmse": 0.44176411258496767
  },
  "5": {
    "loss_main": 0.6726348996162415,
    "auc": 0.7946345124287155,
    "acc": 0.7355410447761194,
    "rmse": 0.4395879920001499
  },
  "6": {
    "loss_main": 0.6696142554283142,
    "auc": 0.7987599645704163,
    "acc": 0.7355410447761194,
    "rmse": 0.43842255869371316
  },
  "7": {
    "loss_main": 0.6377741694450378,
    "auc": 0.8149480555179831,
    "acc": 0.7434701492537313,
    "rmse": 0.43166679199442765
  },
  "8": {
    "loss_main": 0.6647105813026428,
    "auc": 0.8169123903188225,
    "acc": 0.7444029850746269,
    "rmse": 0.4302191826081208
  },
  "9": {
    "loss_main": 0.6632230877876282,
    "auc": 0.8174036921814937,
    "acc": 0.7444029850746269,
    "rmse": 0.42952128576750204
  },
  "10": {
    "loss_main": 0.6606042385101318,
    "auc": 0.8195691727715795,
    "acc": 0.7448694029850746,
    "rmse": 0.4285741774720634
  },
  "11": {
    "loss_main": 0.6252582669258118,
    "auc": 0.8216875302700415,
    "acc": 0.746268656716418,
    "rmse": 0.4265091649621461
  },
  "12": {
    "loss_main": 0.6585705876350403,
    "auc": 0.8227046036642567,
    "acc": 0.7467350746268657,
    "rmse": 0.425682178835389
  },
  "13": {
    "loss_main": 0.6575477123260498,
    "auc": 0.823517040669846,
    "acc": 0.7472014925373134,
    "rmse": 0.42495908890890244
  },
  "14": {
    "loss_main": 0.6385928392410278,
    "auc": 0.8287333051176551,
    "acc": 0.7504664179104478,
    "rmse": 0.422160599428266
  },
  "15": {
    "loss_main": 0.6325429677963257,
    "auc": 0.8287852277834258,
    "acc": 0.753731343283582,
    "rmse": 0.42015642225007327
  },
  "16": {
    "loss_main": 0.6547196507453918,
    "auc": 0.8296168630856026,
    "acc": 0.753731343283582,
    "rmse": 0.4198902561792405
  },
  "17": {
    "loss_main": 0.6538764834403992,
    "auc": 0.8300291901373115,
    "acc": 0.7541977611940298,
    "rmse": 0.41931710274217526
  },
  "18": {
    "loss_main": 0.612869918346405,
    "auc": 0.8322723365635921,
    "acc": 0.7551305970149254,
    "rmse": 0.4180831217927165
  },
  "19": {
    "loss_main": 0.6511870622634888,
    "auc": 0.8331222975125117,
    "acc": 0.7555970149253731,
    "rmse": 0.41758733798106196
  },
  "20": {
    "loss_main": 0.652210533618927,
    "auc": 0.8331222975125117,
    "acc": 0.7555970149253731,
    "rmse": 0.4174265151825297
  },
  "21": {
    "loss_main": 0.6511515378952026,
    "auc": 0.8331222975125117,
    "acc": 0.7555970149253731,
    "rmse": 0.4173126954379159
  },
  "22": {
    "loss_main": 0.607765793800354,
    "auc": 0.835480197393395,
    "acc": 0.7593283582089553,
    "rmse": 0.4148007056252337
  },
  "23": {
    "loss_main": 0.6503380537033081,
    "auc": 0.835480197393395,
    "acc": 0.7593283582089553,
    "rmse": 0.4147155398366111
  },
  "24": {
    "loss_main": 0.6505049467086792,
    "auc": 0.8359697539563762,
    "acc": 0.7593283582089553,
    "rmse": 0.4146233485030554
  },
  "25": {
    "loss_main": 0.6478533148765564,
    "auc": 0.8361386117013618,
    "acc": 0.7597947761194029,
    "rmse": 0.4143106508707194
  },
  "26": {
    "loss_main": 0.6073687076568604,
    "auc": 0.8352445819352756,
    "acc": 0.757929104477612,
    "rmse": 0.41532668974253734
  },
  "27": {
    "loss_main": 0.6493759155273438,
    "auc": 0.8361617369222514,
    "acc": 0.7588619402985075,
    "rmse": 0.4145456050913597
  },
  "28": {
    "loss_main": 0.6492345929145813,
    "auc": 0.8361617369222514,
    "acc": 0.7588619402985075,
    "rmse": 0.41448138299761533
  },
  "29": {
    "loss_main": 0.6117068529129028,
    "auc": 0.8353349011942213,
    "acc": 0.7593283582089553,
    "rmse": 0.41468855474664185
  },
  "30": {
    "loss_main": 0.6360865235328674,
    "auc": 0.8349051211456147,
    "acc": 0.7583955223880597,
    "rmse": 0.41521604467001444
  },
  "31": {
    "loss_main": 0.6485907435417175,
    "auc": 0.8349051211456147,
    "acc": 0.7583955223880597,
    "rmse": 0.41518763856025576
  },
  "32": {
    "loss_main": 0.6481170654296875,
    "auc": 0.8349051211456147,
    "acc": 0.7583955223880597,
    "rmse": 0.41515546176248364
  },
  "33": {
    "loss_main": 0.5957111716270447,
    "auc": 0.8369698106786161,
    "acc": 0.7597947761194029,
    "rmse": 0.4137694203293566
  },
  "34": {
    "loss_main": 0.6463858485221863,
    "auc": 0.8369698106786161,
    "acc": 0.7597947761194029,
    "rmse": 0.413758940355223
  },
  "35": {
    "loss_main": 0.6479550004005432,
    "auc": 0.8368415311514178,
    "acc": 0.7597947761194029,
    "rmse": 0.4137276429074108
  },
  "36": {
    "loss_main": 0.6467218995094299,
    "auc": 0.8382936204933091,
    "acc": 0.7611940298507462,
    "rmse": 0.4125735304059607
  },
  "37": {
    "loss_main": 0.5953415036201477,
    "auc": 0.838309328190517,
    "acc": 0.7630597014925373,
    "rmse": 0.4118209118559289
  },
  "38": {
    "loss_main": 0.6469041109085083,
    "auc": 0.838309328190517,
    "acc": 0.7630597014925373,
    "rmse": 0.41181331323082226
  },
  "39": {
    "loss_main": 0.6474116444587708,
    "auc": 0.838291875193619,
    "acc": 0.7630597014925373,
    "rmse": 0.411794967400886
  },
  "40": {
    "loss_main": 0.6419461965560913,
    "auc": 0.8388861497379869,
    "acc": 0.7635261194029851,
    "rmse": 0.4113901741778478
  },
  "41": {
    "loss_main": 0.5951223969459534,
    "auc": 0.8401863980068678,
    "acc": 0.7644589552238806,
    "rmse": 0.41076827027660673
  },
  "42": {
    "loss_main": 0.6468786001205444,
    "auc": 0.8408644469363444,
    "acc": 0.7644589552238806,
    "rmse": 0.41074815456465713
  },
  "43": {
    "loss_main": 0.646839439868927,
    "auc": 0.8408644469363444,
    "acc": 0.7644589552238806,
    "rmse": 0.41075720585000963
  },
  "44": {
    "loss_main": 0.5953231453895569,
    "auc": 0.8425944752538319,
    "acc": 0.7672574626865671,
    "rmse": 0.4088771493692562
  },
  "45": {
    "loss_main": 0.6386329531669617,
    "auc": 0.842168185804605,
    "acc": 0.7667910447761194,
    "rmse": 0.4092124252151005
  },
  "46": {
    "loss_main": 0.6466986536979675,
    "auc": 0.842168185804605,
    "acc": 0.7667910447761194,
    "rmse": 0.4092165400040106
  },
  "47": {
    "loss_main": 0.6460647583007812,
    "auc": 0.842168185804605,
    "acc": 0.7667910447761194,
    "rmse": 0.40921661283176025
  },
  "48": {
    "loss_main": 0.5858722925186157,
    "auc": 0.8433475720699689,
    "acc": 0.7667910447761194,
    "rmse": 0.4091528107549495
  },
  "49": {
    "loss_main": 0.6446886658668518,
    "auc": 0.8436303106197122,
    "acc": 0.7672574626865671,
    "rmse": 0.40883022489323717
  },
  "50": {
    "loss_main": 0.6464576721191406,
    "auc": 0.8436303106197122,
    "acc": 0.7672574626865671,
    "rmse": 0.40882488518438437
  },
  "51": {
    "loss_main": 0.6443629264831543,
    "auc": 0.8436303106197122,
    "acc": 0.7672574626865671,
    "rmse": 0.40882167768069116
  },
  "52": {
    "loss_main": 0.5839117169380188,
    "auc": 0.8440744893907596,
    "acc": 0.7667910447761194,
    "rmse": 0.40899697824495107
  },
  "53": {
    "loss_main": 0.6455693244934082,
    "auc": 0.8440744893907596,
    "acc": 0.7667910447761194,
    "rmse": 0.40898471821330623
  },
  "54": {
    "loss_main": 0.646142303943634,
    "auc": 0.8440744893907596,
    "acc": 0.7667910447761194,
    "rmse": 0.4089811658323458
  },
  "55": {
    "loss_main": 0.6338276863098145,
    "auc": 0.844432275827163,
    "acc": 0.7677238805970149,
    "rmse": 0.40873953149671527
  },