{
  "1": {
    "loss_main": 1.2167412042617798,
    "auc": 0.41441148527762706,
    "acc": 0.5331156716417911,
    "rmse": 0.615663070276135
  },
  "2": {
    "loss_main": 1.2007253170013428,
    "auc": 0.4177379925411422,
    "acc": 0.5331156716417911,
    "rmse": 0.6132251689563073
  },
  "3": {
    "loss_main": 1.1722451448440552,
    "auc": 0.421005066674358,
    "acc": 0.5331156716417911,
    "rmse": 0.610734840595301
  },
  "4": {
    "loss_main": 1.151329755783081,
    "auc": 0.4242835030236605,
    "acc": 0.5331156716417911,
    "rmse": 0.6082050389607032
  },
  "5": {
    "loss_main": 1.1309419870376587,
    "auc": 0.4274151045804589,
    "acc": 0.5331156716417911,
    "rmse": 0.6056301763134213
  },
  "6": {
    "loss_main": 1.1163287162780762,
    "auc": 0.4304929541150014,
    "acc": 0.5331156716417911,
    "rmse": 0.6030212649143256
  },
  "7": {
    "loss_main": 1.0880566835403442,
    "auc": 0.4335000083031579,
    "acc": 0.5331156716417911,
    "rmse": 0.6003746095108455
  },
  "8": {
    "loss_main": 1.070645809173584,
    "auc": 0.4363143418261528,
    "acc": 0.5331156716417911,
    "rmse": 0.5977041437244427
  },
  "9": {
    "loss_main": 1.049993634223938,
    "auc": 0.43911381706657293,
    "acc": 0.5331156716417911,
    "rmse": 0.595021843228778
  },
  "10": {
    "loss_main": 1.0331169366836548,
    "auc": 0.4417913669882173,
    "acc": 0.5331156716417911,
    "rmse": 0.5923263900253646
  },
  "11": {
    "loss_main": 1.018611192703247,
    "auc": 0.44447066494310583,
    "acc": 0.5331156716417911,
    "rmse": 0.5896025158038483
  },
  "12": {
    "loss_main": 0.9968878626823425,
    "auc": 0.44720983303660466,
    "acc": 0.5331156716417911,
    "rmse": 0.5868507643094123
  },
  "13": {
    "loss_main": 0.9874445796012878,
    "auc": 0.44998702085316256,
    "acc": 0.5331156716417911,
    "rmse": 0.5841147235853752
  },
  "14": {
    "loss_main": 0.9704781770706177,
    "auc": 0.4530369018557995,
    "acc": 0.5331156716417911,
    "rmse": 0.5813370219071342
  },
  "15": {
    "loss_main": 0.9502862095832825,
    "auc": 0.4562458538836492,
    "acc": 0.5331156716417911,
    "rmse": 0.5785543033463875
  },
  "16": {
    "loss_main": 0.9426829814910889,
    "auc": 0.45966019981768014,
    "acc": 0.5331156716417911,
    "rmse": 0.5757801599375785
  },
  "17": {
    "loss_main": 0.9313410520553589,
    "auc": 0.46325459317585305,
    "acc": 0.5331156716417911,
    "rmse": 0.5730034300100645
  },
  "18": {
    "loss_main": 0.9129698872566223,
    "auc": 0.4671684396093844,
    "acc": 0.5331156716417911,
    "rmse": 0.5702178040362444
  },
  "19": {
    "loss_main": 0.90697181224823,
    "auc": 0.47114477823139245,
    "acc": 0.5331156716417911,
    "rmse": 0.567440693146828
  },
  "20": {
    "loss_main": 0.8924465179443359,
    "auc": 0.4752255618397351,
    "acc": 0.5331156716417911,
    "rmse": 0.5646397899069737
  },
  "21": {
    "loss_main": 0.8736679553985596,
    "auc": 0.4792512824008887,
    "acc": 0.5331156716417911,
    "rmse": 0.5618694002595926
  },
  "22": {
    "loss_main": 0.8626478910446167,
    "auc": 0.48319309736632576,
    "acc": 0.5331156716417911,
    "rmse": 0.5591371200939903
  },
  "23": {
    "loss_main": 0.8597280383110046,
    "auc": 0.48715894778886903,
    "acc": 0.5331156716417911,
    "rmse": 0.556441341665821
  },
  "24": {
    "loss_main": 0.8438294529914856,
    "auc": 0.4911287312862116,
    "acc": 0.5331156716417911,
    "rmse": 0.5537253887571447
  },
  "25": {
    "loss_main": 0.8335888385772705,
    "auc": 0.49514308963127857,
    "acc": 0.5331156716417911,
    "rmse": 0.551041751157277
  },
  "26": {
    "loss_main": 0.8255400657653809,
    "auc": 0.49918410548331804,
    "acc": 0.5331156716417911,
    "rmse": 0.5483834036206438
  },
  "27": {
    "loss_main": 0.8132555484771729,
    "auc": 0.5032181292023812,
    "acc": 0.5331156716417911,
    "rmse": 0.5457525177695282
  },
  "28": {
    "loss_main": 0.8118680119514465,
    "auc": 0.5073701451654208,
    "acc": 0.5331156716417911,
    "rmse": 0.543145432301899
  },
  "29": {
    "loss_main": 0.7995054125785828,
    "auc": 0.5115304642863698,
    "acc": 0.5331156716417911,
    "rmse": 0.5405281983517831
  },
  "30": {
    "loss_main": 0.7896182537078857,
    "auc": 0.5157703189199252,
    "acc": 0.5331156716417911,
    "rmse": 0.5379686452758581
  },
  "31": {
    "loss_main": 0.7795650959014893,
    "auc": 0.5201036933320398,
    "acc": 0.5331156716417911,
    "rmse": 0.5354456710628328
  },
  "32": {
    "loss_main": 0.772468090057373,
    "auc": 0.5244947528412096,
    "acc": 0.5331156716417911,
    "rmse": 0.532939300662909
  },
  "33": {
    "loss_main": 0.7683562636375427,
    "auc": 0.5289898203284031,
    "acc": 0.5331156716417911,
    "rmse": 0.5305006408094298
  },
  "34": {
    "loss_main": 0.7585675716400146,
    "auc": 0.5337663211678959,
    "acc": 0.5331156716417911,
    "rmse": 0.5280655618660781
  },
  "35": {
    "loss_main": 0.7526899576187134,
    "auc": 0.5387578300964128,
    "acc": 0.5331156716417911,
    "rmse": 0.5256663453377899
  },
  "36": {
    "loss_main": 0.7483507394790649,
    "auc": 0.5436776696619217,
    "acc": 0.5340485074626866,
    "rmse": 0.5232933756988745
  },
  "37": {
    "loss_main": 0.7403361201286316,
    "auc": 0.5490262143805451,
    "acc": 0.5373134328358209,
    "rmse": 0.5209380298925312
  },
  "38": {
    "loss_main": 0.7341912388801575,
    "auc": 0.5543564047501055,
    "acc": 0.5405783582089553,
    "rmse": 0.5186215804753416
  },
  "39": {
    "loss_main": 0.7284108996391296,
    "auc": 0.5600287726271977,
    "acc": 0.5452425373134329,
    "rmse": 0.5163425019545866
  },
  "40": {
    "loss_main": 0.724090039730072,
    "auc": 0.565934502942377,
    "acc": 0.5503731343283582,
    "rmse": 0.5140809145704754
  },
  "41": {
    "loss_main": 0.7153871059417725,
    "auc": 0.5721915879396193,
    "acc": 0.5536380597014925,
    "rmse": 0.5118623779473356
  },
  "42": {
    "loss_main": 0.7114956378936768,
    "auc": 0.5785518068982636,
    "acc": 0.5555037313432836,
    "rmse": 0.5096816655146065
  },
  "43": {
    "loss_main": 0.7040755152702332,
    "auc": 0.5851305300124198,
    "acc": 0.5573694029850746,
    "rmse": 0.5075422888551739
  },
  "44": {
    "loss_main": 0.7001015543937683,
    "auc": 0.5920614818252613,
    "acc": 0.558768656716418,
    "rmse": 0.5054601618466134
  },
  "45": {
    "loss_main": 0.6945217251777649,
    "auc": 0.599266874857426,
    "acc": 0.5583022388059702,
    "rmse": 0.5033953242569397
  },
  "46": {
    "loss_main": 0.6901477575302124,
    "auc": 0.606987063679977,
    "acc": 0.558768656716418,
    "rmse": 0.5013869539888666
  },
  "47": {
    "loss_main": 0.6845239996910095,
    "auc": 0.6151381426971978,
    "acc": 0.5592350746268657,
    "rmse": 0.49937957775896685
  },
  "48": {
    "loss_main": 0.6780092716217041,
    "auc": 0.623533946368592,
    "acc": 0.5597014925373134,
    "rmse": 0.497428974492183
  },
  "49": {
    "loss_main": 0.6752981543540955,
    "auc": 0.6324244434480655,
    "acc": 0.5615671641791045,
    "rmse": 0.49552610165859573
  },
  "50": {
    "loss_main": 0.6703513860702515,
    "auc": 0.6414005941564996,
    "acc": 0.5638992537313433,
    "rmse": 0.49364570288714443
  },
  "51": {
    "loss_main": 0.6667195558547974,
    "auc": 0.6504597764440284,
    "acc": 0.5685634328358209,
    "rmse": 0.4917892025204403
  },
  "52": {
    "loss_main": 0.6628605723381042,
    "auc": 0.6595853839948328,
    "acc": 0.5755597014925373,
    "rmse": 0.48995486494362983
  },
  "53": {
    "loss_main": 0.6581403017044067,
    "auc": 0.6685864441769953,
    "acc": 0.5830223880597015,
    "rmse": 0.4881515483254929
  },
  "54": {
    "loss_main": 0.6562648415565491,
    "auc": 0.6773707482368899,
    "acc": 0.5872201492537313,
    "rmse": 0.48639500782366996
  },
  "55": {
    "loss_main": 0.6507465839385986,
    "auc": 0.6858998394431465,
    "acc": 0.597481343283582,
    "rmse": 0.48466243214224414
  },