{
  "1": {
    "loss_main": 2.0537734031677246,
    "auc": 0.5589432660004059,
    "acc": 0.6435983518998932,
    "rmse": 0.48317687226187
  },
  "2": {
    "loss_main": 2.1220905780792236,
    "auc": 0.5800142489805868,
    "acc": 0.6303601403937128,
    "rmse": 0.48384009328139255
  },
  "3": {
    "loss_main": 1.9789416790008545,
    "auc": 0.5784193568667741,
    "acc": 0.6278803601403937,
    "rmse": 0.4863583046001862
  },
  "4": {
    "loss_main": 1.983466386795044,
    "auc": 0.5737934138483547,
    "acc": 0.628567068518236,
    "rmse": 0.48790346408195956
  },
  "5": {
    "loss_main": 2.0276546478271484,
    "auc": 0.5822818267748681,
    "acc": 0.6324965664581108,
    "rmse": 0.48844247826439
  },
  "6": {
    "loss_main": 1.973901391029358,
    "auc": 0.5776211607410051,
    "acc": 0.6302456889974057,
    "rmse": 0.48894472440784964
  },
  "7": {
    "loss_main": 1.987451434135437,
    "auc": 0.582679098161428,
    "acc": 0.6320769113383183,
    "rmse": 0.4892424621001347
  },
  "8": {
    "loss_main": 1.9664908647537231,
    "auc": 0.5813378036834033,
    "acc": 0.6349000457805585,
    "rmse": 0.4891071354055208
  },
  "9": {
    "loss_main": 1.9732025861740112,
    "auc": 0.580613020547548,
    "acc": 0.6302075385319701,
    "rmse": 0.4899292410392739
  },
  "10": {
    "loss_main": 1.9649100303649902,
    "auc": 0.5805163327915098,
    "acc": 0.6340988860064093,
    "rmse": 0.49034096216434364
  },
  "11": {
    "loss_main": 1.9678903818130493,
    "auc": 0.5830151128465348,
    "acc": 0.6320006104074469,
    "rmse": 0.49065432855696217
  },
  "12": {
    "loss_main": 1.9662340879440308,
    "auc": 0.5808801743848031,
    "acc": 0.6310849992369907,
    "rmse": 0.49034552055118485
  },
  "13": {
    "loss_main": 1.9606510400772095,
    "auc": 0.5820912963515804,
    "acc": 0.6330306729742103,
    "rmse": 0.49117905378670157
  },
  "14": {
    "loss_main": 2.0119588375091553,
    "auc": 0.5791410685999596,
    "acc": 0.6334884785594385,
    "rmse": 0.4908481722058323
  },
  "15": {
    "loss_main": 1.955833911895752,
    "auc": 0.5834543622249493,
    "acc": 0.6347092934533801,
    "rmse": 0.49088479774766625
  },
  "16": {
    "loss_main": 1.9616786241531372,
    "auc": 0.5837870306976739,
    "acc": 0.6331069739050816,
    "rmse": 0.49092258916364795
  },
  "17": {
    "loss_main": 1.9686038494110107,
    "auc": 0.5834453581655441,
    "acc": 0.6342896383335876,
    "rmse": 0.49088158003086046
  },
  "18": {
    "loss_main": 2.0050084590911865,
    "auc": 0.5809532737683389,
    "acc": 0.637227224172135,
    "rmse": 0.49085409197710883
  },
  "19": {
    "loss_main": 1.969363808631897,
    "auc": 0.5854240980197232,
    "acc": 0.6363497634671142,
    "rmse": 0.49034992695151763
  },
  "20": {
    "loss_main": 2.0077521800994873,
    "auc": 0.5813893418201986,
    "acc": 0.6331451243705173,
    "rmse": 0.491758628976047
  },
  "21": {
    "loss_main": 1.941564679145813,
    "auc": 0.586548047112627,
    "acc": 0.6369601709140852,
    "rmse": 0.4909420301202874
  },
  "22": {
    "loss_main": 1.950167179107666,
    "auc": 0.5859589197500483,
    "acc": 0.6347474439188158,
    "rmse": 0.49121022461371144
  },
  "23": {
    "loss_main": 1.9408814907073975,
    "auc": 0.5866804665974064,
    "acc": 0.6335266290248741,
    "rmse": 0.49142372573320164
  },
  "24": {
    "loss_main": 1.9570626020431519,
    "auc": 0.5851404006377732,
    "acc": 0.6335266290248741,
    "rmse": 0.49197486038256427
  },
  "25": {
    "loss_main": 1.9197102785110474,
    "auc": 0.5858425329872041,
    "acc": 0.6313139020296048,
    "rmse": 0.49256841361072146
  },
  "26": {
    "loss_main": 1.9401681423187256,
    "auc": 0.5880882553266997,
    "acc": 0.6283000152601862,
    "rmse": 0.4926775959688457
  },
  "27": {
    "loss_main": 1.9323654174804688,
    "auc": 0.5871631941054003,
    "acc": 0.6256676331451244,
    "rmse": 0.49329061867218393
  },
  "28": {
    "loss_main": 1.9263874292373657,
    "auc": 0.5855631032384372,
    "acc": 0.6266976957118877,
    "rmse": 0.49377094357170376
  },
  "29": {
    "loss_main": 1.9319206476211548,
    "auc": 0.5838807860724265,
    "acc": 0.6267358461773234,
    "rmse": 0.49416316587881726
  },
  "30": {
    "loss_main": 1.9252381324768066,
    "auc": 0.5873700320603357,
    "acc": 0.6198306119334656,
    "rmse": 0.4938846120948952
  },
  "31": {
    "loss_main": 2.1258699893951416,
    "auc": 0.585533197475602,
    "acc": 0.6218144361361209,
    "rmse": 0.4947401187212602
  },
  "32": {
    "loss_main": 1.9140417575836182,
    "auc": 0.5866812425307124,
    "acc": 0.6205554707767434,
    "rmse": 0.49462468860029324
  },
  "33": {
    "loss_main": 1.9401929378509521,
    "auc": 0.588517724712403,
    "acc": 0.6177323363345033,
    "rmse": 0.49481196278220935
  },
  "34": {
    "loss_main": 1.9429612159729004,
    "auc": 0.587875193740039,
    "acc": 0.6191820540210591,
    "rmse": 0.49517155335631263
  },
  "35": {
    "loss_main": 2.119541645050049,
    "auc": 0.5882889019804645,
    "acc": 0.6186097970395239,
    "rmse": 0.4951601480057928
  },
  "36": {
    "loss_main": 1.9659337997436523,
    "auc": 0.5891054877255854,
    "acc": 0.6165115214405615,
    "rmse": 0.4951630068914129
  },
  "37": {
    "loss_main": 1.925682544708252,
    "auc": 0.5875781373730042,
    "acc": 0.6205173203113078,
    "rmse": 0.49569618635078494
  },
  "38": {
    "loss_main": 1.9255949258804321,
    "auc": 0.5891142299074996,
    "acc": 0.6162444681825118,
    "rmse": 0.4957920268294411
  },
  "39": {
    "loss_main": 1.9358378648757935,
    "auc": 0.5892347032524221,
    "acc": 0.6160918663207691,
    "rmse": 0.495827580934169
  },
  "40": {
    "loss_main": 1.9470354318618774,
    "auc": 0.5893201302763571,
    "acc": 0.6184190447123455,
    "rmse": 0.4958971790539646
  },
  "41": {
    "loss_main": 1.9391919374465942,
    "auc": 0.5893646559158996,
    "acc": 0.6152144056157485,
    "rmse": 0.49603796818024787
  },
  "42": {
    "loss_main": 1.952794075012207,
    "auc": 0.5891836468408875,
    "acc": 0.6152907065466199,
    "rmse": 0.49631727994877967
  },
  "43": {
    "loss_main": 1.922888994216919,
    "auc": 0.5883125356157428,
    "acc": 0.6188768502975737,
    "rmse": 0.49645803998468113
  },
  "44": {
    "loss_main": 1.934302568435669,
    "auc": 0.5893048120596744,
    "acc": 0.6162444681825118,
    "rmse": 0.49669396143303707
  },
  "45": {
    "loss_main": 1.9454350471496582,
    "auc": 0.5889874100747452,
    "acc": 0.615748512131848,
    "rmse": 0.49642298129003093
  },
  "46": {
    "loss_main": 1.9111918210983276,
    "auc": 0.5874780193451424,
    "acc": 0.6185716465740883,
    "rmse": 0.4972362278881385
  },
  "47": {
    "loss_main": 1.9011224508285522,
    "auc": 0.589320489145511,
    "acc": 0.6146421486342133,
    "rmse": 0.49725850857589154
  },
  "48": {
    "loss_main": 1.9122276306152344,
    "auc": 0.5898572830396556,
    "acc": 0.6135739356020143,
    "rmse": 0.49713201833062687
  },
  "49": {
    "loss_main": 1.928826093673706,
    "auc": 0.5897995600678002,
    "acc": 0.6113230581413093,
    "rmse": 0.49731833335175474
  },
  "50": {
    "loss_main": 1.8970041275024414,
    "auc": 0.5879981565376515,
    "acc": 0.6153288570120555,
    "rmse": 0.49744703784900013
  },
  "51": {
    "loss_main": 1.9189263582229614,
    "auc": 0.5888975472987443,
    "acc": 0.6121623683808942,
    "rmse": 0.49759758524155473
  },
  "52": {
    "loss_main": 1.9072203636169434,
    "auc": 0.5889711122422638,
    "acc": 0.6141461925835495,
    "rmse": 0.4976993470267576
  },
  "53": {
    "loss_main": 1.9099894762039185,
    "auc": 0.5894288223672501,
    "acc": 0.6131924309476575,
    "rmse": 0.49745738728772493
  },
  "54": {
    "loss_main": 1.9076184034347534,
    "auc": 0.5884990990800036,
    "acc": 0.61361208606745,
    "rmse": 0.4980284145150279
  },
  "55": {
    "loss_main": 1.9057536125183105,
    "auc": 0.5887249150703817,
    "acc": 0.6092629330077827,
    "rmse": 0.49831027377349113
  },