{
  "auc": 0.7528240537981066,
  "acc": 0.7253623480964109,
  "rmse": 0.4355011133350546,
  "doa_all": 0.7906846500205157
}