{
  "1": {
    "loss_main": 0.6940215229988098,
    "auc": 0.7245660665155254,
    "acc": 0.6681537405628003,
    "rmse": 0.4540376679783876
  },
  "2": {
    "loss_main": 0.5368399024009705,
    "auc": 0.746769058668217,
    "acc": 0.7249788041503492,
    "rmse": 0.4335641764959922
  },
  "3": {
    "loss_main": 0.4836897552013397,
    "auc": 0.7526651494398213,
    "acc": 0.720335903750656,
    "rmse": 0.43330724374776314
  },
  "4": {
    "loss_main": 0.45980262756347656,
    "auc": 0.7538523982974263,
    "acc": 0.7254229076668416,
    "rmse": 0.4338434548522961
  },
  "5": {
    "loss_main": 0.44461002945899963,
    "auc": 0.7537984806262092,
    "acc": 0.7187209818725019,
    "rmse": 0.43709516527739467
  },
  "6": {
    "loss_main": 0.4343585669994354,
    "auc": 0.7534238760703317,
    "acc": 0.7224353021922565,
    "rmse": 0.43765894522989535
  },
  "7": {
    "loss_main": 0.4258401393890381,
    "auc": 0.752830976141474,
    "acc": 0.7250999232912108,
    "rmse": 0.4388627897958136
  },
  "8": {
    "loss_main": 0.4193422794342041,
    "auc": 0.7526854694902212,
    "acc": 0.722818846138318,
    "rmse": 0.43885487843505644
  },
  "9": {
    "loss_main": 0.41418108344078064,
    "auc": 0.7519993613217109,
    "acc": 0.7176510961282248,
    "rmse": 0.44065572009302617
  },
  "10": {
    "loss_main": 0.40992262959480286,
    "auc": 0.7517107961748632,
    "acc": 0.722273810004441,
    "rmse": 0.4404458764055013
  },
  "11": {
    "loss_main": 0.40589532256126404,
    "auc": 0.7514934497758365,
    "acc": 0.7193871371472405,
    "rmse": 0.44225270629624064
  },
  "12": {
    "loss_main": 0.40207546949386597,
    "auc": 0.75131960652934,
    "acc": 0.7150672211231782,
    "rmse": 0.4434343518285853
  },
  "13": {
    "loss_main": 0.39862024784088135,
    "auc": 0.751117378297993,
    "acc": 0.7280471557188422,
    "rmse": 0.44048944985532346
  },
  "14": {
    "loss_main": 0.395433634519577,
    "auc": 0.7505185569150409,
    "acc": 0.7254834672372724,
    "rmse": 0.44333046974366336
  }
}