{
  "auc": 0.783002927364205,
  "acc": 0.7391788420970389,
  "rmse": 0.4328327201774777
}