{
  "1": {
    "loss_main": 1.22726571559906,
    "auc": 0.3940796853772149,
    "acc": 0.5443097014925373,
    "rmse": 0.6107037070082357
  },
  "2": {
    "loss_main": 1.2053015232086182,
    "auc": 0.39776382066010096,
    "acc": 0.5443097014925373,
    "rmse": 0.6083336760463358
  },
  "3": {
    "loss_main": 1.1774659156799316,
    "auc": 0.4015637292693387,
    "acc": 0.5443097014925373,
    "rmse": 0.6059193318925327
  },
  "4": {
    "loss_main": 1.1572035551071167,
    "auc": 0.4051869081417592,
    "acc": 0.5443097014925373,
    "rmse": 0.6034684888092355
  },
  "5": {
    "loss_main": 1.1324467658996582,
    "auc": 0.4088289440332445,
    "acc": 0.5443097014925373,
    "rmse": 0.6009691210048328
  },
  "6": {
    "loss_main": 1.116870641708374,
    "auc": 0.4122617985737077,
    "acc": 0.5443097014925373,
    "rmse": 0.5984463673624385
  },
  "7": {
    "loss_main": 1.0960726737976074,
    "auc": 0.4156047533721174,
    "acc": 0.5443097014925373,
    "rmse": 0.5958869025240195
  },
  "8": {
    "loss_main": 1.0710718631744385,
    "auc": 0.4186438031888535,
    "acc": 0.5443097014925373,
    "rmse": 0.5932983889451328
  },
  "9": {
    "loss_main": 1.0572429895401,
    "auc": 0.42160874053531133,
    "acc": 0.5443097014925373,
    "rmse": 0.5906879119064352
  },
  "10": {
    "loss_main": 1.0388776063919067,
    "auc": 0.42442852268850223,
    "acc": 0.5443097014925373,
    "rmse": 0.5880629581559502
  },
  "11": {
    "loss_main": 1.017514705657959,
    "auc": 0.42711060474898677,
    "acc": 0.5443097014925373,
    "rmse": 0.5854222129975356
  },
  "12": {
    "loss_main": 1.005619764328003,
    "auc": 0.42975497277134156,
    "acc": 0.5443097014925373,
    "rmse": 0.5827549269315327
  },
  "13": {
    "loss_main": 0.9861584901809692,
    "auc": 0.4324616128101431,
    "acc": 0.5443097014925373,
    "rmse": 0.5800735011060976
  },
  "14": {
    "loss_main": 0.971699059009552,
    "auc": 0.43536822495809796,
    "acc": 0.5443097014925373,
    "rmse": 0.5773814032926938
  },
  "15": {
    "loss_main": 0.9583460688591003,
    "auc": 0.4384704238619351,
    "acc": 0.5443097014925373,
    "rmse": 0.5746808949558195
  },
  "16": {
    "loss_main": 0.943556547164917,
    "auc": 0.4419120491089401,
    "acc": 0.5443097014925373,
    "rmse": 0.5719684180580905
  },
  "17": {
    "loss_main": 0.9354952573776245,
    "auc": 0.4455711878781819,
    "acc": 0.5443097014925373,
    "rmse": 0.5692696115585949
  },
  "18": {
    "loss_main": 0.9166627526283264,
    "auc": 0.44934478436779424,
    "acc": 0.5443097014925373,
    "rmse": 0.5665475077257727
  },
  "19": {
    "loss_main": 0.9017446041107178,
    "auc": 0.45327976185777596,
    "acc": 0.5443097014925373,
    "rmse": 0.5638336425359053
  },
  "20": {
    "loss_main": 0.8957642316818237,
    "auc": 0.4573454228752305,
    "acc": 0.5443097014925373,
    "rmse": 0.5611538939826198
  },
  "21": {
    "loss_main": 0.8785936236381531,
    "auc": 0.4614843192923092,
    "acc": 0.5443097014925373,
    "rmse": 0.5584516010948316
  },
  "22": {
    "loss_main": 0.8703249096870422,
    "auc": 0.4656219001034066,
    "acc": 0.5443097014925373,
    "rmse": 0.55577456376175
  },
  "23": {
    "loss_main": 0.8583042621612549,
    "auc": 0.46982569974889465,
    "acc": 0.5443097014925373,
    "rmse": 0.5531061761961271
  },
  "24": {
    "loss_main": 0.8493991494178772,
    "auc": 0.4739795063670944,
    "acc": 0.5443097014925373,
    "rmse": 0.5504628065764539
  },
  "25": {
    "loss_main": 0.8384964466094971,
    "auc": 0.47823505318117915,
    "acc": 0.5443097014925373,
    "rmse": 0.5478352698965093
  },
  "26": {
    "loss_main": 0.8333580493927002,
    "auc": 0.4825313837806833,
    "acc": 0.5443097014925373,
    "rmse": 0.5452313655185903
  },
  "27": {
    "loss_main": 0.8166873455047607,
    "auc": 0.4870066367936402,
    "acc": 0.5443097014925373,
    "rmse": 0.5426115054579393
  },
  "28": {
    "loss_main": 0.8077959418296814,
    "auc": 0.4916410781303309,
    "acc": 0.5443097014925373,
    "rmse": 0.5400392832419304
  },
  "29": {
    "loss_main": 0.7995802164077759,
    "auc": 0.49637857526888784,
    "acc": 0.5443097014925373,
    "rmse": 0.5374997471653543
  },
  "30": {
    "loss_main": 0.7936928272247314,
    "auc": 0.5013827018863158,
    "acc": 0.5443097014925373,
    "rmse": 0.5350115503864715
  },
  "31": {
    "loss_main": 0.7846865057945251,
    "auc": 0.5063920909276689,
    "acc": 0.5443097014925373,
    "rmse": 0.5325309512944131
  },
  "32": {
    "loss_main": 0.773945689201355,
    "auc": 0.5116847737903223,
    "acc": 0.5443097014925373,
    "rmse": 0.5300718876381053
  },
  "33": {
    "loss_main": 0.7715317010879517,
    "auc": 0.5169480747860605,
    "acc": 0.5443097014925373,
    "rmse": 0.5276621387210704
  },
  "34": {
    "loss_main": 0.7619302868843079,
    "auc": 0.5225911473750591,
    "acc": 0.5443097014925373,
    "rmse": 0.5252541573989523
  },
  "35": {
    "loss_main": 0.753466010093689,
    "auc": 0.5284341920732109,
    "acc": 0.5443097014925373,
    "rmse": 0.5228777497338044
  },
  "36": {
    "loss_main": 0.7488922476768494,
    "auc": 0.5344153753993961,
    "acc": 0.5447761194029851,
    "rmse": 0.5205606859560038
  },
  "37": {
    "loss_main": 0.739936888217926,
    "auc": 0.5408122902156629,
    "acc": 0.5447761194029851,
    "rmse": 0.5182584501903419
  },
  "38": {
    "loss_main": 0.7339664101600647,
    "auc": 0.547132461349689,
    "acc": 0.5485074626865671,
    "rmse": 0.5160000044301498
  },
  "39": {
    "loss_main": 0.7277389764785767,
    "auc": 0.55361313641343,
    "acc": 0.5499067164179104,
    "rmse": 0.513786883225217
  },
  "40": {
    "loss_main": 0.7226600050926208,
    "auc": 0.5603323746951083,
    "acc": 0.5531716417910447,
    "rmse": 0.5116125680963447
  },
  "41": {
    "loss_main": 0.7169783115386963,
    "auc": 0.5674677830021952,
    "acc": 0.5573694029850746,
    "rmse": 0.5094377771553948
  },
  "42": {
    "loss_main": 0.7112017869949341,
    "auc": 0.574660200901804,
    "acc": 0.5597014925373134,
    "rmse": 0.5073137328135376
  },
  "43": {
    "loss_main": 0.7031155824661255,
    "auc": 0.5820688167176683,
    "acc": 0.5611007462686567,
    "rmse": 0.50522205163742
  },
  "44": {
    "loss_main": 0.7018508911132812,
    "auc": 0.5895809268707259,
    "acc": 0.5615671641791045,
    "rmse": 0.5031813501113227
  },
  "45": {
    "loss_main": 0.695365309715271,
    "auc": 0.5971860065131267,
    "acc": 0.5620335820895522,
    "rmse": 0.5011466706048979
  },
  "46": {
    "loss_main": 0.6911013126373291,
    "auc": 0.6051669109308438,
    "acc": 0.5615671641791045,
    "rmse": 0.49915298601847174
  },
  "47": {
    "loss_main": 0.6839979290962219,
    "auc": 0.6132486784737918,
    "acc": 0.5634328358208955,
    "rmse": 0.49718826183594
  },
  "48": {
    "loss_main": 0.6809781193733215,
    "auc": 0.6212089717311358,
    "acc": 0.5657649253731343,
    "rmse": 0.49528368195174904
  },
  "49": {
    "loss_main": 0.6732287406921387,
    "auc": 0.6296314812232329,
    "acc": 0.5685634328358209,
    "rmse": 0.4934082182252364
  },
  "50": {
    "loss_main": 0.67308509349823,
    "auc": 0.6378829619377648,
    "acc": 0.5690298507462687,
    "rmse": 0.49158236223993496
  },
  "51": {
    "loss_main": 0.6675297617912292,
    "auc": 0.6465076362156505,
    "acc": 0.5736940298507462,
    "rmse": 0.48975474995563145
  },
  "52": {
    "loss_main": 0.6648943424224854,
    "auc": 0.6551875659447498,
    "acc": 0.5797574626865671,
    "rmse": 0.4879487851297504
  },
  "53": {
    "loss_main": 0.659317672252655,
    "auc": 0.6637363736110491,
    "acc": 0.5890858208955224,
    "rmse": 0.4861727700032893
  },
  "54": {
    "loss_main": 0.6568957567214966,
    "auc": 0.6725219903539769,
    "acc": 0.5988805970149254,
    "rmse": 0.48441943610851235
  },
  "55": {
    "loss_main": 0.6511585712432861,
    "auc": 0.680910294090561,
    "acc": 0.6147388059701493,
    "rmse": 0.48270861795104486
  },