{
  "1": {
    "loss_main": 0.7088289856910706,
    "auc": 0.7208579804530091,
    "acc": 0.6781662562073559,
    "rmse": 0.4547996323738776
  },
  "2": {
    "loss_main": 0.535349428653717,
    "auc": 0.7443237275761292,
    "acc": 0.7199523598045945,
    "rmse": 0.4357153904368178
  },
  "3": {
    "loss_main": 0.4815649688243866,
    "auc": 0.7502189884827491,
    "acc": 0.7159352416326861,
    "rmse": 0.4360106697340916
  },
  "4": {
    "loss_main": 0.45736783742904663,
    "auc": 0.7515106458071071,
    "acc": 0.7106463724817312,
    "rmse": 0.43889392453871356
  },
  "5": {
    "loss_main": 0.4425320625305176,
    "auc": 0.7512698239238198,
    "acc": 0.7157333763979168,
    "rmse": 0.43991549433567456
  },
  "6": {
    "loss_main": 0.4317319691181183,
    "auc": 0.7508693317938319,
    "acc": 0.7230812709435182,
    "rmse": 0.44051546331515046
  },
  "7": {
    "loss_main": 0.42359909415245056,
    "auc": 0.7501039943194779,
    "acc": 0.7093948080261617,
    "rmse": 0.44322227677377907
  },
  "8": {
    "loss_main": 0.4171192944049835,
    "auc": 0.7497196266977765,
    "acc": 0.7077193265775769,
    "rmse": 0.44485009596558744
  },
  "9": {
    "loss_main": 0.4116203784942627,
    "auc": 0.7494336592146877,
    "acc": 0.7248778715329646,
    "rmse": 0.4452262594136344
  },
  "10": {
    "loss_main": 0.40756890177726746,
    "auc": 0.7488344407232664,
    "acc": 0.7058419798942226,
    "rmse": 0.4474970456244268
  },
  "11": {
    "loss_main": 0.4028785228729248,
    "auc": 0.7483951352398515,
    "acc": 0.710706932052162,
    "rmse": 0.4452040021462847
  },
  "12": {
    "loss_main": 0.40005582571029663,
    "auc": 0.7481571046669657,
    "acc": 0.7103233881061004,
    "rmse": 0.4467952203561554
  },
  "13": {
    "loss_main": 0.3964230716228485,
    "auc": 0.7477543067491883,
    "acc": 0.720921312931487,
    "rmse": 0.44682445173544194
  },
  "14": {
    "loss_main": 0.3928860127925873,
    "auc": 0.7472919309385808,
    "acc": 0.7179135209334249,
    "rmse": 0.4504197527291262
  }
}