{
  "auc": [
    0.9149137195092709,
    0.8950409548141969,
    0.8985969885257554,
    0.8915160982080137,
    0.89868311915556
  ],
  "acc": [
    0.8549440298507462,
    0.8297574626865671,
    0.8316231343283582,
    0.8246268656716418,
    0.832089552238806
  ],
  "rmse": [
    0.34505371477233227,
    0.3724598885067839,
    0.3637056435416986,
    0.36777704675719597,
    0.3633744520177341
  ],
  "doa_all": [
    0.9176797233837807,
    0.9215029414643144,
    0.9174827476635448,
    0.9120484169836611,
    0.920305639945737
  ]
}