{
  "auc": 0.8997501760425595,
  "acc": 0.8346082089552238,
  "rmse": 0.36247414911914894,
  "doa_all": 0.9178038938882077
}