{
  "1": {
    "loss_main": 0.6188389658927917,
    "auc": 0.72713033733888,
    "acc": 0.7181443613612086,
    "rmse": 0.4371884292418152
  },
  "2": {
    "loss_main": 0.5785251259803772,
    "auc": 0.7334618658233237,
    "acc": 0.7223790630245689,
    "rmse": 0.4333338087183227
  },
  "3": {
    "loss_main": 0.5743120908737183,
    "auc": 0.7376268236315946,
    "acc": 0.7244010376926598,
    "rmse": 0.4316194624049835
  },
  "4": {
    "loss_main": 0.5725558400154114,
    "auc": 0.7399180770908749,
    "acc": 0.7253547993285518,
    "rmse": 0.430575285949993
  },
  "5": {
    "loss_main": 0.5679060816764832,
    "auc": 0.744694185835393,
    "acc": 0.7290553944758126,
    "rmse": 0.42823041606557805
  },
  "6": {
    "loss_main": 0.5658619999885559,
    "auc": 0.7463161838860288,
    "acc": 0.7281397833053563,
    "rmse": 0.4290008259989827
  },
  "7": {
    "loss_main": 0.5610342621803284,
    "auc": 0.748306601536463,
    "acc": 0.73031435983519,
    "rmse": 0.4268481859411911
  },
  "8": {
    "loss_main": 0.5589305758476257,
    "auc": 0.7487045874282755,
    "acc": 0.72581260491378,
    "rmse": 0.42880453074369324
  },
  "9": {
    "loss_main": 0.5543825030326843,
    "auc": 0.7516956454370688,
    "acc": 0.7227605676789257,
    "rmse": 0.4285916486153872
  },
  "10": {
    "loss_main": 0.5502309203147888,
    "auc": 0.7534257665608399,
    "acc": 0.7335571493972226,
    "rmse": 0.4244131103167888
  },
  "11": {
    "loss_main": 0.5486190915107727,
    "auc": 0.7538016609848195,
    "acc": 0.7316496261254387,
    "rmse": 0.4248782039475516
  },
  "12": {
    "loss_main": 0.5475577116012573,
    "auc": 0.7539792947499505,
    "acc": 0.7310773691439035,
    "rmse": 0.4258988769159514
  },
  "13": {
    "loss_main": 0.5444770455360413,
    "auc": 0.7541920459632887,
    "acc": 0.7308484663512895,
    "rmse": 0.4254020612316115
  },
  "14": {
    "loss_main": 0.5418866276741028,
    "auc": 0.749305893710703,
    "acc": 0.726155959102701,
    "rmse": 0.4277061209208774
  },
  "15": {
    "loss_main": 0.5396643280982971,
    "auc": 0.7546382431778472,
    "acc": 0.7306195635586754,
    "rmse": 0.42573006348515074
  },
  "16": {
    "loss_main": 0.5364179015159607,
    "auc": 0.7554721160704148,
    "acc": 0.731497024263696,
    "rmse": 0.4261345578646691
  },
  "17": {
    "loss_main": 0.5327621102333069,
    "auc": 0.7543511995835153,
    "acc": 0.7311536700747749,
    "rmse": 0.4249926797853486
  },
  "18": {
    "loss_main": 0.5316202640533447,
    "auc": 0.7544166915875969,
    "acc": 0.7349687166183427,
    "rmse": 0.4243839504270016
  },
  "19": {
    "loss_main": 0.5280524492263794,
    "auc": 0.7538530633332865,
    "acc": 0.7337479017244011,
    "rmse": 0.4245867641573659
  },
  "20": {
    "loss_main": 0.5243620276451111,
    "auc": 0.7543671773435079,
    "acc": 0.7344346101022432,
    "rmse": 0.4249018766224844
  },
  "21": {
    "loss_main": 0.5242606401443481,
    "auc": 0.7537423214852433,
    "acc": 0.7280634823744849,
    "rmse": 0.42615230385993313
  },
  "22": {
    "loss_main": 0.5209694504737854,
    "auc": 0.7539270194765144,
    "acc": 0.7321074317106668,
    "rmse": 0.42511057747522785
  },
  "23": {
    "loss_main": 0.5177981853485107,
    "auc": 0.7532488537670725,
    "acc": 0.7343583091713719,
    "rmse": 0.42546846992856097
  },
  "24": {
    "loss_main": 0.5135667324066162,
    "auc": 0.7524145670434084,
    "acc": 0.7296276514573478,
    "rmse": 0.4263611091044192
  },
  "25": {
    "loss_main": 0.5122854709625244,
    "auc": 0.7515720877572551,
    "acc": 0.7280634823744849,
    "rmse": 0.4277401928092324
  },
  "26": {
    "loss_main": 0.5078310966491699,
    "auc": 0.7489737489929598,
    "acc": 0.7174195025179307,
    "rmse": 0.4312713044197791
  }
}