{
  "1": {
    "loss_main": 1.2224388122558594,
    "auc": 0.419789080532491,
    "acc": 0.5265858208955224,
    "rmse": 0.6208993379550967
  },
  "2": {
    "loss_main": 1.1961172819137573,
    "auc": 0.42348562527543016,
    "acc": 0.5265858208955224,
    "rmse": 0.6183933598137196
  },
  "3": {
    "loss_main": 1.172943115234375,
    "auc": 0.4270656712640769,
    "acc": 0.5265858208955224,
    "rmse": 0.6158364150787936
  },
  "4": {
    "loss_main": 1.1449607610702515,
    "auc": 0.43070811171663315,
    "acc": 0.5265858208955224,
    "rmse": 0.6132272830228115
  },
  "5": {
    "loss_main": 1.1219482421875,
    "auc": 0.4343466252448874,
    "acc": 0.5265858208955224,
    "rmse": 0.6105943852913358
  },
  "6": {
    "loss_main": 1.105607509613037,
    "auc": 0.43787082164346147,
    "acc": 0.5265858208955224,
    "rmse": 0.6079408936600446
  },
  "7": {
    "loss_main": 1.0849264860153198,
    "auc": 0.4412667385148372,
    "acc": 0.5265858208955224,
    "rmse": 0.6052455613794068
  },
  "8": {
    "loss_main": 1.0663024187088013,
    "auc": 0.4444702360954156,
    "acc": 0.5265858208955224,
    "rmse": 0.602524446529639
  },
  "9": {
    "loss_main": 1.0503016710281372,
    "auc": 0.44757294261890945,
    "acc": 0.5265858208955224,
    "rmse": 0.5997674093832345
  },
  "10": {
    "loss_main": 1.0414652824401855,
    "auc": 0.45048890207559766,
    "acc": 0.5265858208955224,
    "rmse": 0.5969818648694079
  },
  "11": {
    "loss_main": 1.014136791229248,
    "auc": 0.4532351311374554,
    "acc": 0.5265858208955224,
    "rmse": 0.5941444141033869
  },
  "12": {
    "loss_main": 1.004304051399231,
    "auc": 0.4559608529279584,
    "acc": 0.5265858208955224,
    "rmse": 0.5913035536660717
  },
  "13": {
    "loss_main": 0.9840786457061768,
    "auc": 0.45885499613852443,
    "acc": 0.5265858208955224,
    "rmse": 0.5884425971670909
  },
  "14": {
    "loss_main": 0.9712276458740234,
    "auc": 0.461910143245472,
    "acc": 0.5265858208955224,
    "rmse": 0.5855746099152433
  },
  "15": {
    "loss_main": 0.951635479927063,
    "auc": 0.46526766352367277,
    "acc": 0.5265858208955224,
    "rmse": 0.5826972888458588
  },
  "16": {
    "loss_main": 0.9375008344650269,
    "auc": 0.4688546907110787,
    "acc": 0.5265858208955224,
    "rmse": 0.5798351922273604
  },
  "17": {
    "loss_main": 0.9363890886306763,
    "auc": 0.472776815438921,
    "acc": 0.5265858208955224,
    "rmse": 0.5769864547286646
  },
  "18": {
    "loss_main": 0.9141495823860168,
    "auc": 0.4767748607032685,
    "acc": 0.5265858208955224,
    "rmse": 0.5740791202936374
  },
  "19": {
    "loss_main": 0.8995158076286316,
    "auc": 0.4807646157940895,
    "acc": 0.5265858208955224,
    "rmse": 0.5711795017138662
  },
  "20": {
    "loss_main": 0.8882787227630615,
    "auc": 0.48501311156391946,
    "acc": 0.5265858208955224,
    "rmse": 0.5683290663565523
  },
  "21": {
    "loss_main": 0.8734155297279358,
    "auc": 0.48913725473085296,
    "acc": 0.5265858208955224,
    "rmse": 0.5654739072701005
  },
  "22": {
    "loss_main": 0.8649958372116089,
    "auc": 0.4932225649796891,
    "acc": 0.5265858208955224,
    "rmse": 0.5626458402823811
  },
  "23": {
    "loss_main": 0.8532553911209106,
    "auc": 0.49733274574910447,
    "acc": 0.5265858208955224,
    "rmse": 0.5598138142917747
  },
  "24": {
    "loss_main": 0.8433988094329834,
    "auc": 0.5014551436163482,
    "acc": 0.5265858208955224,
    "rmse": 0.5570260570653232
  },
  "25": {
    "loss_main": 0.8350026607513428,
    "auc": 0.5055810320829716,
    "acc": 0.5265858208955224,
    "rmse": 0.5542585568023466
  },
  "26": {
    "loss_main": 0.8255009055137634,
    "auc": 0.5098657428213642,
    "acc": 0.5265858208955224,
    "rmse": 0.5515145094528694
  },
  "27": {
    "loss_main": 0.8181858658790588,
    "auc": 0.51406886079926,
    "acc": 0.5265858208955224,
    "rmse": 0.5487664347557627
  },
  "28": {
    "loss_main": 0.8055654168128967,
    "auc": 0.5185608258758132,
    "acc": 0.5265858208955224,
    "rmse": 0.5460330203537467
  },
  "29": {
    "loss_main": 0.7979491353034973,
    "auc": 0.52304450077884,
    "acc": 0.5265858208955224,
    "rmse": 0.5433438603964983
  },
  "30": {
    "loss_main": 0.7887978553771973,
    "auc": 0.5275067957606671,
    "acc": 0.5265858208955224,
    "rmse": 0.5406845677364299
  },
  "31": {
    "loss_main": 0.7783377170562744,
    "auc": 0.5321706728566629,
    "acc": 0.5265858208955224,
    "rmse": 0.5380617610533287
  },
  "32": {
    "loss_main": 0.7726422548294067,
    "auc": 0.5369650111044693,
    "acc": 0.5265858208955224,
    "rmse": 0.5354691586076854
  },
  "33": {
    "loss_main": 0.7701379656791687,
    "auc": 0.5418199985164952,
    "acc": 0.5265858208955224,
    "rmse": 0.5329350506750964
  },
  "34": {
    "loss_main": 0.7595788240432739,
    "auc": 0.5468573697461026,
    "acc": 0.5265858208955224,
    "rmse": 0.5303739168010855
  },
  "35": {
    "loss_main": 0.7520614862442017,
    "auc": 0.5519929140832596,
    "acc": 0.5270522388059702,
    "rmse": 0.5278654555501885
  },
  "36": {
    "loss_main": 0.7479228973388672,
    "auc": 0.5572384123008722,
    "acc": 0.5270522388059702,
    "rmse": 0.5253952196338652
  },
  "37": {
    "loss_main": 0.7391220331192017,
    "auc": 0.5627470144467182,
    "acc": 0.527518656716418,
    "rmse": 0.5229530654893971
  },
  "38": {
    "loss_main": 0.732582688331604,
    "auc": 0.5682957584854289,
    "acc": 0.5298507462686567,
    "rmse": 0.5205601707018913
  },
  "39": {
    "loss_main": 0.7266027927398682,
    "auc": 0.5740617923355165,
    "acc": 0.5321828358208955,
    "rmse": 0.5182046517048141
  },
  "40": {
    "loss_main": 0.7202973961830139,
    "auc": 0.5799482518641982,
    "acc": 0.5359141791044776,
    "rmse": 0.5158841897743524
  },
  "41": {
    "loss_main": 0.7133318781852722,
    "auc": 0.5858194400205945,
    "acc": 0.5401119402985075,
    "rmse": 0.51359998540804
  },
  "42": {
    "loss_main": 0.7089229822158813,
    "auc": 0.5920344522158761,
    "acc": 0.542910447761194,
    "rmse": 0.5113505137811633
  },
  "43": {
    "loss_main": 0.7018451690673828,
    "auc": 0.5982939695532469,
    "acc": 0.5438432835820896,
    "rmse": 0.5091398936920978
  },
  "44": {
    "loss_main": 0.6977884769439697,
    "auc": 0.6049165092260905,
    "acc": 0.5452425373134329,
    "rmse": 0.5069892666073692
  },
  "45": {
    "loss_main": 0.6937258243560791,
    "auc": 0.6117000527953156,
    "acc": 0.5443097014925373,
    "rmse": 0.5048609420791242
  },
  "46": {
    "loss_main": 0.6892018914222717,
    "auc": 0.6188928691417924,
    "acc": 0.5433768656716418,
    "rmse": 0.502754729124919
  },
  "47": {
    "loss_main": 0.6856367588043213,
    "auc": 0.6262645787064711,
    "acc": 0.5452425373134329,
    "rmse": 0.5006972755808274
  },
  "48": {
    "loss_main": 0.6793634295463562,
    "auc": 0.6339281896442643,
    "acc": 0.5457089552238806,
    "rmse": 0.4986502788157742
  },
  "49": {
    "loss_main": 0.6733921766281128,
    "auc": 0.6417475685793697,
    "acc": 0.5447761194029851,
    "rmse": 0.4966532488291637
  },
  "50": {
    "loss_main": 0.67037433385849,
    "auc": 0.649909462578593,
    "acc": 0.5466417910447762,
    "rmse": 0.49471680593527306
  },
  "51": {
    "loss_main": 0.6662185192108154,
    "auc": 0.6582685754427607,
    "acc": 0.550839552238806,
    "rmse": 0.49282021196580555
  },
  "52": {
    "loss_main": 0.6618145108222961,
    "auc": 0.6666451413038262,
    "acc": 0.5564365671641791,
    "rmse": 0.4909178995436314
  },
  "53": {
    "loss_main": 0.6603578329086304,
    "auc": 0.6748087806027392,
    "acc": 0.5643656716417911,
    "rmse": 0.48906036778676854
  },
  "54": {
    "loss_main": 0.656248927116394,
    "auc": 0.6828903908162332,
    "acc": 0.5760261194029851,
    "rmse": 0.48722314247870646
  },
  "55": {
    "loss_main": 0.6505404710769653,
    "auc": 0.6907983437105943,
    "acc": 0.5839552238805971,
    "rmse": 0.4853901070653884
  },