{
  "1": {
    "loss_main": 0.5866330862045288,
    "auc": 0.7635439986444668,
    "acc": 0.7226371674270258,
    "rmse": 0.42785926632896676
  },
  "2": {
    "loss_main": 0.49454987049102783,
    "auc": 0.7669834963837586,
    "acc": 0.7258266381363802,
    "rmse": 0.426788084584487
  },
  "3": {
    "loss_main": 0.465976744890213,
    "auc": 0.7656809110609724,
    "acc": 0.7208203803141023,
    "rmse": 0.43025745391595255
  },
  "4": {
    "loss_main": 0.4485475420951843,
    "auc": 0.7644518420090429,
    "acc": 0.7221526908635795,
    "rmse": 0.4313140427678322
  },
  "5": {
    "loss_main": 0.4361969530582428,
    "auc": 0.7618995942318497,
    "acc": 0.7200936654689329,
    "rmse": 0.43391834172127663
  },
  "6": {
    "loss_main": 0.42716851830482483,
    "auc": 0.7617058493039516,
    "acc": 0.7201744115628407,
    "rmse": 0.4379864440675306
  },
  "7": {
    "loss_main": 0.41977015137672424,
    "auc": 0.7609311763709166,
    "acc": 0.7208203803141023,
    "rmse": 0.4372714842321467
  },
  "8": {
    "loss_main": 0.41367223858833313,
    "auc": 0.7601779636681442,
    "acc": 0.7221123178166257,
    "rmse": 0.4434434752165893
  },
  "9": {
    "loss_main": 0.4091063439846039,
    "auc": 0.7588219667716016,
    "acc": 0.7236061205539182,
    "rmse": 0.4347952442756182
  },
  "10": {
    "loss_main": 0.4048178791999817,
    "auc": 0.758209048183853,
    "acc": 0.7209818725019177,
    "rmse": 0.44231382257302354
  },
  "11": {
    "loss_main": 0.4008943736553192,
    "auc": 0.7574492112045517,
    "acc": 0.7153296459283782,
    "rmse": 0.4448999870080789
  },
  "12": {
    "loss_main": 0.3974692225456238,
    "auc": 0.7565364023079735,
    "acc": 0.7146433041301627,
    "rmse": 0.44386051440524943
  }
}