{
  "auc": 0.723274693263887,
  "acc": 0.6750373450684323,
  "rmse": 0.4784206685420066,
  "doa_all": 0.7848318713944078
}