{
  "1": {
    "loss_main": 0.5707422494888306,
    "auc": 0.760622142770567,
    "acc": 0.722011385199241,
    "rmse": 0.42964475592506324
  },
  "2": {
    "loss_main": 0.515257716178894,
    "auc": 0.7652114545590175,
    "acc": 0.7220517582461948,
    "rmse": 0.42925354979329766
  },
  "3": {
    "loss_main": 0.5008202791213989,
    "auc": 0.7650685428455529,
    "acc": 0.7234446283661028,
    "rmse": 0.428401913851827
  },
  "4": {
    "loss_main": 0.49366796016693115,
    "auc": 0.7651988781005883,
    "acc": 0.7212846703540716,
    "rmse": 0.42952999349322213
  },
  "5": {
    "loss_main": 0.4888762831687927,
    "auc": 0.7641307674804253,
    "acc": 0.7248374984860108,
    "rmse": 0.42861873182584487
  },
  "6": {
    "loss_main": 0.48506128787994385,
    "auc": 0.7621813870791285,
    "acc": 0.7237474262182567,
    "rmse": 0.43094617119821116
  },
  "7": {
    "loss_main": 0.4830365478992462,
    "auc": 0.7642588387417422,
    "acc": 0.7118777504138237,
    "rmse": 0.43580693234566664
  },
  "8": {
    "loss_main": 0.48062604665756226,
    "auc": 0.7626977199246344,
    "acc": 0.7192256449594251,
    "rmse": 0.43169960205933705
  },
  "9": {
    "loss_main": 0.4787898361682892,
    "auc": 0.7605464670465167,
    "acc": 0.721183737736687,
    "rmse": 0.43474655863588246
  },
  "10": {
    "loss_main": 0.47739556431770325,
    "auc": 0.7618187514851122,
    "acc": 0.7238079857886874,
    "rmse": 0.4299643578284578
  },
  "11": {
    "loss_main": 0.47596627473831177,
    "auc": 0.7627231467260431,
    "acc": 0.7231620170374258,
    "rmse": 0.42961659279889125
  },
  "12": {
    "loss_main": 0.4752073287963867,
    "auc": 0.7618305498624324,
    "acc": 0.7200129193750252,
    "rmse": 0.43145943200220016
  }
}