{
  "1": {
    "loss_main": 0.5802480578422546,
    "auc": 0.7665800119691033,
    "acc": 0.7293189066978885,
    "rmse": 0.4253454340250569
  },
  "2": {
    "loss_main": 0.49739721417427063,
    "auc": 0.7703468159621184,
    "acc": 0.7249586176268723,
    "rmse": 0.42725538843126376
  },
  "3": {
    "loss_main": 0.47106021642684937,
    "auc": 0.7693902504886792,
    "acc": 0.7298437563082886,
    "rmse": 0.4260955665306255
  },
  "4": {
    "loss_main": 0.4554484486579895,
    "auc": 0.7686530450410947,
    "acc": 0.7300658080665348,
    "rmse": 0.42708899525246585
  },
  "5": {
    "loss_main": 0.444442480802536,
    "auc": 0.768001829509594,
    "acc": 0.7324478178368121,
    "rmse": 0.4274256563237275
  },
  "6": {
    "loss_main": 0.43623629212379456,
    "auc": 0.7667315374903219,
    "acc": 0.730287859824781,
    "rmse": 0.4313268254444822
  },
  "7": {
    "loss_main": 0.4296036958694458,
    "auc": 0.7662971651630771,
    "acc": 0.7285518188057652,
    "rmse": 0.43241808854317326
  },
  "8": {
    "loss_main": 0.42400994896888733,
    "auc": 0.766217566437682,
    "acc": 0.7276434252493036,
    "rmse": 0.43541034560049063
  },
  "9": {
    "loss_main": 0.41948455572128296,
    "auc": 0.7652059157954196,
    "acc": 0.7223949291453026,
    "rmse": 0.438926720581489
  },
  "10": {
    "loss_main": 0.4152766168117523,
    "auc": 0.7652525743454408,
    "acc": 0.7291170414631192,
    "rmse": 0.43238917557086043
  },
  "11": {
    "loss_main": 0.41225698590278625,
    "auc": 0.7645602965748264,
    "acc": 0.7267148451693649,
    "rmse": 0.4328501054973194
  },
  "12": {
    "loss_main": 0.40911874175071716,
    "auc": 0.7636985486486566,
    "acc": 0.726432233840688,
    "rmse": 0.4363609540673562
  }
}