{
  "auc": 0.7662402787524392,
  "acc": 0.7312568129516734,
  "rmse": 0.42720736082799676
}