{
  "auc": [
    0.7125730364734375
  ],
  "acc": [
    0.7005851822749737
  ],
  "rmse": [
    0.4441947796634212
  ]
}