{
  "auc": 0.7274759513198192,
  "acc": 0.6827284105131415,
  "rmse": 0.47192261247236567,
  "doa_all": 0.7819723984067347
}