{
  "auc": 0.89868311915556,
  "acc": 0.832089552238806,
  "rmse": 0.3633744520177341,
  "doa_all": 0.920305639945737
}