{
  "1": {
    "loss_main": 0.6333727240562439,
    "auc": 0.8487950887266731,
    "acc": 0.7803171641791045,
    "rmse": 0.39698920972030666
  },
  "2": {
    "loss_main": 0.4066730737686157,
    "auc": 0.8807052756046374,
    "acc": 0.8166977611940298,
    "rmse": 0.3696491634003398
  },
  "3": {
    "loss_main": 0.3647441565990448,
    "auc": 0.8852674889937038,
    "acc": 0.8190298507462687,
    "rmse": 0.36511891625940807
  },
  "4": {
    "loss_main": 0.3286067247390747,
    "auc": 0.8892520081854556,
    "acc": 0.8190298507462687,
    "rmse": 0.36969555917760133
  },
  "5": {
    "loss_main": 0.2945791780948639,
    "auc": 0.8850458359331026,
    "acc": 0.8152985074626866,
    "rmse": 0.36747892462056
  },
  "6": {
    "loss_main": 0.2641160190105438,
    "auc": 0.8822001247889278,
    "acc": 0.8185634328358209,
    "rmse": 0.3704935540656575
  },
  "7": {
    "loss_main": 0.23360005021095276,
    "auc": 0.8773756801214728,
    "acc": 0.8148320895522388,
    "rmse": 0.37945232172145255
  },
  "8": {
    "loss_main": 0.20533870160579681,
    "auc": 0.8731088587049003,
    "acc": 0.8143656716417911,
    "rmse": 0.3861451181275287
  },
  "9": {
    "loss_main": 0.18685609102249146,
    "auc": 0.8717610510194732,
    "acc": 0.8129664179104478,
    "rmse": 0.3904884671976057
  },
  "10": {
    "loss_main": 0.17320720851421356,
    "auc": 0.8675204090982472,
    "acc": 0.7947761194029851,
    "rmse": 0.4067116095509272
  },
  "11": {
    "loss_main": 0.15605410933494568,
    "auc": 0.8627937012134196,
    "acc": 0.8059701492537313,
    "rmse": 0.40396480467899926
  },
  "12": {
    "loss_main": 0.1473870575428009,
    "auc": 0.8625580857553001,
    "acc": 0.7901119402985075,
    "rmse": 0.41243794075540136
  },
  "13": {
    "loss_main": 0.1384076029062271,
    "auc": 0.8622347689877699,
    "acc": 0.7952425373134329,
    "rmse": 0.41192203258981225
  },
  "14": {
    "loss_main": 0.1299019157886505,
    "auc": 0.8615767910047255,
    "acc": 0.7938432835820896,
    "rmse": 0.4148723132686389
  }
}