{
  "1": {
    "loss_main": 0.6454962491989136,
    "auc": 0.8242593907993148,
    "acc": 0.7397388059701493,
    "rmse": 0.42033782584882523
  },
  "2": {
    "loss_main": 0.4271586239337921,
    "auc": 0.8811508516831711,
    "acc": 0.8208955223880597,
    "rmse": 0.36600144561367437
  },
  "3": {
    "loss_main": 0.36398953199386597,
    "auc": 0.8920145127369462,
    "acc": 0.835820895522388,
    "rmse": 0.3553794077849114
  },
  "4": {
    "loss_main": 0.32067736983299255,
    "auc": 0.8938216409699299,
    "acc": 0.832089552238806,
    "rmse": 0.3549138443458362
  },
  "5": {
    "loss_main": 0.28882309794425964,
    "auc": 0.8888981740692767,
    "acc": 0.8236940298507462,
    "rmse": 0.3666374672656796
  },
  "6": {
    "loss_main": 0.2547539174556732,
    "auc": 0.8831042215072633,
    "acc": 0.8180970149253731,
    "rmse": 0.37189998382502676
  },
  "7": {
    "loss_main": 0.22100524604320526,
    "auc": 0.8736298555690191,
    "acc": 0.8190298507462687,
    "rmse": 0.3848836301521762
  },
  "8": {
    "loss_main": 0.19671137630939484,
    "auc": 0.8698937311104611,
    "acc": 0.8097014925373134,
    "rmse": 0.39267118499198567
  },
  "9": {
    "loss_main": 0.1809437870979309,
    "auc": 0.8653289043022884,
    "acc": 0.8078358208955224,
    "rmse": 0.3988988299936716
  },
  "10": {
    "loss_main": 0.16507813334465027,
    "auc": 0.8612010612961183,
    "acc": 0.8031716417910447,
    "rmse": 0.40576674989594846
  },
  "11": {
    "loss_main": 0.15409556031227112,
    "auc": 0.8600154598253459,
    "acc": 0.7975746268656716,
    "rmse": 0.407691854411276
  },
  "12": {
    "loss_main": 0.1429370939731598,
    "auc": 0.8574614548949149,
    "acc": 0.7957089552238806,
    "rmse": 0.4167952954906791
  },
  "13": {
    "loss_main": 0.13477136194705963,
    "auc": 0.8570993328597891,
    "acc": 0.7975746268656716,
    "rmse": 0.4186289377434537
  },
  "14": {
    "loss_main": 0.13217587769031525,
    "auc": 0.853843716486302,
    "acc": 0.792910447761194,
    "rmse": 0.4209806003608756
  }
}