{
  "auc": [
    0.6877725158292375
  ],
  "acc": [
    0.6954410704270492
  ],
  "rmse": [
    0.4502435025387586
  ]
}