{
  "1": {
    "loss_main": 0.6868126392364502,
    "auc": 0.7006051458022088,
    "acc": 0.6575154426904598,
    "rmse": 0.49246507719316257
  },
  "2": {
    "loss_main": 0.6713554859161377,
    "auc": 0.7097316623481844,
    "acc": 0.6699705276757237,
    "rmse": 0.4827192216412642
  },
  "3": {
    "loss_main": 0.6583631038665771,
    "auc": 0.7130405855480261,
    "acc": 0.6738261536598167,
    "rmse": 0.4787492143011991
  },
  "4": {
    "loss_main": 0.6472044587135315,
    "auc": 0.7169210525662679,
    "acc": 0.6784690540595099,
    "rmse": 0.47475525297781196
  },
  "5": {
    "loss_main": 0.638094425201416,
    "auc": 0.7188113071143868,
    "acc": 0.6809923694941257,
    "rmse": 0.4725750624862829
  },
  "6": {
    "loss_main": 0.6301036477088928,
    "auc": 0.7199703347782325,
    "acc": 0.6808914368767411,
    "rmse": 0.47189821981937813
  },
  "7": {
    "loss_main": 0.6235392689704895,
    "auc": 0.7214192955476152,
    "acc": 0.6819411360975413,
    "rmse": 0.4707924374258602
  },
  "8": {
    "loss_main": 0.6175634264945984,
    "auc": 0.7220963470366341,
    "acc": 0.6823852396140336,
    "rmse": 0.4703847987978826
  },
  "9": {
    "loss_main": 0.6125932335853577,
    "auc": 0.7226461771624956,
    "acc": 0.6816988978158182,
    "rmse": 0.4704203409142121
  },
  "10": {
    "loss_main": 0.6074026226997375,
    "auc": 0.7232586014229905,
    "acc": 0.6817998304332028,
    "rmse": 0.47010906610260983
  },
  "11": {
    "loss_main": 0.6040205955505371,
    "auc": 0.7232595069035956,
    "acc": 0.6816988978158182,
    "rmse": 0.47031898177233294
  },
  "12": {
    "loss_main": 0.6012058258056641,
    "auc": 0.7243498233091537,
    "acc": 0.6821430013323105,
    "rmse": 0.4700018538022513
  },
  "13": {
    "loss_main": 0.5983250737190247,
    "auc": 0.7247808418902455,
    "acc": 0.6824659857079414,
    "rmse": 0.46995213855886314
  },
  "14": {
    "loss_main": 0.5955907702445984,
    "auc": 0.7250049327282596,
    "acc": 0.6819007630505874,
    "rmse": 0.47015001715664423
  },
  "15": {
    "loss_main": 0.5920959115028381,
    "auc": 0.7254940903009883,
    "acc": 0.6817796439097259,
    "rmse": 0.47010851140053417
  },
  "16": {
    "loss_main": 0.5911822319030762,
    "auc": 0.7259111921358351,
    "acc": 0.6817998304332028,
    "rmse": 0.4700729774065188
  },
  "17": {
    "loss_main": 0.5895188450813293,
    "auc": 0.7260909875763297,
    "acc": 0.6817998304332028,
    "rmse": 0.4702687772280239
  },
  "18": {
    "loss_main": 0.5881726741790771,
    "auc": 0.7267743917031699,
    "acc": 0.6822641204731721,
    "rmse": 0.4701964472799543
  },
  "19": {
    "loss_main": 0.5867354273796082,
    "auc": 0.7267407015799684,
    "acc": 0.6819007630505874,
    "rmse": 0.4704308731557033
  },
  "20": {
    "loss_main": 0.5851482152938843,
    "auc": 0.7271956462594122,
    "acc": 0.6820622552384028,
    "rmse": 0.47043804761526065
  },
  "21": {
    "loss_main": 0.5835159420967102,
    "auc": 0.7271241953647326,
    "acc": 0.6818200169566797,
    "rmse": 0.4707187634161455
  },
  "22": {
    "loss_main": 0.5834915041923523,
    "auc": 0.7269494590183377,
    "acc": 0.6816585247688643,
    "rmse": 0.47105880215451035
  },
  "23": {
    "loss_main": 0.5824813842773438,
    "auc": 0.7274086982629369,
    "acc": 0.6819613226210182,
    "rmse": 0.4709243412875304
  },
  "24": {
    "loss_main": 0.5818644165992737,
    "auc": 0.7271109218219518,
    "acc": 0.6812547942993258,
    "rmse": 0.47147391749354384
  },
  "25": {
    "loss_main": 0.5808750987052917,
    "auc": 0.7270685239192569,
    "acc": 0.6809923694941257,
    "rmse": 0.4717054340293777
  },
  "26": {
    "loss_main": 0.5795554518699646,
    "auc": 0.7275600972963978,
    "acc": 0.6812749808228027,
    "rmse": 0.47165975271870614
  },
  "27": {
    "loss_main": 0.5796292424201965,
    "auc": 0.7275831304035325,
    "acc": 0.6810125560176027,
    "rmse": 0.47192333870678355
  },
  "28": {
    "loss_main": 0.5790566205978394,
    "auc": 0.7286804738738452,
    "acc": 0.6819613226210182,
    "rmse": 0.4713794866544107
  },
  "29": {
    "loss_main": 0.5787292718887329,
    "auc": 0.7283747327719321,
    "acc": 0.681174048205418,
    "rmse": 0.4718210391586863
  },
  "30": {
    "loss_main": 0.5779472589492798,
    "auc": 0.7287155868951404,
    "acc": 0.6810327425410796,
    "rmse": 0.4718270713263056
  },
  "31": {
    "loss_main": 0.5764937996864319,
    "auc": 0.7289801255071768,
    "acc": 0.6812346077758489,
    "rmse": 0.47186463641476545
  },
  "32": {
    "loss_main": 0.5776039361953735,
    "auc": 0.7285031201086373,
    "acc": 0.6806491985950179,
    "rmse": 0.4723082120134617
  },
  "33": {
    "loss_main": 0.5768179297447205,
    "auc": 0.7284822806732345,
    "acc": 0.6802454681254795,
    "rmse": 0.47248313823262944
  },
  "34": {
    "loss_main": 0.5766206383705139,
    "auc": 0.7292529383385353,
    "acc": 0.6808914368767411,
    "rmse": 0.4721591479198445
  },
  "35": {
    "loss_main": 0.5770266652107239,
    "auc": 0.7296206312637168,
    "acc": 0.6811134886349873,
    "rmse": 0.4721289917441548
  },
  "36": {
    "loss_main": 0.5757120847702026,
    "auc": 0.7298144442576568,
    "acc": 0.681194234728895,
    "rmse": 0.4722191547157038
  },
  "37": {
    "loss_main": 0.5750095844268799,
    "auc": 0.7294323724788871,
    "acc": 0.6806491985950179,
    "rmse": 0.47263859487300164
  },
  "38": {
    "loss_main": 0.5758500099182129,
    "auc": 0.730112938838432,
    "acc": 0.6811336751584642,
    "rmse": 0.47234414570369415
  },
  "39": {
    "loss_main": 0.5757167339324951,
    "auc": 0.7300924776530553,
    "acc": 0.6810327425410796,
    "rmse": 0.47254931603768574
  },
  "40": {
    "loss_main": 0.5751581788063049,
    "auc": 0.7303448712276958,
    "acc": 0.6813557269167104,
    "rmse": 0.47247426020938105
  },
  "41": {
    "loss_main": 0.5755239725112915,
    "auc": 0.7305518756912976,
    "acc": 0.6812951673462796,
    "rmse": 0.4725197366346563
  },
  "42": {
    "loss_main": 0.5737974047660828,
    "auc": 0.7301816706149993,
    "acc": 0.6809923694941257,
    "rmse": 0.4728654603361413
  },
  "43": {
    "loss_main": 0.5751677751541138,
    "auc": 0.7303645277396678,
    "acc": 0.680911623400218,
    "rmse": 0.472819371094733
  },
  "44": {
    "loss_main": 0.5749395489692688,
    "auc": 0.7304177030918105,
    "acc": 0.6810529290645565,
    "rmse": 0.4729139082851993
  },
  "45": {
    "loss_main": 0.5742931962013245,
    "auc": 0.7308638828974174,
    "acc": 0.681194234728895,
    "rmse": 0.47277609826828226
  },
  "46": {
    "loss_main": 0.5745214819908142,
    "auc": 0.7306212265846529,
    "acc": 0.6808510638297872,
    "rmse": 0.4730824684719539
  },
  "47": {
    "loss_main": 0.5741189122200012,
    "auc": 0.7307288797536512,
    "acc": 0.6808308773063103,
    "rmse": 0.473156514522891
  },
  "48": {
    "loss_main": 0.5745058059692383,
    "auc": 0.7303528947671656,
    "acc": 0.6802050950785256,
    "rmse": 0.4735203402973153
  },
  "49": {
    "loss_main": 0.5742368698120117,
    "auc": 0.7306919539869476,
    "acc": 0.6806491985950179,
    "rmse": 0.4733749474222473
  },
  "50": {
    "loss_main": 0.5746974349021912,
    "auc": 0.7305482278980029,
    "acc": 0.6803867737898179,
    "rmse": 0.47357163181590306
  },
  "51": {
    "loss_main": 0.5739649534225464,
    "auc": 0.7309309223619572,
    "acc": 0.6805280794541564,
    "rmse": 0.4734435814444861
  },
  "52": {
    "loss_main": 0.5740843415260315,
    "auc": 0.7309818674663044,
    "acc": 0.6804675198837257,
    "rmse": 0.47356417443718374
  },
  "53": {
    "loss_main": 0.5735201835632324,
    "auc": 0.7306219233140643,
    "acc": 0.6800637894141871,
    "rmse": 0.4737795730207877
  },
  "54": {
    "loss_main": 0.5739843845367432,
    "auc": 0.7307586285829482,
    "acc": 0.6801445355080948,
    "rmse": 0.47386478367174467
  },
  "55": {
    "loss_main": 0.574032187461853,
    "auc": 0.7304458193797211,
    "acc": 0.6798619241794178,
    "rmse": 0.47412453521516656
  },