{
  "1": {
    "loss_main": 0.6047213077545166,
    "auc": 0.867401827289001,
    "acc": 0.7971082089552238,
    "rmse": 0.3831286001114086
  },
  "2": {
    "loss_main": 0.4029562771320343,
    "auc": 0.8880112335209387,
    "acc": 0.8111007462686567,
    "rmse": 0.36480093547534836
  },
  "3": {
    "loss_main": 0.34961584210395813,
    "auc": 0.8935157289465767,
    "acc": 0.8260261194029851,
    "rmse": 0.3583051055871828
  },
  "4": {
    "loss_main": 0.3223182260990143,
    "auc": 0.8966547648178894,
    "acc": 0.8334888059701493,
    "rmse": 0.35250471798465177
  },
  "5": {
    "loss_main": 0.2867021858692169,
    "auc": 0.8948076540201848,
    "acc": 0.832089552238806,
    "rmse": 0.3557950712324693
  },
  "6": {
    "loss_main": 0.251962810754776,
    "auc": 0.8946576749383202,
    "acc": 0.8194962686567164,
    "rmse": 0.36957270448203133
  },
  "7": {
    "loss_main": 0.22066190838813782,
    "auc": 0.8921974917533433,
    "acc": 0.824160447761194,
    "rmse": 0.3708123796772404
  },
  "8": {
    "loss_main": 0.19371382892131805,
    "auc": 0.8857584775456757,
    "acc": 0.8194962686567164,
    "rmse": 0.37456383771449026
  },
  "9": {
    "loss_main": 0.1738610863685608,
    "auc": 0.8832053248713556,
    "acc": 0.8194962686567164,
    "rmse": 0.38191050706230484
  },
  "10": {
    "loss_main": 0.1628798246383667,
    "auc": 0.8843832307599204,
    "acc": 0.8125,
    "rmse": 0.3887823513344413
  },
  "11": {
    "loss_main": 0.15021486580371857,
    "auc": 0.881619581128597,
    "acc": 0.8185634328358209,
    "rmse": 0.3862361015362408
  },
  "12": {
    "loss_main": 0.14488479495048523,
    "auc": 0.8782397893627119,
    "acc": 0.8083022388059702,
    "rmse": 0.39783040712841494
  },
  "13": {
    "loss_main": 0.1359017789363861,
    "auc": 0.8756309427018512,
    "acc": 0.8129664179104478,
    "rmse": 0.39629733555009
  },
  "14": {
    "loss_main": 0.13199792802333832,
    "auc": 0.8738653994749856,
    "acc": 0.8101679104477612,
    "rmse": 0.3985624491425509
  }
}