{
  "1": {
    "loss_main": 0.6561638116836548,
    "auc": 0.6238119815680832,
    "acc": 0.646998263958981,
    "rmse": 0.47451919515230695
  },
  "2": {
    "loss_main": 0.6313151121139526,
    "auc": 0.6727932876078653,
    "acc": 0.648633372360612,
    "rmse": 0.46591092873737355
  },
  "3": {
    "loss_main": 0.6153295040130615,
    "auc": 0.6912274364470059,
    "acc": 0.6524082522507973,
    "rmse": 0.4594830502703619
  },
  "4": {
    "loss_main": 0.6019550561904907,
    "auc": 0.7047920702779557,
    "acc": 0.6713230247486778,
    "rmse": 0.45414884587710014
  },
  "5": {
    "loss_main": 0.590287983417511,
    "auc": 0.7158278091835028,
    "acc": 0.6885623157979732,
    "rmse": 0.4496796772576646
  },
  "6": {
    "loss_main": 0.579963207244873,
    "auc": 0.724150393659165,
    "acc": 0.6988776292946829,
    "rmse": 0.44598117617155
  },
  "7": {
    "loss_main": 0.5712657570838928,
    "auc": 0.7301428491376695,
    "acc": 0.7079817513827769,
    "rmse": 0.4429761263655364
  },
  "8": {
    "loss_main": 0.5636425018310547,
    "auc": 0.7344659168598557,
    "acc": 0.713189874439824,
    "rmse": 0.44059471202128153
  },
  "9": {
    "loss_main": 0.5568711757659912,
    "auc": 0.7384202282747115,
    "acc": 0.7179942670273326,
    "rmse": 0.4385785874102673
  },
  "10": {
    "loss_main": 0.5505715012550354,
    "auc": 0.7419720718486567,
    "acc": 0.7211433646897332,
    "rmse": 0.43686805793256495
  },
  "11": {
    "loss_main": 0.5443392992019653,
    "auc": 0.7454714635628441,
    "acc": 0.7235051879365336,
    "rmse": 0.4352753823716246
  },
  "12": {
    "loss_main": 0.5380997657775879,
    "auc": 0.749265385369325,
    "acc": 0.7262303686059187,
    "rmse": 0.4337540579339429
  },
  "13": {
    "loss_main": 0.5315495133399963,
    "auc": 0.7531873082335929,
    "acc": 0.728087528765796,
    "rmse": 0.4322811914423385
  },
  "14": {
    "loss_main": 0.5245808362960815,
    "auc": 0.7570933909859169,
    "acc": 0.7296620775969962,
    "rmse": 0.43084794182362723
  },
  "15": {
    "loss_main": 0.5173367261886597,
    "auc": 0.7605964715299582,
    "acc": 0.7314586781864427,
    "rmse": 0.4295243907337764
  },
  "16": {
    "loss_main": 0.5100802183151245,
    "auc": 0.7635269983993975,
    "acc": 0.7325689369776737,
    "rmse": 0.42837012088758697
  },
  "17": {
    "loss_main": 0.5028184652328491,
    "auc": 0.7657838066621238,
    "acc": 0.7332956518228431,
    "rmse": 0.4273594471560854
  },
  "18": {
    "loss_main": 0.4957389831542969,
    "auc": 0.7673759743187645,
    "acc": 0.7334369574871815,
    "rmse": 0.4265381620960649
  },
  "19": {
    "loss_main": 0.4890373945236206,
    "auc": 0.7684773554296864,
    "acc": 0.7347490815131817,
    "rmse": 0.42585059135026887
  },
  "20": {
    "loss_main": 0.48258912563323975,
    "auc": 0.7690459936812584,
    "acc": 0.7339819936210585,
    "rmse": 0.42533497652171903
  },
  "21": {
    "loss_main": 0.47646206617355347,
    "auc": 0.7692514887131522,
    "acc": 0.7335378901045662,
    "rmse": 0.42497688398887795
  },
  "22": {
    "loss_main": 0.47071197628974915,
    "auc": 0.7692731426350499,
    "acc": 0.7339416205741047,
    "rmse": 0.42471277404537394
  },
  "23": {
    "loss_main": 0.4652000367641449,
    "auc": 0.7691054949082488,
    "acc": 0.7332552787758893,
    "rmse": 0.4245650569244081
  },
  "24": {
    "loss_main": 0.4601832628250122,
    "auc": 0.7688616788666306,
    "acc": 0.7330937865880738,
    "rmse": 0.4244910825527361
  },
  "25": {
    "loss_main": 0.45540815591812134,
    "auc": 0.7684800335112394,
    "acc": 0.732750615688966,
    "rmse": 0.4245117756150486
  },
  "26": {
    "loss_main": 0.450896680355072,
    "auc": 0.7680638773014581,
    "acc": 0.7322459526020428,
    "rmse": 0.4245949764670578
  },
  "27": {
    "loss_main": 0.4466187655925751,
    "auc": 0.7676268272382276,
    "acc": 0.7321853930316121,
    "rmse": 0.42474491093434424
  },
  "28": {
    "loss_main": 0.44260311126708984,
    "auc": 0.767192755893953,
    "acc": 0.7318422221325044,
    "rmse": 0.4249372078285385
  },
  "29": {
    "loss_main": 0.43877312541007996,
    "auc": 0.7666699296084016,
    "acc": 0.731398118616012,
    "rmse": 0.42520801208062803
  },
  "30": {
    "loss_main": 0.4351162612438202,
    "auc": 0.7662609878041896,
    "acc": 0.7311962533812427,
    "rmse": 0.4254719021638736
  },
  "31": {
    "loss_main": 0.431720107793808,
    "auc": 0.7658492002037904,
    "acc": 0.7312164399047196,
    "rmse": 0.42575955116906317
  },
  "32": {
    "loss_main": 0.4284575879573822,
    "auc": 0.7653709351612958,
    "acc": 0.7309136420525657,
    "rmse": 0.4261313932302347
  }
}