{
  "1": {
    "loss_main": 0.8764656782150269,
    "auc": 0.7345524052275132,
    "acc": 0.6917492917847026,
    "rmse": 0.45965776758360344
  },
  "2": {
    "loss_main": 0.5861468315124512,
    "auc": 0.7392007705083825,
    "acc": 0.7081798866855524,
    "rmse": 0.4428759388516666
  },
  "3": {
    "loss_main": 0.5630467534065247,
    "auc": 0.755647987791759,
    "acc": 0.7179886685552408,
    "rmse": 0.44167088703022483
  },
  "4": {
    "loss_main": 0.5252661108970642,
    "auc": 0.7587616225260997,
    "acc": 0.7183073654390935,
    "rmse": 0.43665513136541667
  },
  "5": {
    "loss_main": 0.49630773067474365,
    "auc": 0.7474840826899808,
    "acc": 0.7116501416430595,
    "rmse": 0.44302099817941004
  },
  "6": {
    "loss_main": 0.4652974605560303,
    "auc": 0.7402141546555969,
    "acc": 0.6930949008498584,
    "rmse": 0.4545066421367563
  },
  "7": {
    "loss_main": 0.4285396933555603,
    "auc": 0.7331380034165093,
    "acc": 0.7029390934844193,
    "rmse": 0.4625911146059365
  },
  "8": {
    "loss_main": 0.3797389566898346,
    "auc": 0.7286358100971291,
    "acc": 0.684985835694051,
    "rmse": 0.48987841506297164
  },
  "9": {
    "loss_main": 0.32375386357307434,
    "auc": 0.7284097516524444,
    "acc": 0.6900495750708215,
    "rmse": 0.47831885515569667
  },
  "10": {
    "loss_main": 0.26673564314842224,
    "auc": 0.7156786633375831,
    "acc": 0.6918201133144476,
    "rmse": 0.4997240437498051
  },
  "11": {
    "loss_main": 0.21526040136814117,
    "auc": 0.7072865931495089,
    "acc": 0.6893767705382436,
    "rmse": 0.5041109009579441
  },
  "12": {
    "loss_main": 0.17691731452941895,
    "auc": 0.7019300276250235,
    "acc": 0.6773371104815864,
    "rmse": 0.5050367345762924
  },
  "13": {
    "loss_main": 0.15054145455360413,
    "auc": 0.7107024888222123,
    "acc": 0.6765934844192635,
    "rmse": 0.5119121273488855
  },
  "14": {
    "loss_main": 0.12624099850654602,
    "auc": 0.7070953732904682,
    "acc": 0.6843484419263456,
    "rmse": 0.5163609714250782
  }
}