{
  "auc": 0.7236673958584505,
  "acc": 0.6779845774960637,
  "rmse": 0.47506792185183333,
  "doa_all": 0.7836806184268358
}