{
  "auc": 0.8945852539611168,
  "acc": 0.8302238805970149,
  "rmse": 0.35664113557576366,
  "doa_all": 0.8531826695646546
}