{
  "1": {
    "loss_main": 0.6293753385543823,
    "auc": 0.8688066089640892,
    "acc": 0.7887126865671642,
    "rmse": 0.38794358229075104
  },
  "2": {
    "loss_main": 0.4110337495803833,
    "auc": 0.8911884266214976,
    "acc": 0.8171641791044776,
    "rmse": 0.36260355013026285
  },
  "3": {
    "loss_main": 0.36981481313705444,
    "auc": 0.8929653024141212,
    "acc": 0.8222947761194029,
    "rmse": 0.35904547884232346
  },
  "4": {
    "loss_main": 0.33858001232147217,
    "auc": 0.896302297877101,
    "acc": 0.8148320895522388,
    "rmse": 0.36431049855654796
  },
  "5": {
    "loss_main": 0.30885666608810425,
    "auc": 0.8958198407017305,
    "acc": 0.8330223880597015,
    "rmse": 0.3552400041632947
  },
  "6": {
    "loss_main": 0.2829647958278656,
    "auc": 0.8953373835263598,
    "acc": 0.8334888059701493,
    "rmse": 0.35641107264111077
  },
  "7": {
    "loss_main": 0.2521267235279083,
    "auc": 0.8930474599765938,
    "acc": 0.8381529850746269,
    "rmse": 0.36021011181479273
  },
  "8": {
    "loss_main": 0.22691932320594788,
    "auc": 0.8881791873917859,
    "acc": 0.8264925373134329,
    "rmse": 0.36698583381191696
  },
  "9": {
    "loss_main": 0.20688162744045258,
    "auc": 0.8857065943680117,
    "acc": 0.8269589552238806,
    "rmse": 0.37307974785371384
  },
  "10": {
    "loss_main": 0.18881060183048248,
    "auc": 0.8826466621742212,
    "acc": 0.820429104477612,
    "rmse": 0.3785697583363491
  },
  "11": {
    "loss_main": 0.17597238719463348,
    "auc": 0.8796164465455804,
    "acc": 0.8171641791044776,
    "rmse": 0.3871596741549156
  },
  "12": {
    "loss_main": 0.16051512956619263,
    "auc": 0.877701913134984,
    "acc": 0.8185634328358209,
    "rmse": 0.3898214276483971
  },
  "13": {
    "loss_main": 0.15471480786800385,
    "auc": 0.8761160099742777,
    "acc": 0.8138992537313433,
    "rmse": 0.3947721822085725
  },
  "14": {
    "loss_main": 0.14296890795230865,
    "auc": 0.8729280343453572,
    "acc": 0.8125,
    "rmse": 0.39663535564860375
  }
}