{
  "auc": 0.9157613079370728,
  "acc": 0.8460820895522388,
  "rmse": 0.3375767920692223
}