{
  "auc": [
    0.9081151359934705,
    0.8901907540965778,
    0.8960463772993847,
    0.8881987198226776,
    0.8954195410888325
  ],
  "acc": [
    0.8386194029850746,
    0.8115671641791045,
    0.8232276119402985,
    0.8101679104477612,
    0.820429104477612
  ],
  "rmse": [
    0.34610766647638397,
    0.36733535062532546,
    0.3555894164801825,
    0.3657877396859687,
    0.3585231886111788
  ]
}