{
  "auc": 0.8955941056601887,
  "acc": 0.8208022388059701,
  "rmse": 0.3586686723758079
}