{
  "1": {
    "loss_main": 0.6082106232643127,
    "auc": 0.6933492406338901,
    "acc": 0.6910250716621583,
    "rmse": 0.4508867394896956
  },
  "2": {
    "loss_main": 0.573865532875061,
    "auc": 0.7125565605129622,
    "acc": 0.6991400540998829,
    "rmse": 0.44623869229797525
  },
  "3": {
    "loss_main": 0.5525434613227844,
    "auc": 0.73039147084266,
    "acc": 0.7008760951188986,
    "rmse": 0.4412754844135973
  },
  "4": {
    "loss_main": 0.5307871103286743,
    "auc": 0.7382774883397394,
    "acc": 0.71262465178247,
    "rmse": 0.438046726847937
  },
  "5": {
    "loss_main": 0.5056506991386414,
    "auc": 0.7489389564178253,
    "acc": 0.7180346400742864,
    "rmse": 0.43400497524973924
  },
  "6": {
    "loss_main": 0.47428643703460693,
    "auc": 0.7610977000526162,
    "acc": 0.7295005854091808,
    "rmse": 0.4286188535052137
  },
  "7": {
    "loss_main": 0.4380633533000946,
    "auc": 0.7721253404439372,
    "acc": 0.7323670717429044,
    "rmse": 0.42456340733990916
  },
  "8": {
    "loss_main": 0.3984663188457489,
    "auc": 0.7833006447700499,
    "acc": 0.7400379506641366,
    "rmse": 0.4197070614707659
  },
  "9": {
    "loss_main": 0.3578944802284241,
    "auc": 0.7890989628387718,
    "acc": 0.741047276837983,
    "rmse": 0.4176289433815785
  },
  "10": {
    "loss_main": 0.31848543882369995,
    "auc": 0.7927991010674823,
    "acc": 0.7452864467681376,
    "rmse": 0.4167012398999092
  },
  "11": {
    "loss_main": 0.28115609288215637,
    "auc": 0.7943433280122711,
    "acc": 0.7433485405143526,
    "rmse": 0.4173709301825812
  },
  "12": {
    "loss_main": 0.24642804265022278,
    "auc": 0.7959853210027379,
    "acc": 0.7426218256691832,
    "rmse": 0.4185110655965823
  },
  "13": {
    "loss_main": 0.214763805270195,
    "auc": 0.7962516119251246,
    "acc": 0.7450845815333683,
    "rmse": 0.42008417231226186
  },
  "14": {
    "loss_main": 0.186545267701149,
    "auc": 0.7942553111037786,
    "acc": 0.7438733901247527,
    "rmse": 0.4233014750445264
  },
  "15": {
    "loss_main": 0.16154055297374725,
    "auc": 0.7935146549187125,
    "acc": 0.7426621987161371,
    "rmse": 0.426911769305456
  },
  "16": {
    "loss_main": 0.13964444398880005,
    "auc": 0.7920885234498319,
    "acc": 0.7406031733214906,
    "rmse": 0.4306113628226819
  },
  "17": {
    "loss_main": 0.12018243223428726,
    "auc": 0.7904444293829648,
    "acc": 0.7386652670677056,
    "rmse": 0.43480907267647706
  },
  "18": {
    "loss_main": 0.10345452278852463,
    "auc": 0.788892950335762,
    "acc": 0.7384634018329364,
    "rmse": 0.4379283477025016
  },
  "19": {
    "loss_main": 0.0887388214468956,
    "auc": 0.7858678034120197,
    "acc": 0.7369292260486899,
    "rmse": 0.44256354002391984
  },
  "20": {
    "loss_main": 0.07618710398674011,
    "auc": 0.785878683349237,
    "acc": 0.7362832572974283,
    "rmse": 0.4449480640182361
  },
  "21": {
    "loss_main": 0.06521444767713547,
    "auc": 0.7847163529023571,
    "acc": 0.7351931850296742,
    "rmse": 0.4487814723802468
  },
  "22": {
    "loss_main": 0.05606059357523918,
    "auc": 0.7819800486921781,
    "acc": 0.732770802212443,
    "rmse": 0.45278972521070504
  },
  "23": {
    "loss_main": 0.04813838005065918,
    "auc": 0.7809398446487652,
    "acc": 0.7315999838507812,
    "rmse": 0.4560695212849535
  }
}