{
  "auc": 0.8950409548141969,
  "acc": 0.8297574626865671,
  "rmse": 0.3724598885067839,
  "doa_all": 0.9215029414643144
}