{
  "auc": 0.7707604587012757,
  "acc": 0.7311558803342888,
  "rmse": 0.4260858093965446,
  "doa_all": 0.739510679209645
}