{
  "auc": 0.8534901740112875,
  "acc": 0.7705223880597015,
  "rmse": 0.403109978240713,
  "doa_all": 0.9326412092160226
}