{
  "auc": 0.7538523982974263,
  "acc": 0.7254229076668416,
  "rmse": 0.4338434548522961,
  "doa_all": 0.7788233928494874
}