{
  "auc": [
    0.7414046639184892
  ],
  "acc": [
    0.7176030272326875
  ],
  "rmse": [
    0.4341644792385729
  ]
}