{
  "auc": 0.8495329979603814,
  "acc": 0.7607276119402985,
  "rmse": 0.4068409766051325,
  "doa_all": 0.9204478032162962
}