{
  "auc": 0.853750883994618,
  "acc": 0.7649253731343284,
  "rmse": 0.406164178586411,
  "doa_all": 0.9210029721077013
}