{
  "auc": 0.8511619870561913,
  "acc": 0.7541977611940298,
  "rmse": 0.4096943206859486,
  "doa_all": 0.9334615252140078
}