{
  "1": {
    "loss_main": 0.6929298043251038,
    "auc": 0.649543807024122,
    "acc": 0.5727611940298507,
    "rmse": 0.5472113528627155
  },
  "2": {
    "loss_main": 0.6878256797790527,
    "auc": 0.7307058645641323,
    "acc": 0.6520522388059702,
    "rmse": 0.4983294115688335
  },
  "3": {
    "loss_main": 0.658957839012146,
    "auc": 0.7902561130907588,
    "acc": 0.7210820895522388,
    "rmse": 0.45220424563094824
  },
  "4": {
    "loss_main": 0.6780722141265869,
    "auc": 0.8021794478487392,
    "acc": 0.7271455223880597,
    "rmse": 0.4461348953913223
  },
  "5": {
    "loss_main": 0.6757742166519165,
    "auc": 0.8073850908496578,
    "acc": 0.7280783582089553,
    "rmse": 0.44406104335237284
  },
  "6": {
    "loss_main": 0.6725021004676819,
    "auc": 0.8110411023796851,
    "acc": 0.7318097014925373,
    "rmse": 0.44032018953949986
  },
  "7": {
    "loss_main": 0.6383020877838135,
    "auc": 0.8214143686584632,
    "acc": 0.738339552238806,
    "rmse": 0.43418987638021694
  },
  "8": {
    "loss_main": 0.6672719120979309,
    "auc": 0.8221682079949796,
    "acc": 0.7378731343283582,
    "rmse": 0.4335558075670841
  },
  "9": {
    "loss_main": 0.6656432747840881,
    "auc": 0.8238467569176231,
    "acc": 0.738339552238806,
    "rmse": 0.4323766827766997
  },
  "10": {
    "loss_main": 0.6628757119178772,
    "auc": 0.8228215354199606,
    "acc": 0.7374067164179104,
    "rmse": 0.43236208728963693
  },
  "11": {
    "loss_main": 0.6274094581604004,
    "auc": 0.8270478427958743,
    "acc": 0.7406716417910447,
    "rmse": 0.4289489988830921
  },
  "12": {
    "loss_main": 0.6606616973876953,
    "auc": 0.8268450709395591,
    "acc": 0.7406716417910447,
    "rmse": 0.42839226142338943
  },
  "13": {
    "loss_main": 0.6595666408538818,
    "auc": 0.8268450709395591,
    "acc": 0.7406716417910447,
    "rmse": 0.4278768885540441
  },
  "14": {
    "loss_main": 0.6386129856109619,
    "auc": 0.8273419493891934,
    "acc": 0.7397388059701493,
    "rmse": 0.4279081609927462
  },
  "15": {
    "loss_main": 0.6356252431869507,
    "auc": 0.8300951017486451,
    "acc": 0.7434701492537313,
    "rmse": 0.42517957259602895
  },
  "16": {
    "loss_main": 0.656557559967041,
    "auc": 0.8299963378703537,
    "acc": 0.7434701492537313,
    "rmse": 0.424822190899727
  },
  "17": {
    "loss_main": 0.6556691527366638,
    "auc": 0.8300837395325584,
    "acc": 0.7434701492537313,
    "rmse": 0.4245245349564961
  },
  "18": {
    "loss_main": 0.6130357980728149,
    "auc": 0.8303555587020154,
    "acc": 0.7448694029850746,
    "rmse": 0.42350165806595497
  },
  "19": {
    "loss_main": 0.6528711915016174,
    "auc": 0.8315756859063946,
    "acc": 0.7453358208955224,
    "rmse": 0.4228711553179514
  },
  "20": {
    "loss_main": 0.6539527177810669,
    "auc": 0.8316613395353554,
    "acc": 0.7453358208955224,
    "rmse": 0.4226816906561531
  },
  "21": {
    "loss_main": 0.6528615355491638,
    "auc": 0.8316613395353554,
    "acc": 0.7453358208955224,
    "rmse": 0.42252277163360386
  },
  "22": {
    "loss_main": 0.607194185256958,
    "auc": 0.8349930908986027,
    "acc": 0.7495335820895522,
    "rmse": 0.4194239836225799
  },
  "23": {
    "loss_main": 0.6519773602485657,
    "auc": 0.8349467680176341,
    "acc": 0.7495335820895522,
    "rmse": 0.41927943210985325
  },
  "24": {
    "loss_main": 0.6521459817886353,
    "auc": 0.8353103589324062,
    "acc": 0.7495335820895522,
    "rmse": 0.4191575302028253
  },
  "25": {
    "loss_main": 0.6494149565696716,
    "auc": 0.8359422729501469,
    "acc": 0.75,
    "rmse": 0.4186828609277311
  },
  "26": {
    "loss_main": 0.6061612963676453,
    "auc": 0.8376824400446448,
    "acc": 0.7532649253731343,
    "rmse": 0.41675523372949635
  },
  "27": {
    "loss_main": 0.6509689688682556,
    "auc": 0.8376824400446448,
    "acc": 0.7532649253731343,
    "rmse": 0.41667275623004185
  },
  "28": {
    "loss_main": 0.6508269906044006,
    "auc": 0.8376824400446448,
    "acc": 0.7532649253731343,
    "rmse": 0.41657786813877345
  },
  "29": {
    "loss_main": 0.6103654503822327,
    "auc": 0.839759103538631,
    "acc": 0.7560634328358209,
    "rmse": 0.4144682425744863
  },
  "30": {
    "loss_main": 0.6385194063186646,
    "auc": 0.8368390140043683,
    "acc": 0.7523320895522388,
    "rmse": 0.417136281330484
  },
  "31": {
    "loss_main": 0.650145411491394,
    "auc": 0.8368390140043683,
    "acc": 0.7523320895522388,
    "rmse": 0.41706556259784655
  },
  "32": {
    "loss_main": 0.6496506929397583,
    "auc": 0.8368390140043683,
    "acc": 0.7523320895522388,
    "rmse": 0.41702734912864486
  },
  "33": {
    "loss_main": 0.5978806614875793,
    "auc": 0.8389602523460791,
    "acc": 0.7555970149253731,
    "rmse": 0.4150821977527195
  },
  "34": {
    "loss_main": 0.6478474140167236,
    "auc": 0.8389602523460791,
    "acc": 0.7555970149253731,
    "rmse": 0.4150798283920216
  },
  "35": {
    "loss_main": 0.6494752168655396,
    "auc": 0.8389602523460791,
    "acc": 0.7555970149253731,
    "rmse": 0.41502344438674815
  },
  "36": {
    "loss_main": 0.6481581330299377,
    "auc": 0.8388641105176537,
    "acc": 0.7551305970149254,
    "rmse": 0.41520814929440647
  },
  "37": {
    "loss_main": 0.5943120718002319,
    "auc": 0.8403141040936317,
    "acc": 0.757929104477612,
    "rmse": 0.4134857551515059
  },
  "38": {
    "loss_main": 0.6484124064445496,
    "auc": 0.8403141040936317,
    "acc": 0.757929104477612,
    "rmse": 0.413469591834297
  },
  "39": {
    "loss_main": 0.6489010453224182,
    "auc": 0.8403141040936317,
    "acc": 0.757929104477612,
    "rmse": 0.41344436354357134
  },
  "40": {
    "loss_main": 0.6435020565986633,
    "auc": 0.8403141040936317,
    "acc": 0.757929104477612,
    "rmse": 0.4134333527141459
  },
  "41": {
    "loss_main": 0.5943290591239929,
    "auc": 0.8401860606585017,
    "acc": 0.7574626865671642,
    "rmse": 0.41389661741010436
  },
  "42": {
    "loss_main": 0.6483515501022339,
    "auc": 0.8401860606585017,
    "acc": 0.7574626865671642,
    "rmse": 0.4138856006106949
  },
  "43": {
    "loss_main": 0.6483060717582703,
    "auc": 0.8401860606585017,
    "acc": 0.7574626865671642,
    "rmse": 0.41388392646354927
  },
  "44": {
    "loss_main": 0.5953071713447571,
    "auc": 0.8395279261420994,
    "acc": 0.7574626865671642,
    "rmse": 0.41413929065258387
  },
  "45": {
    "loss_main": 0.6396394371986389,
    "auc": 0.8414345934030973,
    "acc": 0.7583955223880597,
    "rmse": 0.4130758911065483
  },
  "46": {
    "loss_main": 0.6481693983078003,
    "auc": 0.8414345934030973,
    "acc": 0.7583955223880597,
    "rmse": 0.41304715743324893
  },
  "47": {
    "loss_main": 0.6475034356117249,
    "auc": 0.8414345934030973,
    "acc": 0.7583955223880597,
    "rmse": 0.4130646179325007
  },
  "48": {
    "loss_main": 0.5868970155715942,
    "auc": 0.8421255035428263,
    "acc": 0.7597947761194029,
    "rmse": 0.41243311744392835
  },
  "49": {
    "loss_main": 0.646091103553772,
    "auc": 0.8421255035428263,
    "acc": 0.7597947761194029,
    "rmse": 0.41242655981762844
  },
  "50": {
    "loss_main": 0.6479347944259644,
    "auc": 0.8421255035428263,
    "acc": 0.7597947761194029,
    "rmse": 0.41242321773656604
  },
  "51": {
    "loss_main": 0.6458296179771423,
    "auc": 0.8406339941773012,
    "acc": 0.7583955223880597,
    "rmse": 0.4135000979897361
  },
  "52": {
    "loss_main": 0.5819107890129089,
    "auc": 0.8388837758916499,
    "acc": 0.7565298507462687,
    "rmse": 0.4153902789292572
  },
  "53": {
    "loss_main": 0.6470721364021301,
    "auc": 0.8407095966151084,
    "acc": 0.757929104477612,
    "rmse": 0.4140380276339679
  },
  "54": {
    "loss_main": 0.6476231813430786,
    "auc": 0.8407288249807935,
    "acc": 0.757929104477612,
    "rmse": 0.41403437464938103
  },
  "55": {
    "loss_main": 0.6351777911186218,
    "auc": 0.8401773204922812,
    "acc": 0.7574626865671642,
    "rmse": 0.4145216105951145
  },