{
  "1": {
    "loss_main": 0.6865808367729187,
    "auc": 0.6949387621889473,
    "acc": 0.6543057854576285,
    "rmse": 0.49450025175066986
  },
  "2": {
    "loss_main": 0.6711844205856323,
    "auc": 0.7067781217080056,
    "acc": 0.6697484759174774,
    "rmse": 0.4831988760808401
  },
  "3": {
    "loss_main": 0.6582424640655518,
    "auc": 0.7102190844846195,
    "acc": 0.6733618636198474,
    "rmse": 0.47942286532188827
  },
  "4": {
    "loss_main": 0.6471947431564331,
    "auc": 0.7121420172420925,
    "acc": 0.6750575315919093,
    "rmse": 0.47733854987126184
  },
  "5": {
    "loss_main": 0.6375694274902344,
    "auc": 0.7134337528191791,
    "acc": 0.6760466712422787,
    "rmse": 0.47607158953600903
  },
  "6": {
    "loss_main": 0.6296295523643494,
    "auc": 0.7145406047646892,
    "acc": 0.6770761839396019,
    "rmse": 0.4750605193283653
  },
  "7": {
    "loss_main": 0.6227883100509644,
    "auc": 0.7151983963127657,
    "acc": 0.6772982356978481,
    "rmse": 0.4746023577889568
  },
  "8": {
    "loss_main": 0.6171444058418274,
    "auc": 0.715522911267851,
    "acc": 0.676510961282248,
    "rmse": 0.4747042306057373
  },
  "9": {
    "loss_main": 0.6118220090866089,
    "auc": 0.7163371060112053,
    "acc": 0.6765513343292018,
    "rmse": 0.4745068380478132
  },
  "10": {
    "loss_main": 0.6066051125526428,
    "auc": 0.7164349966178458,
    "acc": 0.6759861116718479,
    "rmse": 0.4747638686415823
  },
  "11": {
    "loss_main": 0.6034852862358093,
    "auc": 0.7175140635092601,
    "acc": 0.6764705882352942,
    "rmse": 0.4743831864757574
  },
  "12": {
    "loss_main": 0.6002921462059021,
    "auc": 0.7175296615900992,
    "acc": 0.675945738624894,
    "rmse": 0.47470492119429053
  },
  "13": {
    "loss_main": 0.5971985459327698,
    "auc": 0.7191338976607116,
    "acc": 0.6774799144091405,
    "rmse": 0.47398228287883526
  },
  "14": {
    "loss_main": 0.5949429273605347,
    "auc": 0.7194517495737965,
    "acc": 0.6773991683152327,
    "rmse": 0.47415849280840433
  },
  "15": {
    "loss_main": 0.5918669104576111,
    "auc": 0.7198179545593234,
    "acc": 0.677338608744802,
    "rmse": 0.47431151536976807
  },
  "16": {
    "loss_main": 0.5905866026878357,
    "auc": 0.7200521418561482,
    "acc": 0.6772982356978481,
    "rmse": 0.47444715199949905
  },
  "17": {
    "loss_main": 0.5889187455177307,
    "auc": 0.7199607586752861,
    "acc": 0.6766118938996326,
    "rmse": 0.47487493236267136
  },
  "18": {
    "loss_main": 0.587349534034729,
    "auc": 0.7198839927484478,
    "acc": 0.6763696556179095,
    "rmse": 0.4752821216242925
  },
  "19": {
    "loss_main": 0.5859269499778748,
    "auc": 0.7207136201748283,
    "acc": 0.6769146917517865,
    "rmse": 0.47509616643783786
  },
  "20": {
    "loss_main": 0.5840222835540771,
    "auc": 0.7205901418151437,
    "acc": 0.676510961282248,
    "rmse": 0.4755382788119188
  },
  "21": {
    "loss_main": 0.5821030139923096,
    "auc": 0.7202242765175982,
    "acc": 0.6758851790544632,
    "rmse": 0.4760195969766962
  },
  "22": {
    "loss_main": 0.582130491733551,
    "auc": 0.7203048563757244,
    "acc": 0.6754612620614477,
    "rmse": 0.4764011610240385
  },
  "23": {
    "loss_main": 0.5816489458084106,
    "auc": 0.7202381094658641,
    "acc": 0.6752392103032016,
    "rmse": 0.47662381262422493
  },
  "24": {
    "loss_main": 0.5807098746299744,
    "auc": 0.7203992860775917,
    "acc": 0.6751382776858169,
    "rmse": 0.4767230185658645
  },
  "25": {
    "loss_main": 0.5802709460258484,
    "auc": 0.7203564542686998,
    "acc": 0.67485566635714,
    "rmse": 0.4769877584444051
  },
  "26": {
    "loss_main": 0.5782341361045837,
    "auc": 0.7207924295649679,
    "acc": 0.6752997698736324,
    "rmse": 0.4769783082104425
  },
  "27": {
    "loss_main": 0.5786243081092834,
    "auc": 0.7207795427633307,
    "acc": 0.6749162259275707,
    "rmse": 0.47725631674817043
  },
  "28": {
    "loss_main": 0.578540027141571,
    "auc": 0.7207720909693947,
    "acc": 0.6747345472162785,
    "rmse": 0.4774449417566989
  },
  "29": {
    "loss_main": 0.577382504940033,
    "auc": 0.7209780228065159,
    "acc": 0.6744923089345553,
    "rmse": 0.47759486771422627
  },
  "30": {
    "loss_main": 0.5774940252304077,
    "auc": 0.7206550044348667,
    "acc": 0.6739674593241552,
    "rmse": 0.47797054463773214
  },
  "31": {
    "loss_main": 0.5755362510681152,
    "auc": 0.7209841914335486,
    "acc": 0.6742298841293553,
    "rmse": 0.47795932118249423
  },
  "32": {
    "loss_main": 0.576071560382843,
    "auc": 0.7207737289412837,
    "acc": 0.674028018894586,
    "rmse": 0.4782199491081866
  },
  "33": {
    "loss_main": 0.5755019783973694,
    "auc": 0.7213042682139877,
    "acc": 0.6743711897936937,
    "rmse": 0.47804088787650595
  },
  "34": {
    "loss_main": 0.5759593844413757,
    "auc": 0.7223245023919653,
    "acc": 0.6754814485849248,
    "rmse": 0.47750944892162395
  },
  "35": {
    "loss_main": 0.5751179456710815,
    "auc": 0.7221547562172113,
    "acc": 0.6754410755379708,
    "rmse": 0.47779360425072803
  },
  "36": {
    "loss_main": 0.5751069188117981,
    "auc": 0.7223138760271044,
    "acc": 0.6753401429205862,
    "rmse": 0.47787488740904227
  },
  "37": {
    "loss_main": 0.5741875171661377,
    "auc": 0.7219575842395248,
    "acc": 0.6749565989745246,
    "rmse": 0.47822904763635365
  },
  "38": {
    "loss_main": 0.5743914842605591,
    "auc": 0.7224787918743334,
    "acc": 0.6754410755379708,
    "rmse": 0.4780813621104451
  },
  "39": {
    "loss_main": 0.5744615197181702,
    "auc": 0.7224996497834697,
    "acc": 0.6753805159675401,
    "rmse": 0.47822209911847585
  },
  "40": {
    "loss_main": 0.5745362639427185,
    "auc": 0.7220487468899697,
    "acc": 0.6746538011223707,
    "rmse": 0.47866758152558625
  },
  "41": {
    "loss_main": 0.5742666721343994,
    "auc": 0.7222601350764457,
    "acc": 0.6750171585449554,
    "rmse": 0.4786834422526126
  },
  "42": {
    "loss_main": 0.5734497904777527,
    "auc": 0.722621186052706,
    "acc": 0.6749969720214785,
    "rmse": 0.4785739318201646
  },
  "43": {
    "loss_main": 0.5734226703643799,
    "auc": 0.7229740249386325,
    "acc": 0.6749565989745246,
    "rmse": 0.478440041314171
  },
  "44": {
    "loss_main": 0.5736398100852966,
    "auc": 0.723274693263887,
    "acc": 0.6750373450684323,
    "rmse": 0.4784206685420066
  },
  "45": {
    "loss_main": 0.5736750960350037,
    "auc": 0.7232340276328028,
    "acc": 0.6748960394040938,
    "rmse": 0.47856871641260845
  },
  "46": {
    "loss_main": 0.5733414888381958,
    "auc": 0.7229314919128864,
    "acc": 0.6742500706528322,
    "rmse": 0.47899670454516285
  },
  "47": {
    "loss_main": 0.5729877352714539,
    "auc": 0.7231308434069138,
    "acc": 0.6744317493641245,
    "rmse": 0.479027097181463
  },
  "48": {
    "loss_main": 0.5726454257965088,
    "auc": 0.7227949862523473,
    "acc": 0.6738867132302475,
    "rmse": 0.4793194150715608
  },
  "49": {
    "loss_main": 0.5734785199165344,
    "auc": 0.7227793570482637,
    "acc": 0.6737857806128629,
    "rmse": 0.47943427208092426
  },
  "50": {
    "loss_main": 0.5731810927391052,
    "auc": 0.7232634008615968,
    "acc": 0.6742500706528322,
    "rmse": 0.47926217834190443
  },
  "51": {
    "loss_main": 0.5727961659431458,
    "auc": 0.7232280964316629,
    "acc": 0.6741895110824014,
    "rmse": 0.47939548177619057
  },
  "52": {
    "loss_main": 0.5723108649253845,
    "auc": 0.7232443089742691,
    "acc": 0.6742096976058783,
    "rmse": 0.4794786532914008
  },
  "53": {
    "loss_main": 0.5726997256278992,
    "auc": 0.7231894671499953,
    "acc": 0.6745124954580323,
    "rmse": 0.4796011154226658
  },
  "54": {
    "loss_main": 0.5732672810554504,
    "auc": 0.722938735625703,
    "acc": 0.674310630223263,
    "rmse": 0.47983433156783606
  }
}