{
  "1": {
    "loss_main": 3.022477865219116,
    "auc": 0.38098589758095147,
    "acc": 0.5443097014925373,
    "rmse": 0.5001464867584875
  },
  "2": {
    "loss_main": 0.6958144307136536,
    "auc": 0.3969810351012446,
    "acc": 0.5443097014925373,
    "rmse": 0.49804624669652464
  },
  "3": {
    "loss_main": 0.6933291554450989,
    "auc": 0.4093047548631375,
    "acc": 0.5443097014925373,
    "rmse": 0.4980433295628631
  },
  "4": {
    "loss_main": 0.6922945380210876,
    "auc": 0.41833244310661927,
    "acc": 0.5443097014925373,
    "rmse": 0.4980780498247174
  },
  "5": {
    "loss_main": 0.692988932132721,
    "auc": 0.4354791743958519,
    "acc": 0.5443097014925373,
    "rmse": 0.4981298340164407
  },
  "6": {
    "loss_main": 0.6921107769012451,
    "auc": 0.46874164042032734,
    "acc": 0.5443097014925373,
    "rmse": 0.49803676220967724
  },
  "7": {
    "loss_main": 0.6936109066009521,
    "auc": 0.5127433980699183,
    "acc": 0.5443097014925373,
    "rmse": 0.49989198471636553
  },
  "8": {
    "loss_main": 0.6940687894821167,
    "auc": 0.5776501347619061,
    "acc": 0.5443097014925373,
    "rmse": 0.49805538693802415
  },
  "9": {
    "loss_main": 0.6941743493080139,
    "auc": 0.6597535957704144,
    "acc": 0.5443097014925373,
    "rmse": 0.4989519161324044
  },
  "10": {
    "loss_main": 0.692520797252655,
    "auc": 0.7011631711015744,
    "acc": 0.5443097014925373,
    "rmse": 0.5009507438446258
  },
  "11": {
    "loss_main": 0.692132830619812,
    "auc": 0.7282721094163183,
    "acc": 0.5443097014925373,
    "rmse": 0.49760300547582964
  },
  "12": {
    "loss_main": 0.6913341879844666,
    "auc": 0.7363560696359016,
    "acc": 0.5443097014925373,
    "rmse": 0.4976989428354341
  },
  "13": {
    "loss_main": 0.6893700957298279,
    "auc": 0.7403550732836385,
    "acc": 0.5443097014925373,
    "rmse": 0.4953570565480872
  },
  "14": {
    "loss_main": 0.6865102648735046,
    "auc": 0.7456297761978813,
    "acc": 0.5443097014925373,
    "rmse": 0.4929337067398261
  },
  "15": {
    "loss_main": 0.6801647543907166,
    "auc": 0.7558814165392721,
    "acc": 0.7047574626865671,
    "rmse": 0.49293675991431807
  },
  "16": {
    "loss_main": 0.6756578087806702,
    "auc": 0.768889689946753,
    "acc": 0.5443097014925373,
    "rmse": 0.48562803012192224
  },
  "17": {
    "loss_main": 0.6631296873092651,
    "auc": 0.7833977541728829,
    "acc": 0.5443097014925373,
    "rmse": 0.4803921398089949
  },
  "18": {
    "loss_main": 0.6455826163291931,
    "auc": 0.7974935951915477,
    "acc": 0.710820895522388,
    "rmse": 0.469212018249575
  },
  "19": {
    "loss_main": 0.624346137046814,
    "auc": 0.8124143211604697,
    "acc": 0.7467350746268657,
    "rmse": 0.4580921998193255
  },
  "20": {
    "loss_main": 0.5979479551315308,
    "auc": 0.8280590689544178,
    "acc": 0.7705223880597015,
    "rmse": 0.4450124097551037
  },
  "21": {
    "loss_main": 0.568524181842804,
    "auc": 0.844496250084418,
    "acc": 0.7742537313432836,
    "rmse": 0.43115915226123697
  },
  "22": {
    "loss_main": 0.5336369276046753,
    "auc": 0.86077643556732,
    "acc": 0.7831156716417911,
    "rmse": 0.41541784616658084
  },
  "23": {
    "loss_main": 0.4970255494117737,
    "auc": 0.8739816113366645,
    "acc": 0.792910447761194,
    "rmse": 0.39978167118672636
  },
  "24": {
    "loss_main": 0.46063587069511414,
    "auc": 0.8834487119778908,
    "acc": 0.8022388059701493,
    "rmse": 0.3927532393821515
  },
  "25": {
    "loss_main": 0.4310062527656555,
    "auc": 0.8885436154080265,
    "acc": 0.8017723880597015,
    "rmse": 0.37911847650215
  },
  "26": {
    "loss_main": 0.40672868490219116,
    "auc": 0.8912362223163612,
    "acc": 0.8064365671641791,
    "rmse": 0.3717069678986877
  },
  "27": {
    "loss_main": 0.38736143708229065,
    "auc": 0.8929789617062183,
    "acc": 0.8143656716417911,
    "rmse": 0.3713653975612446
  },
  "28": {
    "loss_main": 0.3728988468647003,
    "auc": 0.8935016958161098,
    "acc": 0.8120335820895522,
    "rmse": 0.3656182337403828
  },
  "29": {
    "loss_main": 0.3626697063446045,
    "auc": 0.8943252651603855,
    "acc": 0.8166977611940298,
    "rmse": 0.3647356350993861
  },
  "30": {
    "loss_main": 0.3509789705276489,
    "auc": 0.8947146845308418,
    "acc": 0.8180970149253731,
    "rmse": 0.36297530961072416
  },
  "31": {
    "loss_main": 0.34616369009017944,
    "auc": 0.8951514657166237,
    "acc": 0.8157649253731343,
    "rmse": 0.3617512467948766
  },
  "32": {
    "loss_main": 0.33438053727149963,
    "auc": 0.8956180673046479,
    "acc": 0.820429104477612,
    "rmse": 0.3612427894242257
  },
  "33": {
    "loss_main": 0.33285751938819885,
    "auc": 0.8958434744627722,
    "acc": 0.8176305970149254,
    "rmse": 0.36064935800280246
  },
  "34": {
    "loss_main": 0.32379385828971863,
    "auc": 0.8962074587842572,
    "acc": 0.8111007462686567,
    "rmse": 0.3627817760604684
  },
  "35": {
    "loss_main": 0.31871935725212097,
    "auc": 0.8965205730077997,
    "acc": 0.8278917910447762,
    "rmse": 0.360599050331981
  },
  "36": {
    "loss_main": 0.313571959733963,
    "auc": 0.8966573960298521,
    "acc": 0.8218283582089553,
    "rmse": 0.3597869792155037
  },
  "37": {
    "loss_main": 0.3103010356426239,
    "auc": 0.8971161039819885,
    "acc": 0.816231343283582,
    "rmse": 0.3602217980768238
  },
  "38": {
    "loss_main": 0.3036653399467468,
    "auc": 0.8973625608358132,
    "acc": 0.8246268656716418,
    "rmse": 0.35889280145382046
  },
  "39": {
    "loss_main": 0.30027177929878235,
    "auc": 0.8976177883961798,
    "acc": 0.8199626865671642,
    "rmse": 0.35987011347875303
  },
  "40": {
    "loss_main": 0.2935313284397125,
    "auc": 0.8975949845591712,
    "acc": 0.8232276119402985,
    "rmse": 0.35901489045095836
  },
  "41": {
    "loss_main": 0.2894931435585022,
    "auc": 0.897812936616735,
    "acc": 0.8199626865671642,
    "rmse": 0.3599735748341223
  },
  "42": {
    "loss_main": 0.28811800479888916,
    "auc": 0.8977818006085116,
    "acc": 0.8260261194029851,
    "rmse": 0.359501961381732
  },
  "43": {
    "loss_main": 0.28189530968666077,
    "auc": 0.8978344248477624,
    "acc": 0.8208955223880597,
    "rmse": 0.3606054760558384
  },
  "44": {
    "loss_main": 0.27647843956947327,
    "auc": 0.8979835268589732,
    "acc": 0.824160447761194,
    "rmse": 0.35995505002651224
  },
  "45": {
    "loss_main": 0.27436327934265137,
    "auc": 0.8979028363587884,
    "acc": 0.8302238805970149,
    "rmse": 0.35894461443753584
  },
  "46": {
    "loss_main": 0.2690110206604004,
    "auc": 0.8978931885815925,
    "acc": 0.8227611940298507,
    "rmse": 0.36217366854544775
  },
  "47": {
    "loss_main": 0.2639407813549042,
    "auc": 0.8976971632903831,
    "acc": 0.8288246268656716,
    "rmse": 0.35981348487701986
  },
  "48": {
    "loss_main": 0.25786271691322327,
    "auc": 0.89762831324403,
    "acc": 0.8227611940298507,
    "rmse": 0.3623258270923837
  },
  "49": {
    "loss_main": 0.25374722480773926,
    "auc": 0.8974450054773062,
    "acc": 0.8260261194029851,
    "rmse": 0.3606731768051099
  },
  "50": {
    "loss_main": 0.24887219071388245,
    "auc": 0.8971525024141369,
    "acc": 0.8250932835820896,
    "rmse": 0.36201245225781126
  },
  "51": {
    "loss_main": 0.24685709178447723,
    "auc": 0.8968893812178826,
    "acc": 0.8218283582089553,
    "rmse": 0.36407314661527773
  },
  "52": {
    "loss_main": 0.24418583512306213,
    "auc": 0.8966521336059269,
    "acc": 0.8260261194029851,
    "rmse": 0.3634775308291714
  },
  "53": {
    "loss_main": 0.24095945060253143,
    "auc": 0.8964030455401396,
    "acc": 0.8250932835820896,
    "rmse": 0.3625316885547733
  },
  "54": {
    "loss_main": 0.23603741824626923,
    "auc": 0.8962837639311709,
    "acc": 0.8311567164179104,
    "rmse": 0.36274661439305533
  }
}