{
  "auc": 0.7559539705754441,
  "acc": 0.7213250346353467,
  "rmse": 0.4292455828277783
}