{
  "auc": [
    0.5763695895198169
  ],
  "acc": [
    0.6033787556088583
  ],
  "rmse": [
    0.5022905751705243
  ]
}