{
  "auc": 0.7650904322679309,
  "acc": 0.7267148451693649,
  "rmse": 0.42757888476044453,
  "doa_all": 0.730839314784776
}